name,city,state,type,established_year,nirf_ranking,naac_grade,courses_offered,faculty_count,student_faculty_ratio,avg_annual_fee,hostel_fee,scholarship_available,placement_rate,avg_package_lpa,highest_package_lpa,companies_visiting,campus_area_acres,has_library,has_hostel,has_sports,has_wifi,has_lab,has_hospital,acceptance_rate,entrance_exams_accepted,total_intake
Shri Ram College of Applied Sciences and Research Guwahati,Guwahati,Assam,Private,1905,174,,224,,,329704,158566,True,66.6,9.3,38.45,596,1593.6,True,True,True,True,True,True,75.6,CLAT,7840
Indira Deemed University Mangalore,Mangalore,Karnataka,Deemed,1919,40,A+,138,720,7.5,488792,112739,False,93.2,16.41,95.4,297,1527.1,True,True,False,False,True,True,74.2,CAT,5390
Bharati Institute of Information Technology Naharlagun,Naharlagun,Arunachal Pradesh,Private,1861,,B+,27,794,3.4,796301,39063,True,76.6,11.49,60.88,448,2443.4,True,True,True,True,True,False,23.5,WBJEE,2668
Autonomous College of Veterinary Science Mapusa,Mapusa,Goa,Autonomous,1867,,B++,79,1289,5.9,68336,46318,True,55.7,6.57,29.67,562,1876.9,True,True,False,True,True,False,59.2,GATE,7629
Jamia Millia Islamia,New Delhi,Delhi,Government,1920,150,A++,160,345,5.8,20100,55923,True,81.4,13.04,59.94,537,351.2,True,False,True,True,True,True,79.2,JMI Entrance,2000
Chanakya Deemed University Delhi,Delhi,Delhi,Deemed,1936,,B,19,1443,0.2,144199,148470,False,31.2,2.46,7.26,245,1220.2,True,False,False,False,True,True,53.3,NATA,269
Government College of Nursing Pune,Pune,Maharashtra,Government,2007,190,,161,,,31228,53920,True,34.0,4.11,19.64,47,692.9,False,False,True,True,False,False,71.8,BITSAT,6233
Government Polytechnic Margao,Margao,Goa,Government,1962,450,B,185,1377,2.1,18498,136202,False,33.5,3.19,12.71,126,237.8,False,True,True,True,False,False,35.0,COMEDK,2874
Darbhanga Autonomous College of Management,Darbhanga,Bihar,Autonomous,1876,469,B++,34,1416,0.9,114241,170364,False,35.8,3.2,11.65,59,884.5,True,False,True,True,True,False,58.6,AP EAMCET,1223
Acharya University Amravati,Amravati,Maharashtra,Private,1973,,B++,155,1457,1.6,382971,146817,True,78.2,11.2,38.81,413,1060.0,True,True,False,False,True,False,60.1,CLAT,2295
District Fine Arts College Patna,Patna,Bihar,Government,1917,249,A,236,1085,0.3,65895,102101,True,73.7,14.77,58.16,504,2317.6,True,False,False,True,True,False,19.2,VITEEE,282
Academy of Commerce Agartala,Agartala,Tripura,Deemed,1918,,B++,10,272,27.7,256110,42228,True,49.2,5.65,35.64,141,2016.0,True,True,True,False,True,True,10.0,NEET UG,7542
Excel Institute of Physical Education Imphal,Imphal,Manipur,Private,1873,,,167,1253,0.5,2014987,27617,True,89.5,28.96,107.74,193,530.6,False,True,True,True,False,False,33.5,KCET,579
Deemed Institute of Computer Science Muzaffarpur,Muzaffarpur,Bihar,Deemed,1866,494,B+,216,1429,2.0,207461,151452,True,40.8,2.49,13.82,555,2248.8,True,True,True,True,True,True,39.0,WBJEE,2888
Academy of Law Anand,Anand,Gujarat,Deemed,1934,450,A,110,780,6.8,187507,164592,True,28.4,5.91,29.91,487,755.5,True,True,False,False,False,True,64.1,CLAT,5266
Academy of Social Work Imphal,Imphal,Manipur,Deemed,1943,71,B+,145,286,18.6,1439422,53089,True,76.9,21.65,133.16,312,317.5,False,False,True,False,False,False,30.2,TS EAMCET,5321
Aryabhatta Foundation Fashion Design College Durg,Durg,Chhattisgarh,Private,1995,332,A,138,249,29.3,129286,54568,False,41.4,5.24,14.15,177,2350.4,True,True,False,True,False,False,20.7,JEE Advanced,7295
Government College of Applied Sciences Bikaner,Bikaner,Rajasthan,Government,1914,,A+,34,134,56.7,33601,153956,True,67.1,5.01,33.55,497,137.9,True,True,False,True,True,True,51.3,UPSEE,7604
Government College of Science Surat,Surat,Gujarat,Government,1934,230,B,237,1316,2.0,41608,59479,True,87.0,8.08,18.83,333,1459.5,False,True,True,True,False,False,70.6,NEET UG,2626
Radhakrishnan Academy of Journalism Vijayawada,Vijayawada,Andhra Pradesh,Deemed,1998,,A+,87,975,1.5,592004,104425,False,,8.11,40.53,685,1177.4,True,True,True,True,True,True,37.7,WBJEE,1449
State Institute of Management Phagwara,Phagwara,Punjab,Government,1896,52,B++,22,424,5.6,131306,62708,True,,30.8,167.45,156,182.0,True,False,True,False,False,False,21.6,State Level,2370
Prime College of Medical Sciences Dharamsala,Dharamsala,Himachal Pradesh,Private,2002,166,B+,52,481,2.3,106596,90880,False,26.7,5.24,25.29,308,372.5,False,True,False,False,False,True,66.1,BITSAT,1105
Autonomous College of Physical Education Bhubaneswar,Bhubaneswar,Odisha,Autonomous,2012,,B++,118,207,13.1,123431,85869,False,48.7,2.45,16.79,150,1938.3,True,True,True,True,True,False,7.6,JEE Advanced,2719
Sapru Deemed University Nagaon,Nagaon,Assam,Deemed,1966,94,A+,109,373,4.1,348182,173215,True,93.8,13.6,71.35,195,232.7,True,False,True,False,False,False,48.1,AP EAMCET,1523
Guru Gobind Singh College of Education and Research Bardhaman,Bardhaman,West Bengal,Private,1881,363,A,66,87,52.1,226116,95377,True,52.1,2.83,17.96,482,852.9,True,True,False,True,True,True,34.0,CAT,4530
Hemvati Nandan Bahuguna Garhwal University,Srinagar,Uttarakhand,Government,1973,,A,243,1344,0.4,32134,127807,True,40.6,4.98,30.42,290,381.6,False,False,False,False,False,True,16.8,CUET,500
State Institute of Technology Karaikal,Karaikal,Puducherry,Government,1873,,A+,224,330,17.4,115638,40776,True,92.4,17.87,49.06,456,697.7,True,True,True,False,True,False,77.9,Own Entrance,5756
Autonomous College of Computer Science Itanagar,Itanagar,Arunachal Pradesh,Autonomous,1903,,B+,209,880,7.8,108367,133222,False,61.1,6.94,17.41,587,438.5,True,True,True,True,True,True,12.8,State Level,6903
Andhra University,Visakhapatnam,A.P.,Government,1926,345,A,184,924,2.2,41702,114173,True,33.8,3.13,6.75,614,986.9,False,False,True,True,True,True,27.7,Own Entrance,2000
Prime College of Fine Arts Gangtok,Gangtok,Sikkim,Private,1947,166,B,64,1282,2.7,244696,130361,False,77.1,9.05,57.33,229,2447.4,True,True,False,True,True,False,38.0,WBJEE,3515
Government Polytechnic Kochi,Kochi,Kerala,Government,1932,86,A++,199,1190,2.8,50240,143059,False,66.0,11.15,42.78,209,1075.9,False,False,True,True,True,True,47.1,CUET,3327
Sapru College of Education and Research Aligarh,Aligarh,Uttar Pradesh,Private,1923,139,B+,202,452,13.5,331465,160512,True,65.9,9.32,65.1,39,2030.1,True,True,True,True,True,True,36.7,JEE Main,6088
Chanakya Autonomous Institute Visakhapatnam,Visakhapatnam,Andhra Pradesh,Autonomous,1894,302,B+,44,1142,2.7,68806,154050,True,39.9,4.63,25.72,455,1359.5,False,True,False,False,False,True,46.0,NEET UG,3108
Swami Foundation Education College Gandhinagar,Gandhinagar,Gujarat,Private,1966,333,B+,199,297,3.0,292419,157982,False,46.4,5.36,30.69,514,1387.8,False,True,False,True,True,True,9.2,VITEEE,889
Agartala Information Technology Autonomous College,Agartala,Tripura,Autonomous,1930,93,B++,97,927,3.0,216144,124607,True,51.6,8.59,38.5,628,1552.6,False,True,True,True,True,True,30.6,University Entrance,2784
Saraswati Foundation Applied Sciences College Mandi,Mandi,Himachal Pradesh,Private,1857,23,A+,80,1193,1.1,2282138,98709,True,84.2,18.31,105.91,377,2248.0,False,False,True,True,True,True,17.9,JEE Main,1332
Sri Kalam Institute of Engineering Raipur,Raipur,Chhattisgarh,Private,1926,441,B++,212,,,286074,157539,True,50.6,4.77,10.18,612,2282.6,False,False,False,True,False,False,37.0,NATA,4222
Global Academy of Nursing Dimapur,Dimapur,Nagaland,Private,1923,,B,99,1362,4.1,203659,138976,True,56.0,7.91,24.97,700,1432.6,False,True,True,False,False,True,14.1,State Level,5543
Chanakya Institute of Pharmacy Aizawl,Aizawl,Mizoram,Private,2008,299,B++,81,547,12.7,275845,123146,True,36.5,2.99,15.81,348,,True,True,True,True,True,True,74.5,COMEDK,6945
Coimbatore Institute of Fine Arts,Coimbatore,Tamil Nadu,Private,1860,35,A,210,,,638712,142962,True,91.5,26.64,167.28,89,1798.1,True,True,False,False,False,True,39.7,AP EAMCET,2638
Government College of Ayurveda Meerut,Meerut,Uttar Pradesh,Government,1853,69,A+,210,494,1.4,60620,69420,True,83.3,11.96,30.79,209,1055.1,True,False,True,True,False,True,11.1,VITEEE,689
Amrita University Aurangabad,Aurangabad,Maharashtra,Private,1870,,B++,20,1059,3.3,486703,59042,False,80.9,5.01,17.34,274,1408.3,False,True,False,False,False,False,35.8,SRMJEEE,3487
Jorhat Hotel Management Autonomous College,Jorhat,Assam,Autonomous,1987,,A,5,603,11.9,,172049,False,48.0,2.49,5.84,575,474.7,False,False,False,False,True,False,54.9,Own Entrance,7172
Patel Institute of Physical Education Kohima,Kohima,Nagaland,Private,1972,121,B++,232,127,30.2,776153,97735,True,67.3,8.76,25.65,371,1448.5,True,True,False,False,True,True,23.3,CAT,3839
Deemed Institute of Commerce Aurangabad,Aurangabad,Maharashtra,Deemed,1875,403,A,213,189,3.6,192932,157730,True,46.6,,,76,2192.9,False,False,False,True,True,True,67.3,State Level,688
Sri Indira Institute of Arts Kohima,Kohima,Nagaland,Private,1918,,B+,176,1148,0.6,315682,41593,True,32.1,2.05,6.78,298,1515.0,True,False,True,True,True,False,44.8,WBJEE,637
Deemed Institute of Law Gandhinagar,Gandhinagar,Gujarat,Deemed,2010,72,A,10,497,9.2,667601,42282,True,87.8,17.44,115.66,404,556.6,True,True,True,False,True,True,29.9,CAT,4570
Dhanbad Management Autonomous College,Dhanbad,Jharkhand,Autonomous,1858,172,,92,1094,5.7,249386,30281,True,67.0,4.36,10.61,160,1618.9,True,True,True,False,True,False,23.8,BITSAT,6232
IISER Mohali,Mohali,Punjab,Government,2007,,A+,58,1175,0.1,137427,83850,True,98.8,30.1,91.08,610,541.4,True,True,True,True,False,True,74.1,IAT,170
State Institute of Physical Education Nellore,Nellore,Andhra Pradesh,Government,1996,12,B+,170,207,30.9,120742,40070,True,85.7,14.06,37.21,474,2031.0,False,True,True,True,False,True,40.3,University Entrance,6393
Babasaheb Foundation Science College Shillong,Shillong,Meghalaya,private,1856,345,B++,75,649,5.8,280056,117942,False,25.8,4.81,28.02,85,,True,True,True,False,True,True,72.5,WBJEE,3776
Autonomous College of Agriculture Anantnag,Anantnag,Jammu & Kashmir,Autonomous,1976,220,A++,195,1490,4.2,100138,53852,True,58.9,,,614,,True,False,False,True,False,False,55.1,CUET,6326
Anand Autonomous College of Nursing,Anand,Gujarat,Autonomous,1883,,B++,120,1043,3.1,,120475,True,,4.38,18.11,447,578.2,True,False,True,False,True,True,32.5,UPSEE,3285
Dimapur Institute of Education (Deemed),Dimapur,Nagaland,Deemed,1903,228,A,126,,,274269,102977,True,37.4,3.07,13.08,336,1987.4,False,True,False,False,False,False,14.4,CLAT,7822
Chandigarh State Law College Chandigarh,Chandigarh,Chandigarh,Government,1945,182,A+,210,340,5.8,89721,161818,True,71.2,13.19,72.81,14,2020.9,True,True,False,True,True,False,19.7,VITEEE,1985
Academy of Homeopathy Kollam,Kollam,Kerala,Deemed,2015,209,B+,93,884,7.5,216813,142768,True,37.4,4.22,12.94,144,1488.8,False,True,True,False,False,True,24.4,CAT,6592
Modern Institute of Management Namchi,Namchi,Sikkim,private,1928,71,B,91,1020,1.9,1199577,75908,False,85.4,15.22,87.72,373,54.6,False,True,False,False,False,False,44.2,KCET,1979
State Institute of Physical Education Aizawl,Aizawl,Mizoram,Government,2017,81,A+,195,409,10.0,232587,130213,True,,27.83,63.19,137,2363.2,False,True,True,False,False,False,63.3,NATA,4095
Government Polytechnic New Delhi,New Delhi,Delhi,Government,2015,135,A,17,727,8.6,73570,175101,False,87.4,6.04,17.5,550,1339.5,True,True,False,False,True,True,52.1,NEET UG,6249
Tura Institute of Management,Tura,Meghalaya,Private,1993,,B++,113,855,4.8,674840,84642,True,82.6,12.02,76.6,469,156.5,True,True,True,True,True,False,57.9,University Entrance,4094
Srinagar Institute of Computer Science (Deemed),Srinagar,Jammu & Kashmir,Deemed,1915,238,B+,132,773,6.6,203324,48855,True,35.0,3.99,23.07,134,2235.6,True,False,True,True,True,True,34.0,NEET UG,5110
Delhi Social Work Autonomous College,Delhi,New Delhi,Autonomous,1900,,A,158,390,17.0,95359,32266,True,49.7,3.15,8.25,344,1478.7,False,False,False,False,False,True,20.9,JEE Advanced,6635
Autonomous College of Physical Education Howrah,Howrah,West Bengal,Autonomous,1958,,B++,142,1412,1.1,197336,48124,True,67.5,7.47,51.11,268,370.5,True,False,False,False,False,False,83.0,NATA,1602
Global Academy of Arts Aizawl,Aizawl,Mizoram,Private,1960,,A+,108,797,4.1,241599,123704,True,64.8,4.21,11.48,320,1952.0,True,True,True,True,False,True,26.1,Own Entrance,3274
Babasaheb College of Science and Research Dharwad,Dharwad,Karnataka,Private,1942,481,A,95,545,4.7,171804,162448,True,31.2,4.03,11.13,148,1107.4,True,True,True,True,True,True,36.2,UPSEE,2545
Prime College of Dental Sciences Imphal,Imphal,Manipur,Private,1967,433,B+,217,1009,5.2,,33627,True,47.7,3.19,21.13,572,1018.3,True,True,True,False,True,False,55.6,CLAT,5252
Kalyani Institute of Education (Deemed),Kalyani,West Bengal,Deemed,2003,,B,238,160,3.1,279353,42158,True,46.5,3.07,18.88,112,1697.6,True,True,True,True,True,True,13.5,NATA,494
State Institute of Applied Sciences Bellary,Bellary,Karnataka,Government,1871,409,B++,44,1084,4.9,41848,130825,True,58.8,2.08,4.35,585,1410.4,True,True,True,True,True,True,56.2,State Level,5342
Guru Gobind Singh Academy of Architecture Agartala,Agartala,Tripura,Deemed,1991,,A,43,1177,2.2,231418,23883,True,54.1,8.7,28.69,267,1342.7,False,False,False,False,True,False,71.3,KCET,2540
Kamla Nehru University Aizawl,Aizawl,Mizoram,Private,2023,292,B+,60,1201,6.5,273040,138765,False,30.2,5.49,25.61,469,1063.4,True,False,False,True,True,True,52.3,SRMJEEE,7842
Vidyasagar Autonomous Institute Prayagraj,Prayagraj,Uttar Pradesh,Autonomous,1967,187,B,46,1374,2.4,42576,160841,True,26.7,4.26,23.08,622,226.0,True,False,True,True,True,True,58.3,WBJEE,3319
Solapur College of Law,Solapur,Maharashtra,Private,1982,213,B+,87,625,2.2,355264,153234,False,52.6,5.44,28.22,207,1302.9,True,False,True,True,True,True,64.6,AP EAMCET,1400
Jamshedpur Institute of Technology,Jamshedpur,Jharkhand,Private,1867,184,A,223,351,9.6,,129434,True,45.1,3.2,10.35,425,2191.0,True,True,True,True,True,True,67.1,CUET,3367
Grant Medical College,Mumbai,Maharashtra,Government,1845,,A+,234,1426,0.1,54226,62585,False,78.0,10.67,66.66,563,830.7,True,True,True,True,True,True,64.5,NEET UG,200
Satna Institute of Arts (Deemed),Satna,Madhya Pradesh,Deemed,1981,,B+,61,306,20.6,521464,139019,True,68.3,9.01,22.78,382,965.2,False,True,True,True,True,False,39.0,TNEA,6289
Patel Foundation Fine Arts College Sambalpur,Sambalpur,Odisha,Private,2019,,B+,137,1120,4.9,221671,83934,True,66.7,6.62,15.74,621,1224.5,True,True,True,False,True,True,50.6,TS EAMCET,5433
District Journalism College Gangtok,Gangtok,Sikkim,Government,1952,249,A+,63,281,7.8,55315,156769,False,75.0,11.41,44.72,91,1771.3,False,False,True,False,False,True,34.7,TS EAMCET,2185
New Delhi Government Ayurveda College,New Delhi,Delhi,Government,2018,307,B++,165,1323,1.2,,166918,True,54.6,5.91,24.46,488,572.3,False,False,False,False,False,False,68.3,WBJEE,1625
Pune Government Law College,Pune,maharashtra,Government,1940,407,A,112,843,6.0,,51922,False,61.7,2.77,6.15,341,147.6,True,False,True,False,True,False,34.8,UPSEE,5088
Autonomous College of Fashion Design Rajkot,Rajkot,Gujarat,Autonomous,1993,420,B++,100,517,7.5,121569,77389,True,28.1,4.35,14.42,467,1835.0,False,False,False,True,True,False,45.7,CAT,3884
Raman University Aizawl,Aizawl,Mizoram,Private,1936,45,,140,366,18.6,677810,60992,True,90.8,15.03,36.29,455,1341.3,False,True,False,True,True,True,36.7,WBJEE,6811
Autonomous College of Information Technology Delhi,Delhi,Delhi,Autonomous,2020,204,B++,225,688,2.2,55796,122607,False,73.0,3.4,9.7,40,200.8,True,False,False,True,False,True,69.1,GATE,1480
Modern Institute of Ayurveda Tezpur,Tezpur,Assam,Private,1987,,B,102,1206,2.0,248089,39887,True,57.7,2.28,7.27,45,876.7,True,True,True,False,True,True,76.2,TS EAMCET,2374
Roorkee Autonomous College of Fine Arts,Roorkee,Uttarakhand,Autonomous,1886,,B,142,1145,1.5,139941,153352,False,42.6,1.89,12.31,209,18.6,False,False,True,True,False,True,70.9,CUET,1754
Kurukshetra Institute of Applied Sciences,Kurukshetra,Haryana,Private,1901,163,B+,192,928,0.7,625367,108703,True,,5.0,22.89,558,668.9,True,True,True,True,True,True,75.8,MHT CET,659
Autonomous College of Social Work Karaikal,Karaikal,Puducherry,Autonomous,1924,,A+,231,627,7.4,478017,146267,True,77.9,16.34,93.62,172,1325.7,True,True,True,True,True,True,26.2,GATE,4628
Shimla Social Work Autonomous College,Shimla,Himachal Pradesh,Autonomous,1923,256,B+,207,607,12.9,135967,123236,True,42.4,4.07,18.14,478,2268.8,False,False,False,False,False,True,12.6,CAT,7837
State Institute of Social Work Delhi,Delhi,Delhi,Government,2010,202,A,226,198,10.8,26994,46020,True,71.4,9.64,46.19,246,2414.1,True,False,False,False,False,True,56.7,NEET UG,2142
Nagaland State Computer Science College Kohima,Kohima,Nagaland,Government,1987,,B++,202,336,9.3,44610,171699,True,50.7,5.01,14.46,46,2106.2,False,True,True,True,True,True,52.4,NATA,3114
Prime College of Fine Arts Aizawl,Aizawl,Mizoram,Private,1997,,B++,74,1288,0.9,552987,60070,True,70.0,4.88,18.61,549,,False,False,False,True,False,False,27.7,VITEEE,1165
Autonomous College of Pharmacy Kannur,Kannur,Kerala,autonomous,1948,,B,75,1172,0.6,159862,49583,True,65.9,3.06,17.12,620,1395.6,True,True,True,True,True,True,22.7,JEE Main,689
Indian Institute of Technology Jammu,Jammu,Jammu & Kashmir,Government,2016,349,,224,80,3.1,18555,130138,False,43.6,5.08,34.19,599,952.2,False,True,True,False,True,True,1.5,JEE Advanced,250
District Management College Korba,Korba,Chhattisgarh,Government,1852,374,B++,99,1349,3.2,15190,53126,True,35.0,4.27,14.25,265,1696.2,False,False,True,True,True,False,36.1,University Entrance,4267
Jadavpur University,Kolkata,West Bengal,Government,1955,35,A++,244,702,2.8,72737,125076,True,94.4,16.25,43.92,264,19.1,True,False,False,True,False,True,33.2,WBJEE,2000
Tagore Institute of Physical Education Pantnagar,Pantnagar,Uttarakhand,Private,1933,,B++,78,320,2.7,760335,79041,True,63.4,7.91,19.06,351,1822.2,True,True,True,False,True,True,19.3,CLAT,849
Excel Institute of Arts Darbhanga,Darbhanga,Bihar,Private,1874,92,B++,195,902,3.1,704108,157555,True,97.2,19.31,73.57,18,258.2,True,False,True,True,False,True,3.7,TS EAMCET,2783
Gandhi Institute of Arts Chandigarh,Chandigarh,Chandigarh,Private,2007,227,A,235,976,6.9,213818,172585,False,57.2,4.78,25.64,423,977.2,True,True,True,True,True,False,34.8,BITSAT,6750
Modern Institute of Nursing Haldwani,Haldwani,Uttarakhand,Private,1866,57,B+,192,1399,4.9,678746,153753,True,76.5,8.96,49.24,17,1449.7,True,True,False,True,True,True,11.1,KCET,6898
Indian School of Business,Hyderabad,Telangana,Private,2001,67,A++,20,1047,0.9,2025080,100612,True,81.9,20.6,65.73,155,1779.7,False,True,True,False,True,True,8.8,GMAT/GRE,900
Aurobindo Autonomous Institute Puducherry,Puducherry,Puducherry,Autonomous,1853,,B++,217,1145,5.7,118722,159221,False,37.6,2.26,13.26,659,812.5,True,True,True,True,True,True,44.2,JEE Advanced,6555
Nainital Government Management College,Nainital,Uttarakhand,Government,1991,52,A+,102,1113,6.3,298852,88439,True,85.2,12.0,28.64,352,676.3,False,False,True,False,False,False,59.2,Own Entrance,7046
Chennai Institute of Management (Deemed),Chennai,Tamil Nadu,Deemed,1883,,A++,199,798,4.8,1116037,124298,True,94.8,9.86,52.74,492,1361.0,False,False,False,True,False,False,25.9,BITSAT,3846
Deemed Institute of Computer Science Faridabad,Faridabad,Haryana,Deemed,1873,365,B,149,,,119211,97306,False,48.4,5.55,33.95,329,1037.0,False,False,True,False,True,False,47.1,BITSAT,4490
Tilak Autonomous Institute Gwalior,Gwalior,Madhya Pradesh,Autonomous,1937,88,B++,198,,,290081,151621,True,81.6,,,327,1282.8,True,True,False,False,False,False,24.2,Own Entrance,4759
Acharya Autonomous Institute Chandigarh,Chandigarh,Chandigarh,autonomous,1882,,B+,38,308,17.1,63292,92613,True,73.1,7.18,22.22,459,1246.1,False,False,False,False,True,False,72.4,JEE Advanced,5254
Jai Prakash Deemed University Hubli,Hubli,Karnataka,Deemed,1995,,B+,23,1058,6.3,561618,27053,True,77.8,13.92,82.25,325,469.9,False,True,False,False,False,True,57.7,AP EAMCET,6679
Raman Institute of Nursing Haridwar,Haridwar,Uttarakhand,Private,1966,251,B++,23,277,3.3,127502,160865,False,30.8,4.75,21.02,250,1804.1,True,True,True,True,True,True,50.8,JEE Advanced,915
Government Science College Lucknow,Lucknow,Uttar Pradesh,Government,1874,,B++,77,607,5.8,20234,168522,True,66.4,6.11,42.06,450,603.2,True,False,True,False,True,False,19.5,University Entrance,3527
Guru Gobind Singh Deemed University Naharlagun,Naharlagun,Arunachal Pradesh,Deemed,1963,,B++,88,1229,2.7,140752,160267,True,36.0,5.14,11.7,656,1128.6,False,False,False,False,False,True,83.3,GATE,3259
Amrita Vishwa Vidyapeetham,Coimbatore,Tamil Nadu,Deemed,2003,,A++,193,395,7.6,251448,97116,False,62.6,9.89,23.46,536,300.1,True,False,True,True,False,True,4.4,AEEE,3000
Excel Institute of Veterinary Science Phagwara,Phagwara,Punjab,Private,1881,12,A,145,1467,2.8,1377862,55915,True,90.8,21.6,148.57,77,1648.6,False,False,True,True,True,False,66.1,TS EAMCET,4043
Autonomous College of Architecture Silchar,Silchar,Assam,Autonomous,1858,45,B++,46,527,9.9,203754,67755,True,70.3,13.62,84.13,416,807.7,False,False,False,False,True,True,49.1,AP EAMCET,5236
Motilal Nehru National Institute of Technology,Prayagraj,Uttar Pradesh,Government,1961,118,A+,210,1394,0.5,24329,81190,True,86.2,12.88,66.01,212,1064.0,True,True,True,True,False,True,46.7,JEE Main,750
Patel Academy of Law Tura,Tura,Meghalaya,Deemed,1950,,A++,109,951,5.1,469400,140330,True,68.1,4.37,21.24,102,2383.1,True,True,False,False,True,False,66.5,Own Entrance,4853
Academy of Law Pune,Pune,Maharashtra,Deemed,1963,,B+,60,1179,0.2,82325,142274,True,26.1,,,428,148.3,False,True,True,True,True,True,79.9,BITSAT,201
Sri Radhakrishnan Institute of Science Bhavnagar,Bhavnagar,Gujarat,Private,1898,225,B++,134,241,29.8,,91955,True,78.0,8.7,55.16,361,463.3,True,True,False,True,False,False,31.4,SRMJEEE,7189
Academy of Pharmacy Dhanbad,Dhanbad,Jharkhand,Deemed,2004,446,A,16,1313,0.1,236713,124842,True,40.6,4.95,29.09,676,1468.7,True,False,True,True,True,True,59.4,NATA,131
SRM Institute of Science and Technology,Chennai,Tamil Nadu,Private,1985,,A++,203,704,6.4,1288936,130056,True,88.2,13.15,46.79,591,1491.4,True,True,True,True,True,True,75.2,SRMJEEE,4500
Visva-Bharati University,Santiniketan,West Bengal,Government,1921,324,A,19,860,1.2,42174,160326,True,,3.44,18.61,657,2492.5,False,False,False,True,False,False,55.4,Own Entrance,1000
District Hotel Management College Aizawl,Aizawl,Mizoram,Government,1984,283,B++,243,,,46122,178994,False,64.7,4.96,12.03,239,148.0,True,True,True,True,True,True,14.6,VITEEE,4738
Excel Institute of Architecture Aizawl,Aizawl,Mizoram,Private,1869,,A,195,449,6.4,211430,175107,True,52.2,4.35,26.46,217,1222.1,True,True,True,True,False,False,16.8,KCET,2865
Rani Autonomous Institute Guntur,Guntur,Andhra Pradesh,Autonomous,1882,162,A,87,586,4.2,133736,73192,True,72.3,3.64,19.04,137,2087.2,True,True,False,False,True,True,34.0,CUET,2476
Prime College of Ayurveda Agartala,Agartala,Tripura,Private,1890,,B+,75,345,6.3,377441,158869,True,60.1,10.5,66.31,39,2033.4,True,True,True,True,True,True,12.6,WBJEE,2158
Global Academy of Engineering Deoghar,Deoghar,Jharkhand,Private,1897,,B++,233,1375,0.7,779299,36735,True,58.1,11.4,73.75,243,1487.1,False,True,True,False,False,True,17.0,JEE Advanced,990
Ambedkar College of Agriculture and Research Anantnag,Anantnag,Jammu & Kashmir,Private,1884,139,A+,74,185,38.7,664979,101216,True,77.9,5.46,19.63,545,1489.2,False,True,False,False,False,True,6.3,TS EAMCET,7155
District Dental Sciences College Thiruvananthapuram,Thiruvananthapuram,Kerala,Government,1910,198,A,153,576,8.4,26087,78513,True,64.6,4.76,14.24,147,1255.0,False,True,True,True,True,False,50.7,JEE Main,4853
Rourkela Government Dental Sciences College,Rourkela,Odisha,Government,1889,264,B++,137,1158,6.2,23610,54259,True,38.1,3.3,7.33,329,539.8,True,True,True,True,True,True,50.7,MHT CET,7146
Government Polytechnic Naharlagun,Naharlagun,Arunachal Pradesh,Government,1958,,B+,15,979,3.3,31270,152043,False,70.0,12.77,27.05,177,483.7,True,True,True,True,True,True,39.1,NATA,3267
Kamla Nehru Institute of Technology Phagwara,Phagwara,Punjab,Private,1872,240,A+,176,445,12.6,438826,112013,True,78.1,4.76,12.63,400,2307.6,True,True,True,True,True,True,31.7,MHT CET,5614
Patiala College of Pharmacy,Patiala,Punjab,Private,1942,,B,22,111,64.6,287329,90398,True,71.0,7.62,23.0,313,650.5,True,True,True,True,False,False,64.0,TS EAMCET,7174
Thiruvananthapuram Engineering Autonomous College,Thiruvananthapuram,Kerala,Autonomous,1910,,B+,155,184,37.6,139021,61019,True,42.0,2.45,12.73,562,1212.7,True,True,True,False,False,False,63.6,CUET,6911
Global Academy of Nursing Gulbarga,Gulbarga,Karnataka,Private,1922,249,B++,189,1337,1.6,366206,72332,True,72.7,11.48,53.36,400,680.9,True,True,True,True,False,True,24.0,TS EAMCET,2200
Government College of Pharmacy Karaikal,Karaikal,Puducherry,Government,1911,183,B++,101,1371,2.9,74891,27385,True,84.7,10.45,42.94,429,13.7,False,False,False,True,False,False,77.8,VITEEE,4042
Bellary Government Agriculture College,Bellary,Karnataka,Government,2014,,,50,562,4.8,244982,38539,True,92.7,25.85,63.66,255,2412.7,False,True,True,True,False,False,73.7,KCET,2707
Global Academy of Pharmacy Chandigarh,Chandigarh,Chandigarh,Private,1998,,A++,174,1164,2.3,366647,65868,True,79.8,9.95,22.45,214,2364.5,False,False,False,False,False,False,60.5,NEET UG,2659
Prime College of Computer Science Durg,Durg,Chhattisgarh,Private,1892,221,B+,244,1205,0.3,325961,73648,False,64.9,5.92,39.29,688,1150.0,True,True,True,True,True,False,24.7,CAT,362
Excel Institute of Architecture Khammam,Khammam,Telangana,Private,1918,397,B++,68,1010,3.7,201282,92406,True,48.5,3.27,19.26,238,1583.4,True,True,True,True,True,False,28.5,NEET UG,3742
Berhampur University,Berhampur,Odisha,Government,1967,244,B++,101,306,2.0,44281,51926,False,54.8,2.48,15.58,682,1910.1,False,False,True,True,False,False,55.4,Own Entrance,600
New Delhi Government Agriculture College,New Delhi,Delhi,Government,2017,69,A++,166,298,3.8,297108,139298,True,88.2,30.84,215.63,450,1937.1,True,False,False,False,True,True,4.3,CAT,1143
Government Model College Dimapur,Dimapur,Nagaland,Government,2019,456,A,123,654,5.7,21521,21389,False,62.9,,,694,2181.6,True,True,True,True,True,True,36.8,AP EAMCET,3714
Narayana Institute of Fine Arts Mandi,Mandi,Himachal Pradesh,Private,1940,489,B++,179,1168,2.3,255426,40946,True,42.3,2.1,10.8,544,441.7,True,False,True,True,True,True,12.7,TS EAMCET,2731
Government College of Applied Sciences Bhubaneswar,Bhubaneswar,Odisha,Government,1907,,A+,87,,,248843,80991,True,98.3,33.95,91.27,406,1890.4,True,True,False,False,False,False,57.3,VITEEE,407
Maharashtra State Architecture College Nanded,Nanded,Maharashtra,Government,1918,,B++,153,106,7.6,23253,81461,False,41.2,4.36,9.07,235,1193.4,False,True,False,True,True,False,7.5,CLAT,808
Government Model College Durgapur,Durgapur,West Bengal,Government,1863,108,B++,58,93,31.0,97197,176499,True,86.6,10.3,50.17,190,17.6,True,True,True,True,True,False,24.0,CAT,2881
Kalam Autonomous Institute Jaipur,Jaipur,Rajasthan,Autonomous,1954,81,A,190,223,2.2,166997,167208,False,75.3,7.72,18.79,189,502.9,True,True,True,True,True,True,76.9,JEE Main,500
Tura Government Engineering College,Tura,Meghalaya,Government,1955,54,B++,196,60,116.4,80719,67353,False,88.9,13.37,92.22,223,781.6,False,False,False,False,False,True,76.5,WBJEE,6982
Academy of Arts Namchi,Namchi,Sikkim,Deemed,1900,94,B++,77,1279,1.3,1455107,157828,False,85.8,19.12,120.81,78,1163.2,True,True,False,False,True,False,2.0,CLAT,1670
Government Information Technology College Patiala,Patiala,Punjab,Government,2002,,B++,155,968,2.2,12425,63841,True,31.6,4.92,10.84,528,2322.7,True,True,False,True,False,False,24.1,CUET,2149
Government Information Technology College Kullu,Kullu,Himachal Pradesh,Government,1911,247,B++,140,1057,2.0,87870,170579,True,83.4,10.3,30.02,13,374.4,True,False,True,False,True,True,2.6,KCET,2125
Modern Institute of Architecture Madurai,Madurai,Tamil Nadu,Private,2016,422,B++,125,895,3.8,119306,125715,True,46.3,2.78,9.7,105,2177.3,True,True,True,True,True,True,70.6,SRMJEEE,3376
Punjab State Fashion Design College Ludhiana,Ludhiana,Punjab,Government,1897,17,B+,234,1073,6.1,135322,65034,True,95.7,23.8,50.07,68,985.7,False,False,False,True,False,True,15.0,NATA,6506
National Institute of Technology Srinagar,Srinagar,Jammu & Kashmir,Government,1960,201,B++,63,628,0.9,36978,161824,False,31.3,2.27,11.7,102,1086.1,True,False,True,True,False,True,9.3,JEE Main,550
Madurai Applied Sciences Autonomous College,Madurai,Tamil Nadu,Autonomous,1878,,A++,126,985,7.3,80142,122692,True,54.0,6.11,30.3,589,1585.4,True,True,False,True,False,True,18.0,University Entrance,7218
Anna University,Chennai,Tamil Nadu,Government,1978,71,A++,44,1019,3.9,80779,97342,True,90.1,17.08,115.92,475,1869.8,False,True,True,True,True,False,51.9,TNEA,4000
Miranda House Delhi,New Delhi,Delhi,Government,1948,249,A++,207,1095,1.1,68368,146998,True,82.5,13.67,83.46,172,,True,False,True,False,True,True,60.6,CUET,1200
Sri Shivaji Institute of Homeopathy Aurangabad,Aurangabad,Maharashtra,Private,1935,,B+,152,488,2.1,591456,163773,True,80.3,8.18,49.87,369,,True,True,True,True,True,True,58.8,VITEEE,1017
St Stephens College,New Delhi,Delhi,Private,1881,250,A++,48,169,7.1,235810,63146,True,72.0,10.9,62.35,158,2173.1,False,False,True,False,True,False,64.5,CUET,1200
Vivekananda Autonomous Institute Karaikal,Karaikal,Puducherry,Autonomous,1941,47,,147,174,12.0,113812,113348,True,74.0,12.72,61.02,474,556.5,False,False,False,False,True,True,56.9,VITEEE,2096
Modern Institute of Arts Panaji,Panaji,Goa,Private,1998,,B,244,1292,4.7,,29703,False,41.1,3.7,18.33,509,581.3,False,True,True,True,True,True,6.1,Own Entrance,6048
RV College of Engineering,Bangalore,Karnataka,Autonomous,1963,,A++,180,1297,1.4,73738,124014,True,55.9,3.06,9.77,179,1893.5,True,True,True,True,True,True,12.8,KCET,1800
Jai Prakash Academy of Physical Education Bhavnagar,Bhavnagar,Gujarat,Deemed,1973,457,B,85,1048,7.3,283882,131552,False,45.6,4.29,23.86,483,261.7,True,False,True,True,True,False,64.5,University Entrance,7618
Government Model College Nainital,Nainital,Uttarakhand,Government,1962,83,B+,46,310,22.7,60446,155799,False,71.4,10.36,23.53,464,1800.0,True,False,False,False,False,False,83.3,COMEDK,7024
Prime College of Fashion Design Patna,Patna,Bihar,Private,1933,,,103,482,8.4,572173,24182,True,58.1,11.95,74.81,473,2145.0,True,True,False,True,False,False,62.1,MHT CET,4058
Government Polytechnic Nashik,Nashik,Maharashtra,Government,1899,38,B++,97,694,11.2,295001,175509,True,92.2,32.37,105.92,169,1785.8,True,True,True,True,True,False,12.4,NATA,7767
Global Academy of Medical Sciences Imphal,Imphal,Manipur,Private,1993,,B++,205,300,22.1,1420394,132069,True,91.3,27.48,133.16,539,747.0,True,True,True,True,True,True,10.9,CAT,6626
Namchi Government Agriculture College,Namchi,Sikkim,Govt,1887,,B+,6,394,8.0,58482,75001,True,92.7,14.6,67.49,337,1986.3,True,True,True,True,True,True,4.6,AP EAMCET,3144
Usha Autonomous Institute Itanagar,Itanagar,Arunachal Pradesh,Autonomous,2007,269,B+,184,897,6.2,137007,160642,False,47.9,3.37,16.21,340,2414.5,True,True,True,True,False,False,65.6,NEET UG,5572
Excel Institute of Management Nashik,Nashik,Maharashtra,Private,1994,44,B+,140,420,10.6,2305857,167534,True,94.2,20.58,121.31,220,2023.7,True,False,False,False,True,False,65.8,CUET,4456
Aryabhatta Autonomous Institute Lucknow,Lucknow,Uttar Pradesh,Autonomous,1878,68,B++,202,270,17.2,126502,168728,False,90.9,15.82,101.73,13,494.9,False,True,False,True,False,True,81.6,JEE Advanced,4640
Shri Ram Foundation Medical Sciences College Imphal,Imphal,Manipur,Private,1988,166,B++,103,283,23.6,386586,24632,False,56.4,2.11,8.76,470,787.8,False,False,True,True,False,False,32.6,TNEA,6691
Bokaro Institute of Pharmacy (Deemed),Bokaro,Jharkhand,Deemed,1978,,B++,112,1017,4.6,1299483,83938,True,84.6,17.33,93.03,270,2134.5,True,True,True,True,True,False,40.5,VITEEE,4648
Nizamabad Autonomous College of Science,Nizamabad,Telangana,Autonomous,1872,,B+,76,600,7.4,89366,54230,True,49.9,3.33,16.3,392,1036.8,True,True,True,False,False,False,80.9,State Level,4412
Government Applied Sciences College Hamirpur,Hamirpur,Himachal Pradesh,Government,1997,275,A,244,1388,5.7,,69648,False,56.3,4.01,8.39,554,451.0,True,True,True,True,True,True,2.6,JEE Advanced,7902
District Education College Davangere,Davangere,Karnataka,Government,2015,,A,67,772,3.8,6962,50054,True,36.3,3.29,19.59,84,539.5,True,True,False,True,True,False,32.2,SRMJEEE,2945
PSG College of Technology,Coimbatore,Tamil Nadu,Autonomous,1951,234,A++,48,1352,1.0,121945,52812,True,63.8,6.69,16.51,616,2354.1,True,True,True,True,True,True,14.0,TNEA,1400
Government Polytechnic Indore,Indore,Madhya Pradesh,Government,1999,77,A+,118,278,14.3,190753,33391,False,89.5,26.58,79.26,95,1191.1,True,True,False,True,False,True,9.4,UPSEE,3969
Mahatma Gandhi Deemed University Kolhapur,Kolhapur,Maharashtra,Deemed,1928,,A,232,1158,4.5,1480613,148991,True,81.2,19.9,40.1,302,1354.0,True,True,True,True,True,True,34.3,KCET,5177
Excel Institute of Engineering Rajkot,Rajkot,Gujarat,Private,2020,157,B++,218,576,4.8,259971,161782,True,43.2,4.17,23.7,118,1384.2,True,False,False,False,False,False,35.9,JEE Advanced,2762
Kolkata Institute of Architecture,Kolkata,West Bengal,Private,1920,,B++,149,461,7.1,670795,107965,True,64.5,6.91,27.54,197,1823.5,True,True,False,True,False,False,1.8,JEE Advanced,3283
State Institute of Law Bilaspur,Bilaspur,Chhattisgarh,Government,1980,251,A,208,843,7.6,32319,170171,True,33.7,4.2,12.91,429,931.6,True,False,False,False,False,False,68.5,State Level,6410
Sonipat Government Engineering College,Sonipat,Haryana,Government,1995,223,A,223,1386,1.3,31996,64877,True,63.4,4.93,29.57,609,190.3,False,False,True,False,True,False,26.5,Own Entrance,1813
Government Polytechnic Tiruchirappalli,Tiruchirappalli,Tamil Nadu,Government,1932,,B+,122,571,8.1,89650,95981,True,72.1,10.89,62.81,586,1828.2,True,True,True,False,True,True,81.4,NATA,4648
Jaipur Institute of Fine Arts (Deemed),Jaipur,Rajasthan,Deemed,1916,88,B,136,1034,5.8,881254,39688,True,80.6,8.43,54.94,237,664.6,True,True,True,True,True,True,77.2,NATA,6003
Hansraj College Delhi,New Delhi,Delhi,Government,1948,,A+,195,140,10.7,67654,30166,True,74.1,13.79,75.19,496,2302.2,False,True,True,True,True,False,76.4,CUET,1500
Bose College of Hotel Management and Research Dindigul,Dindigul,Tamil Nadu,Private,1897,91,B+,116,166,18.3,621371,92256,True,70.8,6.25,29.66,458,1627.0,True,False,False,True,True,True,57.1,CLAT,3037
Sri Devi Ahilya Institute of Nursing Aizawl,Aizawl,Mizoram,Private,1947,64,B+,48,823,3.9,628650,145700,True,65.2,7.71,46.9,348,2247.6,True,True,True,True,True,True,47.6,KCET,3225
National Institute of Pharmaceutical Education and Research Mohali,Mohali,Punjab,Government,1998,,A++,152,668,0.2,88080,146476,True,69.1,10.59,46.8,362,1935.9,True,True,True,True,True,True,34.4,NIPER JEE,150
Raman Foundation Science College Agartala,Agartala,Tripura,private,1954,,B,51,,,796029,119885,True,74.3,8.58,31.95,86,1473.5,True,True,True,True,True,True,66.7,MHT CET,3580
Shillong Institute of Arts,Shillong,Meghalaya,Private,1900,,B++,163,439,9.9,337700,41694,False,55.5,4.64,22.7,20,1507.7,False,False,False,False,False,False,81.1,JEE Advanced,4364
Dibrugarh Institute of Hotel Management (Deemed),Dibrugarh,Assam,Deemed,1984,188,A,179,393,19.7,187148,126587,True,59.6,4.08,24.59,21,2125.3,True,True,True,True,True,True,1.6,State Level,7726
Swami Deemed University Jammu,Jammu,Jammu & Kashmir,Deemed,1943,223,A,122,325,9.8,171673,165751,True,67.9,5.98,16.04,686,3.7,True,True,True,True,True,False,15.5,State Level,3179
Autonomous College of Technology Panaji,Panaji,Goa,Autonomous,1973,193,A,104,484,10.8,123451,35636,True,39.6,3.06,13.04,79,674.3,False,True,True,False,True,False,82.7,State Level,5239
Sambalpur Institute of Fine Arts (Deemed),Sambalpur,Odisha,Deemed,2013,,B,59,574,4.6,575603,68119,True,57.1,4.11,8.69,664,1164.3,True,False,True,True,True,False,83.0,University Entrance,2664
Government Model College Jamshedpur,Jamshedpur,Jharkhand,Government,1987,114,,173,1088,5.3,20718,36986,True,72.6,6.24,26.15,435,2448.7,True,True,True,True,False,True,75.1,JEE Advanced,5794
Acharya Autonomous Institute Guwahati,Guwahati,Assam,Autonomous,1853,219,B+,88,795,1.2,104089,137197,True,49.3,7.35,43.57,430,948.1,False,False,True,False,True,False,44.6,TS EAMCET,936
Modern Institute of Medical Sciences Delhi,Delhi,Delhi,Private,1907,,,34,172,15.9,252345,105990,True,57.3,4.05,22.36,583,839.6,True,True,False,True,True,True,37.8,UPSEE,2727
Padmavati Academy of Computer Science Deoghar,Deoghar,Jharkhand,Deemed,1886,64,,110,85,73.2,1287879,37082,True,,12.6,44.46,470,2354.6,True,False,True,True,True,True,9.9,GATE,6219
District Fine Arts College Puducherry,Puducherry,Puducherry,Government,1940,,B+,216,1328,1.5,18069,139480,True,37.9,2.49,15.0,318,1096.0,False,False,False,False,False,False,3.1,GATE,2054
Sri Bhabha Institute of Dental Sciences Korba,Korba,Chhattisgarh,Private,1933,81,A,62,1208,1.4,1369262,116364,False,83.3,27.53,185.11,31,2370.4,True,True,True,True,True,False,78.5,KCET,1687
Dayanand Institute of Fine Arts Bhavnagar,Bhavnagar,Gujarat,Private,2023,73,B+,232,556,10.7,1072844,34172,True,94.0,26.7,125.33,358,2408.0,False,False,True,False,True,True,28.2,SRMJEEE,5961
Deemed Institute of Dental Sciences Mapusa,Mapusa,Goa,Deemed,1858,,A,228,843,8.2,220491,24852,False,71.0,4.07,18.69,532,434.1,True,True,False,True,False,False,14.8,WBJEE,6933
Government Polytechnic Itanagar,Itanagar,Arunachal Pradesh,Government,1972,274,A,79,170,42.0,49492,56067,True,,5.58,13.39,409,,True,True,True,True,True,True,70.1,JEE Advanced,7134
Prime College of Medical Sciences Tura,Tura,Meghalaya,Private,1948,204,B+,190,693,6.4,479515,55472,False,73.3,5.99,28.67,412,1990.6,False,False,False,False,False,False,30.1,KCET,4432
Chanakya Autonomous Institute Bikaner,Bikaner,Rajasthan,Autonomous,1979,435,B+,115,118,19.7,112657,154439,True,40.2,2.04,11.1,112,2331.1,True,True,True,True,True,False,67.7,TNEA,2321
Aligarh Autonomous College of Ayurveda,Aligarh,Uttar Pradesh,Autonomous,1991,,B,142,480,5.8,186007,48993,True,56.3,5.07,25.88,220,2356.3,True,True,True,True,True,True,9.2,AP EAMCET,2765
District Technology College Itanagar,Itanagar,Arunachal Pradesh,Government,1972,179,B++,177,1265,1.6,58178,106896,False,69.1,11.9,26.97,293,1939.3,False,True,True,False,False,False,81.3,WBJEE,1961
Shivaji Foundation Physical Education College Kohima,Kohima,Nagaland,Private,1914,,,168,855,3.9,543240,81149,True,79.0,9.41,21.18,608,1755.1,True,True,True,False,True,True,41.1,WBJEE,3348
Government College of Applied Sciences Pilani,Pilani,Rajasthan,Government,1900,451,B,212,,,47955,76903,True,43.3,4.85,29.89,23,225.3,False,False,False,False,False,True,5.9,NATA,2683
District Nursing College Solan,Solan,Himachal Pradesh,Government,1906,446,B++,229,365,21.0,5319,168129,False,52.2,2.84,11.48,374,2263.7,False,False,True,False,False,False,2.4,TS EAMCET,7672
Gandhi Foundation Computer Science College Solan,Solan,Himachal Pradesh,Private,1951,160,B+,200,211,29.2,200967,56508,False,44.4,3.67,25.22,70,845.2,True,True,True,True,True,True,37.4,WBJEE,6171
State Institute of Journalism Hyderabad,Hyderabad,Telangana,Government,1951,217,A++,11,1214,1.8,84248,107642,True,79.4,11.84,67.44,156,1802.4,False,False,False,True,False,False,26.6,University Entrance,2231
Indian Institute of Technology Kanpur,Kanpur,Uttar Pradesh,Government,1959,,A++,174,805,1.1,31837,63761,True,72.7,5.46,13.8,488,1766.3,True,True,True,True,True,False,48.2,JEE Advanced,900
National Institute of Design Ahmedabad,Ahmedabad,Gujarat,Government,1961,,A++,196,569,0.4,38276,144408,True,78.5,8.5,23.95,102,714.1,True,False,True,True,True,True,33.5,NID DAT,200
Meera College of Social Work and Research Junagadh,Junagadh,Gujarat,Private,1955,418,B++,180,1352,5.0,322303,153162,True,36.2,3.78,20.56,573,1051.4,False,False,False,False,True,True,6.3,JEE Main,6754
Government College of Law Jabalpur,Jabalpur,Madhya Pradesh,Government,1878,270,,212,924,3.1,19506,109463,True,63.5,4.07,24.9,615,1476.6,False,True,False,False,False,False,54.3,JEE Advanced,2837
Modern Institute of Fashion Design Durg,Durg,Chhattisgarh,Private,2010,,A,223,523,5.9,266125,56392,True,71.6,8.06,32.38,125,1293.1,False,False,False,False,False,True,3.5,SRMJEEE,3101
Ambedkar Foundation Architecture College Aizawl,Aizawl,Mizoram,Private,1879,177,B,144,510,5.5,705972,63287,False,70.3,5.53,12.97,438,2030.4,True,True,True,False,True,True,7.0,Own Entrance,2812
VJTI Mumbai,Mumbai,Maharashtra,Government,1887,190,A+,87,,,81265,143021,True,84.6,13.69,32.5,256,828.6,True,True,True,False,True,True,24.4,MHT CET,800
Namchi Autonomous College of Agriculture,Namchi,Sikkim,Autonomous,1896,,B,25,1271,3.7,138360,82448,False,37.5,2.31,6.12,539,2314.3,False,False,False,False,True,True,21.0,KCET,4658
Padmavati Autonomous Institute Rewa,Rewa,Madhya Pradesh,Autonomous,1958,174,B++,179,1072,7.3,80752,22955,True,,4.28,27.79,546,160.1,False,False,True,True,False,False,77.2,COMEDK,7821
Padmavati Academy of Fine Arts Imphal,Imphal,Manipur,Deemed,2014,74,A++,188,846,5.6,800410,114555,True,86.6,17.93,89.99,50,869.6,True,False,True,False,True,True,67.2,CUET,4775
Meerut Government Commerce College,Meerut,Uttar Pradesh,Government,1969,104,A+,138,730,1.5,76967,174728,True,83.2,13.91,56.18,450,885.4,True,False,True,True,True,False,7.8,TNEA,1080
Galgotias Institute of Fashion Design Tura,Tura,Meghalaya,Private,1925,159,A,17,1316,4.3,746588,52861,True,72.0,8.01,49.73,554,1872.3,True,True,False,True,False,True,62.5,NEET UG,5603
Deemed Institute of Architecture Berhampur,Berhampur,Odisha,Deemed,1956,414,A,210,322,16.2,144343,59743,True,,4.12,24.46,449,1034.7,True,True,True,False,True,True,35.4,WBJEE,5216
Shillong Institute of Agriculture,Shillong,Meghalaya,Private,1910,90,A,220,1389,3.1,216212,115705,True,75.6,7.01,19.05,185,452.8,False,False,False,False,False,False,53.9,AP EAMCET,4305
Patel Autonomous Institute Kohima,Kohima,Nagaland,Autonomous,1885,,A,199,662,6.5,96750,88170,True,43.1,4.3,23.43,90,1057.2,False,True,True,False,False,False,41.8,WBJEE,4320
Bhabha University Palakkad,Palakkad,Kerala,Private,1904,153,B+,72,1053,2.6,164516,165156,True,32.8,,,652,1677.0,True,False,True,False,True,False,39.6,TS EAMCET,2764
Mysore University,Mysore,Karnataka,Government,1916,,A+,99,1483,1.3,86587,171087,True,73.4,14.78,71.55,125,1451.5,True,True,True,True,True,True,81.8,Own Entrance,2000
Government College of Fashion Design Dehradun,Dehradun,Uttarakhand,Government,1907,,,228,1120,1.0,157800,26513,True,93.9,25.19,67.97,636,2332.7,True,True,True,True,True,True,39.5,UPSEE,1162
Academy of Education Anand,Anand,Gujarat,Deemed,1858,,B++,135,421,2.9,169315,174980,True,25.5,4.81,30.44,311,411.8,False,True,False,False,False,False,24.1,KCET,1216
Ujjain College of Physical Education,Ujjain,Madhya Pradesh,Private,1946,303,B,10,1027,3.8,321615,152459,False,45.1,3.52,9.78,400,,False,False,True,True,True,True,8.0,CLAT,3916
National Institute of Technology Calicut,Kozhikode,Kerala,Government,1961,245,A+,64,554,1.4,70771,164281,True,72.6,,,133,1803.8,True,True,True,True,True,True,27.5,JEE Main,800
Meera Deemed University Dindigul,Dindigul,Tamil Nadu,Deemed,2018,280,B,188,545,5.6,226598,48165,True,25.4,3.4,15.14,288,1047.3,True,False,True,False,True,False,81.8,University Entrance,3056
Chanakya College of Agriculture and Research Shillong,Shillong,Meghalaya,Private,2003,160,B+,90,1323,3.6,419137,112597,True,61.5,8.95,49.42,567,805.7,False,False,False,True,False,False,74.4,AP EAMCET,4715
IISER Kolkata,Kolkata,West Bengal,Government,2006,31,A+,109,1300,0.1,203967,60507,True,97.4,27.06,166.92,296,83.7,True,True,True,False,False,False,32.1,IAT,180
Government College of Veterinary Science Shillong,Shillong,Meghalaya,Government,1959,389,,22,1225,3.8,,30567,True,56.9,4.17,26.1,595,1886.9,True,True,True,True,True,True,46.8,BITSAT,4662
Pilani Autonomous College of Commerce,Pilani,Rajasthan,Autonomous,1975,397,B+,206,194,34.9,50397,61086,False,22.9,3.56,14.19,339,1107.7,True,False,True,False,False,False,58.1,NATA,6778
Government Model College Nagaon,Nagaon,Assam,Government,1872,136,B,14,1007,5.2,27620,56243,False,70.9,13.32,79.58,380,97.4,True,True,True,True,False,True,45.8,University Entrance,5274
Vidyasagar Deemed University Margao,Margao,Goa,Deemed,1967,,A,46,70,99.8,87548,120708,True,30.2,4.0,24.18,294,413.0,False,False,True,True,True,True,39.0,KCET,6989
Surat Journalism Autonomous College,Surat,Gujarat,Autonomous,1867,142,B++,114,576,5.0,123099,86611,False,52.6,7.02,26.66,64,2065.0,True,True,True,True,True,True,18.7,TS EAMCET,2889
Gandhi Deemed University New Delhi,New Delhi,Delhi,Deemed,1997,51,A,12,1102,0.7,457244,78248,True,62.0,4.8,13.08,687,420.0,False,False,False,True,True,False,38.6,UPSEE,773
Government College of Agriculture Gangtok,Gangtok,Sikkim,Government,2017,,B+,56,1476,0.7,24068,43888,True,57.7,4.43,27.79,454,919.2,True,True,True,True,True,False,27.1,NATA,997
Excel Institute of Technology Dimapur,Dimapur,Nagaland,Private,1955,,A,173,175,41.9,584169,113270,False,72.7,11.87,27.78,624,1677.6,True,True,True,True,True,True,48.6,GATE,7327
Autonomous College of Engineering Dindigul,Dindigul,Tamil Nadu,Autonomous,1889,,B,192,640,0.4,234439,48646,True,74.1,7.45,50.61,403,692.8,False,True,False,False,False,False,8.9,AP EAMCET,286
Kalam Foundation Social Work College Bokaro,Bokaro,Jharkhand,Private,2012,242,B++,248,418,8.8,,110605,True,33.1,2.74,6.64,233,2199.3,True,True,True,False,True,True,26.2,JEE Advanced,3697
Indian Institute of Technology Tirupati,Tirupati,Andhra Pradesh,Government,2015,469,A,55,1413,0.2,5110,156293,False,62.4,4.15,23.23,382,1079.4,False,True,True,True,False,False,80.7,JEE Advanced,300
Modern Institute of Science Aizawl,Aizawl,Mizoram,Private,1921,,B++,230,,,1563352,117021,True,90.4,21.33,68.41,312,1690.7,True,True,True,True,True,True,24.1,CLAT,5401
Global Academy of Information Technology Ramagundam,Ramagundam,Telangana,private,1940,217,A+,208,532,14.0,674472,148763,True,61.3,4.98,21.92,425,568.7,True,True,False,True,True,True,38.4,VITEEE,7469
Excel Institute of Information Technology Kurukshetra,Kurukshetra,Haryana,Private,1882,358,B++,90,80,64.9,338547,50556,True,47.5,3.17,14.31,241,2418.2,False,False,True,False,True,True,6.6,AP EAMCET,5191
Sri Devi Ahilya Institute of Engineering Bhavnagar,Bhavnagar,Gujarat,Private,2022,,B+,221,153,49.5,255191,129327,False,65.7,7.0,27.17,378,74.7,False,True,False,True,True,True,30.3,NATA,7571
Sapru Academy of Dental Sciences Agartala,Agartala,Tripura,Deemed,1981,162,B+,73,1116,3.1,,141532,True,60.6,3.88,7.95,329,1141.6,True,True,True,True,True,True,3.0,University Entrance,3511
Shimla Institute of Law (Deemed),Shimla,Himachal Pradesh,Deemed,1929,441,A,86,393,11.6,167997,70182,True,44.1,,,480,1111.8,True,True,True,True,True,True,32.9,TS EAMCET,4559
Rani College of Homeopathy and Research Bilaspur,Bilaspur,Chhattisgarh,Private,1951,121,B++,8,687,1.5,424164,47757,True,64.6,5.39,21.62,408,533.5,True,True,True,True,True,True,19.5,TS EAMCET,1049
Namchi Institute of Law (Deemed),Namchi,Sikkim,Deemed,1991,164,A,63,925,4.5,472406,36195,True,51.2,8.92,31.19,42,1745.5,True,False,True,True,False,True,77.8,JEE Main,4147
Autonomous College of Ayurveda Ambala,Ambala,Haryana,Autonomous,2006,138,,97,1027,2.8,249870,28459,False,62.4,7.47,27.65,594,865.2,True,False,True,True,True,True,43.7,JEE Main,2848
Shri Ram Autonomous Institute Mapusa,Mapusa,Goa,Autonomous,1969,235,B++,120,451,8.4,93563,123937,True,70.5,7.13,45.41,160,640.8,False,False,True,False,False,True,24.0,GATE,3785
Jabalpur Autonomous College of Law,Jabalpur,Madhya Pradesh,Autonomous,1995,,B+,138,1431,1.4,125922,162609,True,27.0,4.89,14.92,508,512.8,False,False,True,False,False,False,56.3,University Entrance,2061
Government College of Technology Darbhanga,Darbhanga,Bihar,Government,1977,170,B,122,570,7.2,40594,128400,True,73.6,9.46,22.48,452,1029.3,True,True,True,True,True,True,59.2,University Entrance,4113
Haldwani College of Management,Haldwani,Uttarakhand,Private,1946,,B,244,139,49.3,609148,78394,False,79.1,7.41,23.07,312,2051.5,True,True,True,True,True,True,69.3,WBJEE,6849
Raman Autonomous Institute Agartala,Agartala,Tripura,Autonomous,1856,70,B++,15,731,3.7,63634,82601,True,66.0,,,289,1875.5,True,False,True,True,True,True,64.8,VITEEE,2669
Aryabhatta University Korba,Korba,Chhattisgarh,Private,1975,430,B+,71,1470,4.1,274442,130720,True,53.9,4.87,29.81,528,167.8,True,True,True,True,True,True,36.4,VITEEE,6097
District Veterinary Science College Dhanbad,Dhanbad,Jharkhand,Government,1970,227,B++,113,1392,4.2,93761,88512,True,85.3,10.62,70.48,215,512.9,True,True,True,True,True,True,31.1,GATE,5826
Itanagar Institute of Architecture (Deemed),Itanagar,Arunachal Pradesh,Deemed,2005,,A,18,466,6.3,240707,144893,True,40.9,3.92,17.83,499,1675.4,True,False,True,True,False,True,2.8,NEET UG,2916
Bhavnagar Institute of Fine Arts (Deemed),Bhavnagar,Gujarat,Deemed,1950,2,A,30,518,2.4,1338607,95136,False,83.5,12.55,72.87,453,1880.7,True,True,False,True,False,False,23.7,TNEA,1263
Haldwani College of Ayurveda,Haldwani,Uttarakhand,Private,1923,212,A+,17,1267,4.1,597877,142912,False,56.1,7.48,15.94,12,1655.8,False,True,True,True,True,False,75.4,SRMJEEE,5152
Indian Institute of Management Lucknow,Lucknow,Uttar Pradesh,Government,1984,158,A++,137,503,0.9,26953,44951,True,65.0,9.77,26.02,465,25.2,True,True,True,True,True,True,59.4,CAT,450
Excel Institute of Science New Delhi,New Delhi,Delhi,Private,2004,186,A,38,338,16.7,193609,172494,True,27.5,4.09,27.49,631,356.8,False,True,True,False,True,True,30.2,CLAT,5643
Government Model College Bangalore,Bangalore,Karnataka,Government,1977,331,B+,198,1330,3.7,47744,165431,True,44.5,5.12,12.93,407,2210.5,True,True,True,True,True,True,14.1,CUET,4890
Modern Institute of Applied Sciences Hubli,Hubli,Karnataka,Private,2008,,B,40,292,5.6,1360174,56573,False,89.1,13.75,46.36,597,924.1,False,False,False,False,False,False,10.8,KCET,1648
Tagore College of Physical Education and Research Siliguri,Siliguri,W. Bengal,Private,1961,,A,75,692,5.4,1557320,61345,True,82.1,21.48,99.64,452,,False,False,True,False,True,False,61.0,MHT CET,3738
District Fashion Design College Gulbarga,Gulbarga,Karnataka,Government,1978,291,B++,194,104,43.0,15796,55500,True,64.1,5.2,30.22,49,1139.9,False,False,False,False,False,True,12.7,SRMJEEE,4467
Academy of Fine Arts Indore,Indore,Madhya Pradesh,Deemed,1927,,,114,350,22.5,251970,129674,True,65.9,6.21,38.06,570,1421.3,True,False,True,True,False,False,84.2,JEE Main,7871
Deemed Institute of Agriculture Chennai,Chennai,Tamil Nadu,Deemed,1936,347,B++,113,44,35.6,249566,142402,False,43.9,2.36,9.66,616,1714.2,False,False,True,False,False,False,61.4,UPSEE,1566
Government Hotel Management College Darbhanga,Darbhanga,Bihar,Government,1946,87,B+,49,366,13.8,29742,20640,True,84.6,7.24,31.87,437,107.2,True,False,True,True,True,True,5.7,State Level,5052
Autonomous College of Law Dehradun,Dehradun,Uttarakhand,Autonomous,1891,10,B++,8,238,8.0,444272,70900,True,80.6,13.42,83.9,63,1241.5,True,True,True,False,True,True,42.7,TNEA,1907
Indira University New Delhi,New Delhi,Delhi,Private,1891,255,B+,146,1471,1.5,229177,60606,True,35.4,4.1,18.35,384,1555.4,False,True,False,True,True,True,64.3,University Entrance,2270
Bhabha University Hyderabad,Hyderabad,Telangana,Private,1973,441,A,160,1393,3.6,274119,65349,False,29.6,4.13,21.04,672,1365.8,True,False,False,False,False,False,38.2,MHT CET,4976
Punjab Agricultural University,Ludhiana,Punjab,Government,1962,193,A+,137,1331,0.5,16276,66296,True,74.7,6.34,41.0,556,1802.0,True,True,True,True,True,True,67.0,Own Entrance,600
Assam State Applied Sciences College Guwahati,Guwahati,Assam,Government,2008,85,A,28,961,1.8,62401,54201,True,87.6,34.49,91.24,422,2478.4,True,True,True,True,True,True,27.1,CLAT,1765
Maulana Azad National Institute of Technology,Bhopal,Madhya Pradesh,Government,1960,118,A+,219,1420,0.5,71626,104494,False,78.9,5.26,16.54,599,1468.6,True,True,True,True,True,True,2.7,JEE Main,700
Bardhaman Institute of Nursing (Deemed),Bardhaman,West Bengal,Deemed,2017,203,B+,201,1402,3.3,215144,174858,True,54.3,3.93,21.42,370,1716.1,False,False,True,True,False,False,69.3,AP EAMCET,4565
Indian Institute of Technology Dhanbad,Dhanbad,Jharkhand,Government,1926,84,A+,175,56,16.1,86200,99303,True,79.1,14.87,78.36,577,749.8,False,True,True,True,False,False,56.7,JEE Advanced,900
Ramanujan Deemed University Puducherry,Puducherry,Puducherry,Deemed,1903,214,,204,1318,2.6,241011,166345,False,38.8,3.42,23.92,661,2382.9,True,True,False,True,False,False,72.9,NATA,3420
Bhagat Singh Deemed University Alappuzha,Alappuzha,Kerala,Deemed,1999,,A,200,1038,7.7,289973,43012,True,51.5,9.04,33.48,178,661.4,False,False,False,False,False,False,82.6,UPSEE,7944
Kohima Institute of Commerce,Kohima,Nagaland,Private,1868,202,A,201,267,13.1,478364,114490,True,70.2,10.39,62.3,173,271.2,False,False,True,False,False,False,48.4,GATE,3485
Government Model College Belgaum,Belgaum,Karnataka,Government,2019,86,B+,65,384,9.9,136546,22781,True,87.9,21.51,131.96,471,2044.2,True,False,False,True,False,False,83.4,TS EAMCET,3815
Government Model College Ambala,Ambala,Haryana,Government,1939,166,B++,240,1454,0.9,,86816,False,48.9,3.55,8.99,195,2263.0,True,True,True,True,True,True,67.3,AP EAMCET,1325
Academy of Science Tezpur,Tezpur,Assam,Deemed,1900,21,B+,91,762,2.4,669451,73656,True,88.9,13.33,83.97,422,1939.8,True,False,False,False,False,False,29.6,NATA,1810
Prime College of Social Work Agartala,Agartala,Tripura,Private,1930,213,A+,151,1485,4.4,504909,32992,False,76.4,6.24,28.11,378,2056.4,False,False,False,True,False,True,23.1,BITSAT,6600
Shillong Architecture Autonomous College,Shillong,Meghalaya,Autonomous,1979,180,B++,197,1146,6.6,71891,146459,True,23.2,3.73,11.53,391,546.7,False,True,True,True,True,True,2.2,BITSAT,7610
Autonomous College of Agriculture Roorkee,Roorkee,Uttarakhand,Autonomous,1929,201,B+,237,1275,0.3,224681,121092,True,51.4,4.17,9.18,352,1622.6,False,True,True,True,True,False,72.6,WBJEE,348
Narayana Deemed University Tura,Tura,Meghalaya,Deemed,1997,19,A,171,635,4.5,935869,81635,True,93.5,15.98,92.19,112,996.0,True,True,True,True,True,True,30.5,Own Entrance,2889
Tiruchirappalli Homeopathy Autonomous College,Tiruchirappalli,Tamilnadu,Autonomous,1991,330,B+,34,322,1.5,130359,118888,True,40.9,3.18,13.15,458,296.7,True,True,False,False,True,False,52.7,VITEEE,487
Imphal College of Dental Sciences,Imphal,Manipur,Private,1893,196,B++,60,143,44.4,586140,122248,True,,9.25,29.83,167,872.0,False,False,True,False,True,False,17.6,KCET,6351
IISER Bhopal,Bhopal,Madhya Pradesh,Government,2008,67,A+,61,1071,0.1,174845,137512,True,95.9,23.8,60.58,639,110.3,True,False,False,False,False,False,66.8,IAT,160
Global Academy of Fashion Design Ranchi,Ranchi,Jharkhand,Private,1968,30,B+,220,1383,2.6,519692,121652,True,85.0,16.2,108.68,611,1998.0,False,False,False,False,True,False,39.2,University Entrance,3628
Ahmedabad Government Science College,Ahmedabad,Gujarat,Government,1858,,,158,728,4.6,88469,169899,True,81.5,11.69,72.75,476,2159.1,False,True,False,True,True,False,78.2,CAT,3347
Global Academy of Science Karaikal,Karaikal,Puducherry,Private,1982,202,A,163,71,1.7,146467,72850,False,33.8,,,15,1218.4,True,True,True,True,True,True,49.2,MHT CET,119
District Dental Sciences College Nainital,Nainital,Uttarakhand,Government,1884,,B+,187,54,76.6,49900,159567,True,54.4,3.62,18.39,445,1757.1,True,True,True,True,True,True,64.0,VITEEE,4138
Nehru Deemed University Puducherry,Puducherry,Puducherry,Deemed,1918,40,B,101,94,36.9,1192912,130288,True,89.7,,,619,,True,True,True,True,True,True,21.4,State Level,3465
Government Computer Science College Baramulla,Baramulla,Jammu & Kashmir,Government,1870,,A+,95,356,1.5,121100,83447,True,97.6,,,400,2015.6,True,True,True,True,True,True,40.4,VITEEE,525
Sri Sardar Institute of Information Technology Kannur,Kannur,Kerala,Private,1949,201,B++,137,1437,4.7,118259,88424,False,56.6,3.48,9.81,118,1163.4,True,True,True,False,True,True,7.9,University Entrance,6787
District Education College Gurugram,Gurugram,Haryana,Government,1892,,A,9,127,6.2,42121,46980,True,30.3,3.38,8.4,81,1150.3,False,True,True,True,True,True,56.3,AP EAMCET,792
Modern Institute of Law Gangtok,Gangtok,Sikkim,Private,2022,156,B,128,1406,4.3,695268,62474,True,71.8,,,142,434.9,True,True,True,True,True,True,14.1,State Level,6077
Assam State Architecture College Silchar,Silchar,Assam,Government,1899,492,A,133,934,7.7,45375,153770,True,48.0,5.21,35.76,453,589.7,True,True,False,True,False,True,54.1,AP EAMCET,7226
Siliguri Fine Arts Autonomous College,Siliguri,West Bengal,Autonomous,1968,59,B+,233,1268,4.3,356440,119030,True,87.5,6.92,31.93,582,2352.5,False,True,False,True,True,True,47.6,CAT,5441
Government Model College Aizawl,Aizawl,Mizoram,Govt,1984,46,A+,217,479,10.4,161388,25781,True,93.7,13.46,47.1,125,1467.1,True,True,True,True,True,True,64.6,BITSAT,4991
Sagar Institute of Hotel Management,Sagar,Madhya Pradesh,Private,1924,,A,249,183,34.9,157336,121589,True,,3.93,11.56,152,1476.4,False,True,False,False,False,False,80.7,CUET,6394
Jawaharlal Institute of Fine Arts Kharagpur,Kharagpur,West Bengal,Private,1860,207,B+,205,547,9.7,139753,169595,True,43.6,2.44,13.8,564,,True,True,True,True,True,True,58.8,NATA,5314
Kochi Government Journalism College,Kochi,Kerala,Government,2018,20,A,131,,,262990,64711,False,93.4,,,389,404.0,False,False,False,False,True,True,44.1,CAT,2353
Symbiosis Centre for Management,Pune,Maharashtra,Deemed,1993,160,A+,36,719,1.1,488683,136242,True,72.7,4.1,25.57,53,2355.8,True,True,True,True,True,True,5.3,SNAP,800
Sardar University Pilani,Pilani,Rajasthan,Private,2009,72,B++,155,848,6.1,516020,153222,False,72.9,4.68,10.67,667,1688.4,True,False,False,True,False,True,82.0,GATE,5184
Bathinda Management Autonomous College,Bathinda,Punjab,Autonomous,1983,,B+,228,271,23.2,245819,132513,True,68.0,7.38,30.81,128,187.8,True,False,False,True,False,False,66.8,MHT CET,6286
Mahatma Gandhi Foundation Journalism College Panaji,Panaji,Goa,Private,1946,,B,10,383,7.3,498131,129374,False,56.9,5.05,21.07,287,150.8,False,True,False,True,True,False,30.8,NATA,2793
Ambedkar College of Journalism and Research Aurangabad,Aurangabad,Maharashtra,Private,1891,,A,167,763,5.0,171295,104566,True,53.4,4.55,10.45,612,1611.5,False,True,True,True,True,False,16.3,BITSAT,3831
Devi Ahilya Foundation Veterinary Science College Bilaspur,Bilaspur,Chhattisgarh,Private,1908,,A,66,1452,2.8,226757,138232,True,53.6,2.38,10.95,366,1454.6,False,False,True,True,False,True,26.8,JEE Advanced,4123
Modern Institute of Ayurveda Agra,Agra,UP,Private,1978,,B++,86,1109,1.8,306174,118909,False,50.5,4.47,16.87,553,197.3,False,False,True,True,False,False,51.9,CUET,2032
Saraswati Academy of Information Technology Itanagar,Itanagar,Arunachal Pradesh,Deemed,1966,31,A+,219,722,9.2,1057646,170366,True,79.9,18.68,105.59,279,197.6,True,False,True,True,False,True,71.8,WBJEE,6616
Autonomous College of Dental Sciences Agartala,Agartala,Tripura,Autonomous,1853,327,B,156,516,9.3,,88150,True,30.9,3.25,13.52,168,2235.8,True,False,True,True,True,True,31.0,UPSEE,4823
Modern Institute of Agriculture Prayagraj,Prayagraj,Uttar Pradesh,Private,2001,374,B+,240,160,36.4,392910,164879,True,45.0,4.67,29.76,169,1327.6,True,False,True,False,True,True,83.5,CAT,5829
Patel Academy of Homeopathy Naharlagun,Naharlagun,Arunachal Pradesh,Deemed,2009,333,,111,896,6.8,92795,46982,True,42.1,5.97,25.66,185,517.4,True,True,False,False,False,False,77.3,TS EAMCET,6080
Bhagat Singh Foundation Law College Rourkela,Rourkela,Odisha,Private,1922,,,92,1303,4.9,319439,137870,False,25.9,3.33,9.65,561,1099.1,True,True,True,True,True,False,1.2,WBJEE,6409
Vivekananda Institute of Architecture Itanagar,Itanagar,Arunachal Pradesh,Private,1968,,A,166,200,8.9,189135,122252,True,33.4,2.11,13.21,508,1404.2,True,True,False,True,False,True,30.0,VITEEE,1785
Autonomous College of Agriculture Dharamsala,Dharamsala,Himachal Pradesh,Autonomous,1974,473,A,240,1354,5.0,108539,59112,False,46.9,3.0,17.95,620,1202.1,False,False,False,True,True,False,17.4,UPSEE,6800
Academy of Medical Sciences Itanagar,Itanagar,Arunachal Pradesh,Deemed,1894,,B++,94,656,8.7,677488,151042,True,87.2,9.23,56.6,438,13.4,False,True,True,False,True,True,20.8,Own Entrance,5726
Government Polytechnic Rajahmundry,Rajahmundry,Andhra Pradesh,Government,1894,63,A+,107,879,0.2,,123394,True,68.9,11.94,26.25,10,657.2,True,True,True,True,True,True,70.8,Own Entrance,153
Autonomous College of Arts Jaipur,Jaipur,Rajasthan,Autonomous,1954,,B+,38,732,9.0,82706,141824,False,33.2,4.69,23.09,284,1412.1,False,True,True,False,False,True,63.0,VITEEE,6578
District Education College Aurangabad,Aurangabad,Maharashtra,Government,1869,52,B+,149,910,4.6,117280,29998,True,96.3,,,343,660.5,False,False,False,False,False,True,48.5,Own Entrance,4152
Government Hotel Management College Belgaum,Belgaum,Karnataka,Government,1904,206,A,151,1190,5.6,76973,126736,True,81.1,6.45,37.87,607,664.5,True,False,True,False,False,True,20.0,GATE,6631
Ramanujan Autonomous Institute Namchi,Namchi,Sikkim,Autonomous,1952,486,B+,127,176,19.0,,106788,False,48.2,2.17,10.77,389,182.2,False,False,False,True,False,False,9.8,Own Entrance,3345
District Commerce College Jammu,Jammu,Jammu & Kashmir,Government,1858,21,B++,160,836,4.0,287868,32833,True,92.7,22.56,102.81,519,1970.2,True,True,False,False,False,False,11.1,VITEEE,3313
Government Model College Tura,Tura,Meghalaya,Government,1989,,A+,92,261,16.5,63004,137377,True,67.5,10.93,69.32,72,,True,True,True,False,True,False,17.4,JEE Main,4294
Jawaharlal University Solan,Solan,H.P.,Private,1898,398,B++,250,610,10.7,308978,86576,False,30.4,3.17,11.14,482,235.8,True,False,True,True,False,False,59.5,CLAT,6539
Solapur Institute of Fine Arts (Deemed),Solapur,Maharashtra,Deemed,2004,,,19,840,5.1,818428,73554,False,,8.35,37.82,134,751.2,False,True,False,True,False,True,41.6,CUET,4318
Surat Institute of Computer Science (Deemed),Surat,Gujarat,Deemed,1978,98,B++,66,1374,1.5,666805,43166,False,79.0,14.81,59.84,260,,True,True,True,True,True,True,7.1,COMEDK,2100
Karaikal Government Law College,Karaikal,Puducherry,Government,2020,246,A,166,949,2.0,81648,37645,True,84.9,13.56,81.03,140,681.1,True,False,True,True,False,True,63.7,COMEDK,1927
Dharamsala Institute of Computer Science,Dharamsala,Himachal Pradesh,Private,1928,225,B,239,,,556371,72029,True,71.1,4.37,11.07,347,1941.2,True,False,True,False,True,True,69.6,VITEEE,3374
Academy of Veterinary Science Ludhiana,Ludhiana,Punjab,Deemed,2002,319,B++,227,1159,4.0,220052,90390,True,32.1,4.49,21.14,26,2382.8,False,False,False,False,False,True,11.7,JEE Advanced,4627
Amrita University Vadodara,Vadodara,Gujarat,Private,1942,,A++,218,1214,5.5,407739,178086,True,66.7,4.74,19.77,639,2136.4,True,True,True,True,True,True,69.4,MHT CET,6694
Patel Autonomous Institute Dhanbad,Dhanbad,Jharkhand,Autonomous,1851,406,B++,143,303,12.1,91972,134071,False,31.4,3.01,6.69,569,2424.7,True,True,True,False,False,True,26.1,MHT CET,3675
Gandhi Academy of Computer Science Bikaner,Bikaner,Rajasthan,Deemed,1993,90,A+,168,874,8.4,1486302,82787,True,83.4,18.45,72.69,24,855.4,False,True,False,False,True,True,75.1,UPSEE,7363
Srinivasa University Shillong,Shillong,Meghalaya,Private,1933,,A,109,1208,3.0,524102,150669,True,75.4,5.37,31.98,210,1626.0,True,True,False,True,True,True,34.9,WBJEE,3663
State Institute of Architecture Kolhapur,Kolhapur,Maharashtra,Government,1950,,A,23,267,2.4,223372,166299,False,90.3,,,357,234.7,True,False,True,True,True,True,63.9,Own Entrance,639
Sri Patel Institute of Science Kohima,Kohima,Nagaland,Private,1934,277,B++,70,711,1.8,208639,65330,True,29.5,3.59,19.37,48,282.1,False,True,True,True,True,True,50.8,CLAT,1310
Prayagraj College of Management,Prayagraj,Uttar Pradesh,Private,1989,225,B++,31,1397,4.7,637789,113309,False,69.0,4.76,24.27,19,1082.8,True,True,True,True,True,True,42.4,TS EAMCET,6536
Vidyasagar Deemed University Puducherry,Puducherry,Puducherry,Deemed,1890,76,,14,831,1.6,803595,75661,False,85.9,10.9,24.26,250,,False,False,True,False,True,True,69.6,NEET UG,1334
Excel Institute of Homeopathy Vasco da Gama,Vasco da Gama,Goa,private,1949,32,B++,61,1441,0.3,548355,176427,True,94.7,29.45,134.74,265,1087.5,False,True,True,False,False,True,75.8,NATA,392
Shivaji Academy of Dental Sciences Dharamsala,Dharamsala,Himachal Pradesh,Deemed,1922,,A++,116,388,14.4,378882,88558,True,73.7,9.31,18.78,136,477.5,False,True,True,False,True,False,17.1,University Entrance,5596
Rewa Government Management College,Rewa,Madhya Pradesh,Government,2021,,A,54,655,7.2,34522,139244,True,36.8,4.91,14.3,524,392.2,False,False,True,False,True,False,24.5,COMEDK,4747
Gangtok Institute of Fine Arts (Deemed),Gangtok,Sikkim,Deemed,1931,1,A,176,317,2.2,1283943,109542,True,88.0,11.3,47.45,368,2238.5,True,True,True,True,True,True,21.1,Own Entrance,694
Rajasthan State Management College Ajmer,Ajmer,Rajasthan,Government,1891,150,A+,83,1477,0.6,20630,59884,True,66.2,14.02,73.37,456,1546.4,False,True,True,True,True,True,43.3,JEE Main,945
National Law School Bangalore,Bangalore,Karnataka,Government,1987,,A++,246,985,0.1,193033,67166,False,94.5,24.65,166.76,224,1097.3,True,True,True,True,True,True,25.5,CLAT,120
Sri Bhabha Institute of Nursing Surat,Surat,Gujarat,Private,2004,148,A,116,1099,0.8,537896,85223,True,74.7,6.71,20.14,123,1967.2,True,True,False,False,False,False,35.8,GATE,934
Bose Academy of Computer Science Patna,Patna,Bihar,Deemed,1989,345,A,175,631,6.3,155103,32199,True,30.0,2.56,13.92,399,2403.6,True,False,False,False,True,False,26.4,SRMJEEE,3974
Academy of Management Korba,Korba,Chhattisgarh,Deemed,1858,13,B,154,1344,4.8,350766,27955,True,76.7,10.31,58.88,93,208.4,True,False,True,False,True,True,17.0,JEE Main,6450
Central University of Karnataka,Kalaburagi,Karnataka,Government,2009,253,B++,22,1389,0.3,23555,104567,False,44.3,3.29,8.16,54,2088.3,True,True,False,False,True,False,11.9,CUET,350
Government College of Architecture Ranchi,Ranchi,Jharkhand,Government,1954,150,B+,241,636,6.7,84856,138477,False,79.5,9.32,28.06,414,1169.3,True,False,True,True,True,False,55.4,WBJEE,4291
Noida Institute of Social Work (Deemed),Noida,Uttar Pradesh,Deemed,1984,300,A,57,389,6.1,85127,87731,False,40.8,4.96,17.79,94,622.6,True,True,True,True,True,True,38.8,TS EAMCET,2371
Dayanand University Kakinada,Kakinada,Andhra Pradesh,Private,2007,74,B++,212,754,3.9,536050,36101,True,55.8,4.36,26.97,607,,True,True,False,False,True,False,75.9,University Entrance,2949
Maulana Azad Medical College,New Delhi,Delhi,Government,1958,228,A++,189,1124,0.2,78944,24123,False,65.2,10.52,21.66,291,1340.3,False,True,True,True,True,True,25.1,NEET UG,250
Government Model College Lucknow,Lucknow,Uttar Pradesh,Government,1995,,,37,80,17.1,44712,98017,True,39.7,3.5,10.84,612,291.9,True,False,False,True,True,True,75.1,NATA,1370
Sri Dayanand Institute of Nursing Agartala,Agartala,Tripura,Private,1968,,B++,54,750,10.6,294465,75622,True,56.9,3.2,18.52,630,674.8,True,True,True,True,True,True,32.0,CUET,7965
Sri Guru Gobind Singh Institute of Law Jorhat,Jorhat,Assam,private,1956,206,,140,327,10.0,685710,30002,True,62.5,8.19,18.83,651,114.0,False,False,True,True,False,True,23.8,NATA,3266
School of Planning and Architecture Delhi,New Delhi,Delhi,Government,1941,,A+,108,1268,0.2,54163,69377,False,68.4,12.65,82.21,686,800.3,True,True,True,True,True,False,12.8,NATA/JEE,200
Aryabhatta Institute of Engineering Deoghar,Deoghar,Jharkhand,Private,1865,463,B++,184,1289,1.3,272810,36339,True,32.8,2.26,15.23,46,865.9,False,False,True,True,False,False,6.9,CAT,1733
Srinivasa Autonomous Institute Kolkata,Kolkata,West Bengal,Autonomous,1890,137,B++,23,418,18.8,139729,150106,True,48.5,,,168,2131.9,False,True,True,False,False,True,1.4,VITEEE,7865
Haridwar Institute of Engineering,Haridwar,Uttarakhand,Private,1978,,A,193,669,9.3,1380897,95193,True,87.6,29.03,179.04,621,221.0,True,True,True,True,False,True,65.1,State Level,6242
Deemed Institute of Ayurveda Solan,Solan,Himachal Pradesh,deemed,1991,3,A+,120,1230,2.4,782201,142448,False,76.1,17.84,99.05,623,1144.0,False,True,False,True,True,True,71.1,WBJEE,2962
Jamshedpur College of Ayurveda,Jamshedpur,Jharkhand,Private,1985,278,A,121,104,68.1,189078,71216,True,46.5,2.08,10.34,27,1969.5,True,False,True,False,True,True,61.8,CAT,7085
Autonomous College of Engineering Delhi,Delhi,Delhi,Autonomous,1901,,A+,32,861,2.3,264731,113815,True,85.7,8.05,29.98,488,1362.6,False,True,True,False,False,True,7.6,BITSAT,1961
Government Polytechnic Ghaziabad,Ghaziabad,Uttar Pradesh,Government,1995,89,B++,56,100,57.3,173644,52735,True,91.8,17.78,99.06,272,892.6,False,False,False,False,True,True,45.3,CUET,5727
Jaipur Agriculture Autonomous College,Jaipur,Rajasthan,Autonomous,1940,,B++,231,575,12.2,190164,132040,False,76.7,7.61,22.89,432,1702.9,False,False,False,False,False,False,67.4,TNEA,6994
Tilak Academy of Fashion Design Noida,Noida,Uttar Pradesh,Deemed,1893,264,,130,177,39.4,117150,141682,False,30.1,2.45,7.87,312,1673.0,True,False,True,True,True,True,53.6,JEE Main,6979
Kohima Institute of Social Work (Deemed),Kohima,Nagaland,Deemed,1908,274,B,79,1386,5.5,219091,30086,True,34.3,3.38,22.57,675,382.3,True,False,True,True,False,True,13.2,SRMJEEE,7594
Management Development Institute,Gurugram,Haryana,Private,1973,,A++,79,450,0.8,496020,101447,True,63.8,8.42,17.18,587,,True,False,True,False,True,True,63.1,CAT,350
XLRI Jamshedpur,Jamshedpur,Jharkhand,Private,1949,35,A++,192,590,0.5,1584694,87960,True,83.0,12.54,74.06,130,1929.0,True,True,True,True,True,True,3.5,XAT,300
Korba Institute of Science,Korba,Chhattisgarh,Private,1947,467,B++,199,1302,4.1,221857,151968,True,44.4,5.46,17.27,137,773.5,True,False,True,False,False,False,63.0,SRMJEEE,5307
Government College of Law Sikar,Sikar,Rajasthan,Government,1867,27,A++,239,640,8.5,165165,64446,True,94.8,27.82,157.46,593,434.1,False,False,False,True,False,False,3.6,JEE Advanced,5449
State Institute of Medical Sciences Amritsar,Amritsar,Punjab,Government,1932,,B+,64,990,2.2,34155,121145,True,85.5,8.32,18.64,375,528.7,True,True,True,True,True,True,71.8,JEE Advanced,2204
Government Polytechnic Srinagar,Srinagar,Jammu & Kashmir,Government,1916,430,B,191,123,43.6,45145,126685,False,44.0,2.99,15.06,45,651.1,False,False,False,True,False,False,18.8,MHT CET,5359
Government Polytechnic Vellore,Vellore,Tamil Nadu,Government,1980,194,B+,157,1353,2.0,16019,42075,True,76.4,6.63,18.8,463,607.5,False,True,False,False,False,False,61.9,NATA,2697
Government College of Commerce Tura,Tura,Meghalaya,Government,1881,,A,52,220,34.7,42782,85760,False,54.0,4.97,30.46,207,2478.4,False,False,False,True,True,True,41.6,UPSEE,7638
Tamil Nadu State Pharmacy College Chennai,Chennai,Tamil Nadu,Government,1883,246,B++,109,439,2.4,63619,46361,True,72.4,6.73,33.26,155,536.2,True,True,True,False,True,True,60.1,UPSEE,1041
National Law Institute University Bhopal,Bhopal,Madhya Pradesh,Government,1997,13,A+,92,678,0.1,159045,42506,True,86.6,33.64,91.11,476,1961.1,True,True,False,True,False,False,44.8,CLAT,100
State Institute of Architecture Srinagar,Srinagar,Jammu & Kashmir,Government,1976,87,B++,157,1135,4.1,276852,39043,True,93.7,27.77,115.8,65,54.7,False,False,False,False,False,False,43.0,COMEDK,4685
Gandhi University Chandigarh,Chandigarh,Chandigarh,Private,1985,181,A,220,1255,0.8,100610,23636,True,31.2,5.48,23.9,31,1118.7,True,True,True,False,True,True,69.1,CAT,948
Prime College of Education Itanagar,Itanagar,Arunachal Pradesh,Private,1854,,B,209,894,6.3,288862,41858,True,42.2,3.5,19.38,98,575.4,True,True,False,True,True,True,26.2,NATA,5632
Shri Ram Deemed University Agartala,Agartala,Tripura,Deemed,2023,170,B++,57,1442,3.0,472489,117421,True,65.8,4.58,15.81,638,2380.1,True,False,True,False,True,True,32.2,MHT CET,4340
Woxsen University,Hyderabad,Telangana,Private,2014,445,A,109,1153,0.5,350159,80951,True,55.0,2.29,11.43,273,474.2,True,True,True,False,True,True,60.6,Own Test,600
Government Arts College Warangal,Warangal,Telangana,Government,1880,456,B++,159,265,24.8,24339,102951,False,46.3,4.95,11.04,691,,True,True,True,True,True,True,31.4,Own Entrance,6564
Excel Institute of Veterinary Science Lucknow,Lucknow,UP,Private,1909,68,B+,238,1356,1.0,1588591,174984,True,97.4,22.51,58.97,75,1535.0,True,True,True,False,False,True,59.1,State Level,1373
Government Medical Sciences College Tura,Tura,Meghalaya,Government,1979,213,A,225,1111,5.0,21359,150513,True,61.8,4.93,20.87,552,2253.4,True,True,False,True,True,True,25.9,CLAT,5577
Government Hotel Management College Rewa,Rewa,Madhya Pradesh,Government,1926,,A,35,459,16.2,129180,57182,False,88.7,33.39,214.93,661,,True,True,True,True,True,False,58.3,JEE Advanced,7420
Subhas Autonomous Institute Agartala,Agartala,Tripura,Autonomous,1976,155,B+,42,434,10.7,193603,148198,False,50.9,8.27,51.32,256,1330.7,False,False,False,True,False,True,3.7,COMEDK,4654
Prime College of Ayurveda Amritsar,Amritsar,Punjab,Private,1872,72,A,109,268,26.5,1744539,152423,False,94.8,11.17,38.79,107,160.8,True,True,False,True,True,False,22.0,NEET UG,7097
Government College of Nursing Solan,Solan,Himachal Pradesh,Government,2016,61,A,54,1205,4.1,221484,74600,True,88.1,17.35,43.13,400,1849.0,True,False,False,False,False,False,77.2,MHT CET,4953
State Institute of Information Technology Baramulla,Baramulla,J&K,Government,1880,75,B,147,804,1.7,,68966,False,94.3,22.26,155.43,279,1195.7,True,True,True,True,True,False,82.6,JEE Main,1387
Modern Institute of Information Technology Delhi,Delhi,Delhi,Private,2019,363,B,174,508,5.8,204137,90167,False,41.7,4.75,22.84,371,1638.0,True,True,False,True,True,False,80.4,TS EAMCET,2959
Welcome Group Graduate School of Hotel Administration,Manipal,Karnataka,Private,1986,361,A,128,751,0.3,339360,167845,True,,4.24,19.8,562,,True,False,True,True,False,False,8.5,MET,200
Excel Institute of Nursing Tura,Tura,Meghalaya,Private,1919,,A,97,986,2.3,264572,119046,True,49.6,,,387,1072.2,True,True,True,True,False,False,74.7,University Entrance,2289
Agartala College of Computer Science,Agartala,Tripura,Private,1905,179,B,11,1107,4.7,751243,144777,True,69.9,10.54,60.54,137,130.5,True,True,True,True,False,False,78.9,State Level,5226
Government Medical Sciences College Aizawl,Aizawl,Mizoram,Government,2013,200,A,49,1119,7.1,97167,162846,True,85.7,9.49,64.45,281,2276.0,True,False,False,True,True,True,30.3,CUET,7968
State Institute of Pharmacy Satna,Satna,Madhya Pradesh,Government,1996,159,A,95,1102,7.0,48361,164323,False,66.9,12.52,43.51,245,1460.7,True,True,False,True,True,False,40.1,CLAT,7723
Raman Institute of Technology Kharagpur,Kharagpur,West Bengal,private,1918,247,B+,115,1360,4.3,281872,54377,True,56.6,8.93,47.41,121,241.1,True,True,True,True,True,False,80.5,TS EAMCET,5896
District Homeopathy College Puducherry,Puducherry,Puducherry,Government,1949,,A,219,412,8.5,39036,36744,True,63.6,2.49,17.26,152,1442.2,True,True,True,True,True,True,67.4,AP EAMCET,3486
Purnia Management Autonomous College,Purnia,Bihar,Autonomous,2014,338,B++,229,81,63.1,,141676,True,30.1,2.49,16.18,18,1810.2,True,True,True,True,True,False,62.2,UPSEE,5113
District Technology College Kohima,Kohima,Nagaland,Government,1899,170,A+,117,1198,1.3,44323,65469,True,66.3,10.09,39.7,172,,False,False,False,False,False,False,77.5,BITSAT,1544
Durgapur Law Autonomous College,Durgapur,West Bengal,Autonomous,1884,227,,195,703,5.5,104783,136001,False,30.7,3.82,11.26,295,1046.8,True,False,False,False,True,False,36.5,TNEA,3900
State Institute of Physical Education Berhampur,Berhampur,Odisha,Government,1904,,B++,42,1084,1.4,41243,161925,True,60.1,2.28,12.16,79,1195.3,False,False,False,False,True,False,84.1,CUET,1472
Vidyasagar College of Homeopathy and Research Karimnagar,Karimnagar,Telangana,Private,1980,415,A,16,687,11.2,259272,179245,True,54.8,5.22,16.77,440,1228.1,True,True,True,True,True,True,39.7,University Entrance,7676
Nehru Autonomous Institute Delhi,Delhi,New Delhi,Autonomous,1951,44,,220,1346,1.3,407490,59276,True,76.5,6.0,21.28,216,,True,False,False,False,True,True,54.1,BITSAT,1723
Excel Institute of Homeopathy Prayagraj,Prayagraj,Uttar Pradesh,Private,1921,337,A,179,318,15.7,319973,163006,True,29.9,2.95,7.27,691,2198.4,True,False,True,True,True,True,13.5,TNEA,4995
Global Academy of Education Imphal,Imphal,Manipur,Private,1991,,B++,52,1094,2.6,262546,85633,True,36.5,2.46,7.03,278,1451.7,True,True,True,True,True,True,25.1,JEE Advanced,2883
Meera Foundation Pharmacy College Margao,Margao,Goa,Private,2022,,B++,67,737,5.2,618501,142881,False,,27.75,143.26,186,837.2,True,True,True,True,True,True,9.0,VITEEE,3815
Kannur College of Physical Education,Kannur,Kerala,Private,1976,183,B+,82,317,5.4,302509,172821,True,73.4,11.41,69.42,485,1673.2,False,True,True,True,True,True,1.4,CUET,1725
Amritsar Government Management College,Amritsar,Punjab,Government,1966,,,152,1297,1.9,66553,159159,False,77.0,14.55,41.26,656,201.9,True,True,True,True,True,True,23.9,WBJEE,2404
Sri Ramanujan Institute of Information Technology Raipur,Raipur,Chhattisgarh,Private,1998,,A+,129,917,6.0,644827,136698,True,65.8,6.0,41.95,255,921.3,True,True,True,True,False,True,57.6,NATA,5504
Pune College of Education,Pune,Maharashtra,Private,1868,236,A+,201,,,245676,165635,True,71.2,11.74,38.22,319,1385.4,True,True,True,True,True,True,65.2,Own Entrance,4634
District Social Work College Naharlagun,Naharlagun,Arunachal Pradesh,Government,1964,161,B++,6,175,20.2,26766,34845,True,76.7,14.84,75.89,491,1640.1,False,True,True,True,True,True,76.3,JEE Main,3540
State Institute of Management Gangtok,Gangtok,Sikkim,Government,1856,,A,194,754,6.4,209607,153030,False,88.6,27.76,128.87,436,30.5,True,True,True,True,True,False,37.4,GATE,4811
Laxmi Autonomous Institute Karimnagar,Karimnagar,Telangana,Autonomous,1975,,A,219,1298,6.1,127444,45657,True,23.1,2.23,10.85,466,2353.5,False,True,False,False,True,False,43.3,TNEA,7924
Meera Institute of Applied Sciences Margao,Margao,Goa,Private,1919,,A,213,811,4.7,278991,58362,True,33.4,2.25,5.9,573,2459.7,False,False,False,True,False,True,1.3,UPSEE,3820
State Institute of Nursing Aizawl,Aizawl,Mizoram,Government,2001,325,A,175,1222,2.8,33478,91805,False,30.5,2.98,9.32,79,1783.1,False,False,True,False,False,False,62.7,NEET UG,3450
Sri Aryabhata Institute of Commerce Imphal,Imphal,Manipur,Private,1857,184,,87,817,3.3,106446,103804,True,34.5,4.59,19.24,573,912.1,True,False,True,True,True,True,3.7,JEE Advanced,2711
Academy of Management Siliguri,Siliguri,West Bengal,Deemed,1927,297,,249,654,3.9,226612,141491,False,31.7,5.16,14.29,665,2085.9,True,True,True,False,True,False,40.7,UPSEE,2549
Indian Institute of Management Bangalore,Bangalore,Karnataka,Government,1973,174,A++,136,865,0.5,64174,138486,False,66.7,12.95,75.69,294,1737.4,True,True,False,False,False,True,74.7,CAT,450
Mumbai Institute of Commerce (Deemed),Mumbai,Maharashtra,Deemed,1934,185,A,126,797,4.6,395601,101319,False,68.7,8.32,51.27,64,2234.9,True,True,True,True,False,False,79.9,JEE Main,3636
Government Technology College Mysore,Mysore,karnataka,Government,1947,111,A,232,1236,4.7,33056,172948,True,75.6,6.26,39.5,433,1593.0,True,True,True,True,True,True,57.1,MHT CET,5783
Autonomous College of Technology Delhi,Delhi,Delhi,Autonomous,1850,65,A+,102,561,10.7,160814,129188,True,72.6,9.61,38.5,675,206.2,True,False,False,True,False,True,9.7,VITEEE,6021
Government College of Social Work Namchi,Namchi,Sikkim,Government,1939,152,A,76,515,2.9,21169,53606,True,,5.34,28.38,393,,True,True,False,True,True,True,80.8,GATE,1506
Maharaja Sayajirao University of Baroda,Vadodara,Gujarat,Government,1949,197,A++,127,759,3.3,58296,105134,True,75.4,5.3,23.2,482,2114.7,False,True,False,False,False,False,24.7,Own Entrance,2500
Aryabhatta University Dharamsala,Dharamsala,Himachal Pradesh,Private,1858,216,A,67,383,5.0,364497,111356,True,80.8,5.98,17.14,376,170.0,True,True,True,True,True,True,13.9,UPSEE,1904
Government Agriculture College Agartala,Agartala,Tripura,Government,1966,,B+,68,685,11.2,164698,131900,True,87.0,,,68,435.6,False,False,True,False,True,True,54.9,WBJEE,7701
Prime College of Commerce Kohima,Kohima,Nagaland,Private,1943,133,B+,168,355,17.6,602258,24001,True,79.9,8.63,29.55,480,78.7,True,True,True,True,True,True,33.2,UPSEE,6258
State Institute of Science Gangtok,Gangtok,Sikkim,Government,1899,,,143,1189,2.0,43303,100150,True,42.9,5.07,33.82,666,1649.1,True,True,True,True,True,True,7.5,MHT CET,2388
District Law College Rourkela,Rourkela,Odisha,Government,1991,174,A,185,513,14.3,75044,127235,False,69.1,9.26,44.79,672,2301.8,True,True,True,False,False,False,66.5,TNEA,7324
Pune Institute of Applied Sciences (Deemed),Pune,Maharashtra,Deemed,1940,,A,99,93,83.8,93354,130026,True,30.1,5.03,17.66,187,2242.5,True,True,True,True,True,True,69.9,NEET UG,7797
Agra Government Management College,Agra,Uttar Pradesh,Govt,1869,123,B++,19,376,18.2,79237,131654,True,79.0,14.69,37.21,311,395.7,True,False,False,False,True,True,75.2,BITSAT,6860
Government Commerce College Hamirpur,Hamirpur,Himachal Pradesh,Government,1941,364,B++,143,63,67.7,20278,169707,False,64.4,5.89,22.79,186,156.2,True,True,True,True,True,True,3.2,SRMJEEE,4263
District Physical Education College Tura,Tura,Meghalaya,Government,1937,,B+,71,417,2.0,61551,66507,True,81.3,,,421,503.1,True,True,False,True,False,True,30.5,CLAT,845
Government Fashion Design College Mohali,Mohali,Punjab,Government,1859,162,A+,39,813,4.5,97744,27722,True,86.2,8.21,45.1,662,1435.3,True,False,True,True,True,True,17.8,NEET UG,3677
Kalyani University,Kalyani,West Bengal,Government,1960,,A,234,78,10.3,7284,39115,False,32.5,4.91,28.9,519,373.8,True,False,True,True,True,True,54.8,Own Entrance,800
Puri Institute of Fashion Design (Deemed),Puri,Odisha,Deemed,1903,232,A,103,1207,5.6,,155828,False,64.7,8.43,21.23,14,1921.8,True,True,True,True,True,True,28.2,NATA,6719
IISER Pune,Pune,Maharashtra,Government,2006,42,A++,177,261,0.8,226250,88724,False,93.2,30.92,207.21,249,1179.7,True,True,False,True,True,True,53.0,IAT,200
Raman College of Arts and Research Mysore,Mysore,Karnataka,Private,1907,155,A,208,279,3.2,438891,65694,True,64.8,8.14,55.16,229,397.5,True,True,True,True,True,True,62.6,UPSEE,887
Government Polytechnic Patiala,Patiala,Punjab,Government,1987,433,,45,256,16.0,32015,47782,False,34.7,4.94,13.45,296,2086.7,True,True,True,True,False,True,50.0,University Entrance,4086
Ambedkar College of Education and Research Cuttack,Cuttack,Odisha,Private,1903,175,A,35,468,10.8,172518,129444,True,44.8,3.77,19.83,61,2453.2,True,False,True,True,False,True,15.8,JEE Main,5069
National Law University Delhi,New Delhi,Delhi,Government,2008,87,A+,198,1073,0.1,255713,117251,False,85.9,16.74,76.41,258,447.6,True,True,True,True,True,True,52.3,AILET,120
Rani University Nizamabad,Nizamabad,Telangana,Private,1912,190,B+,230,1084,1.1,392736,140944,False,50.2,3.71,23.84,691,1317.2,False,False,True,False,False,False,70.9,BITSAT,1236
Raman Deemed University Agartala,Agartala,Tripura,Deemed,1920,226,A,246,1264,3.8,592330,118355,True,52.3,6.5,42.14,21,2207.2,True,False,True,False,False,False,44.1,COMEDK,4765
Bharathiar University,Coimbatore,Tamil Nadu,Govt,1982,,A+,104,636,2.4,91122,20048,True,82.4,11.61,49.52,640,1445.7,False,True,False,True,False,True,17.4,Own Entrance,1500
Dayanand Institute of Management Tura,Tura,Meghalaya,Private,1926,245,B,191,1419,3.2,205436,71675,True,49.9,2.61,18.08,544,664.1,False,True,False,True,True,True,53.3,GATE,4520
Government Medical Sciences College Hisar,Hisar,Haryana,Government,1972,78,A,241,251,15.2,61171,152562,False,66.1,5.42,28.16,422,1291.8,True,True,False,True,True,True,27.7,KCET,3812
Global Academy of Veterinary Science Guwahati,Guwahati,Assam,Private,1869,54,B++,69,863,7.9,729152,98619,True,66.7,8.32,24.96,649,1289.4,True,False,True,True,True,True,57.4,State Level,6808
Sri Saraswati Institute of Fine Arts Gangtok,Gangtok,Sikkim,Private,1970,76,B,7,1429,3.2,1217826,156020,True,93.4,16.89,46.75,271,1558.4,True,True,True,True,True,True,41.3,JEE Advanced,4623
Chanakya University Gandhinagar,Gandhinagar,Gujarat,Private,1857,155,A,33,239,9.2,,83918,False,31.5,3.13,21.52,199,1108.4,True,False,False,True,False,False,46.5,NEET UG,2198
Modern Institute of Fine Arts Baramulla,Baramulla,Jammu & Kashmir,Private,1852,233,A,240,1433,2.7,,136543,True,55.3,9.95,57.63,376,480.4,True,False,False,True,True,False,69.6,CUET,3850
Bharati Deemed University Sambalpur,Sambalpur,Odisha,Deemed,1985,228,B+,241,242,24.5,297774,65029,True,75.2,6.99,48.01,229,2301.4,False,True,True,True,True,False,72.5,GATE,5923
Jamia Hamdard,New Delhi,Delhi,Deemed,1989,,A+,187,626,1.6,529843,120748,True,76.1,6.1,32.21,621,145.5,True,False,False,True,True,True,66.0,Own Entrance,1000
Tilak Autonomous Institute Kharagpur,Kharagpur,West Bengal,Autonomous,1979,66,B+,84,94,11.4,53442,46771,False,57.1,8.25,38.06,80,260.8,True,True,True,False,True,True,84.9,VITEEE,1069
Government College of Commerce Vasco da Gama,Vasco da Gama,Goa,Government,1877,6,B+,31,975,7.2,297477,162908,True,85.8,29.86,87.8,319,2057.7,True,False,True,True,False,False,66.7,SRMJEEE,7056
Laxmi College of Fine Arts and Research Vellore,Vellore,Tamil Nadu,Private,1910,78,A+,17,1448,1.4,916909,26476,True,92.5,25.19,100.92,483,418.2,False,True,False,False,False,False,77.9,VITEEE,2095
Bhabha Deemed University Naharlagun,Naharlagun,Arunachal Pradesh,Deemed,1897,157,B,63,328,17.0,230036,93199,True,64.5,7.45,45.85,673,1164.8,False,True,True,True,False,True,78.6,JEE Main,5563
Government Medical Sciences College Bardhaman,Bardhaman,West Bengal,Government,2000,,A,192,1042,4.1,22281,173171,False,47.5,3.69,15.5,436,2059.9,True,True,True,True,True,True,13.1,COMEDK,4311
Institute of Hotel Management Delhi,New Delhi,Delhi,Government,1962,,A+,120,1106,0.3,50553,136627,False,83.0,14.39,82.59,433,420.0,False,True,True,True,True,False,72.8,NCHM JEE,300
Modern Institute of Journalism Baramulla,Baramulla,Jammu & Kashmir,Private,1864,232,,152,831,8.2,224356,139664,False,74.4,7.05,29.14,666,1685.1,True,True,False,False,False,False,2.6,CLAT,6837
Rajasthan State Ayurveda College Bikaner,Bikaner,Rajasthan,Government,1873,47,A,123,1459,2.7,232034,32142,False,95.1,28.46,197.38,291,1418.9,True,True,True,False,True,False,8.8,NATA,3968
Laxmi College of Ayurveda and Research Hyderabad,Hyderabad,Telangana,Private,1995,,A,245,1204,3.0,153637,88424,True,43.4,4.17,10.95,568,2303.2,True,True,True,False,False,True,83.2,VITEEE,3554
Autonomous College of Technology Hyderabad,Hyderabad,Telangana,Autonomous,1924,16,A+,29,1001,1.8,282871,146727,False,88.7,14.3,60.56,643,2085.9,False,True,True,True,True,True,66.8,VITEEE,1834
Excel Institute of Pharmacy Imphal,Imphal,Manipur,Private,1961,,A+,7,269,7.1,771328,92186,True,88.5,11.59,72.07,689,2339.9,True,False,True,True,True,True,67.6,COMEDK,1900
Prime College of Dental Sciences Durg,Durg,Chhattisgarh,Private,1905,167,A,207,1265,4.6,353967,170553,True,52.7,4.48,27.82,89,645.7,True,True,True,True,True,True,77.8,UPSEE,5786
Jamshedpur Institute of Ayurveda (Deemed),Jamshedpur,Jharkhand,Deemed,1938,235,B+,215,1082,4.0,357900,61600,True,51.4,8.82,29.44,583,1959.0,True,True,True,False,False,True,23.1,UPSEE,4350
Government College of Arts Thiruvananthapuram,Thiruvananthapuram,Kerala,Government,1892,178,B,215,1204,1.9,45828,61657,True,73.8,12.73,86.9,331,202.6,False,False,False,False,False,True,44.2,CLAT,2302
Government College of Pharmacy Sambalpur,Sambalpur,Odisha,Government,1891,274,B,183,1133,6.1,16201,167994,True,56.9,2.25,9.57,452,411.7,False,False,True,False,True,True,39.4,TS EAMCET,6961
Sri Raman Institute of Agriculture Nagpur,Nagpur,Maharashtra,Private,1900,8,A+,92,773,1.8,,20244,False,97.2,20.61,142.94,329,2333.2,False,False,False,True,False,False,34.6,TNEA,1403
State Institute of Physical Education Vasco da Gama,Vasco da Gama,Goa,Government,2009,415,B+,224,628,11.4,8743,48628,True,49.4,5.81,38.71,557,1159.8,True,False,True,True,True,False,49.1,TS EAMCET,7152
Global Academy of Dental Sciences Roorkee,Roorkee,Uttarakhand,Private,2003,240,B++,241,875,2.8,659251,140510,False,79.9,4.61,16.41,411,1396.0,True,True,True,False,True,False,38.7,CLAT,2437
Chandigarh Institute of Journalism (Deemed),Chandigarh,Chandigarh,Deemed,1934,,B+,120,,,86024,139649,True,31.7,,,334,2403.1,True,True,True,True,True,True,30.6,TS EAMCET,3387
Modern Institute of Agriculture Kullu,Kullu,Himachal Pradesh,Private,1860,153,B,220,416,10.9,542129,59382,False,65.8,10.55,48.29,171,2426.8,True,True,False,True,False,False,39.5,GATE,4522
Sapru Institute of Hotel Management Silchar,Silchar,Assam,Private,1907,,,156,302,14.4,233515,45173,False,34.5,,,674,118.9,False,False,False,True,False,False,27.8,JEE Main,4342
Prime College of Medical Sciences Jammu,Jammu,Jammu & Kashmir,Private,1855,,B,127,447,11.9,187807,173846,True,49.7,4.32,10.64,293,1635.1,True,True,False,True,True,True,62.7,CAT,5326
Chanakya Institute of Journalism Panaji,Panaji,Goa,Private,1986,496,B,85,1321,0.4,318552,88951,True,52.6,5.23,13.65,467,1645.8,False,False,False,True,False,True,67.7,JEE Main,492
District Journalism College Mapusa,Mapusa,Goa,Government,2008,,B+,9,221,35.6,47162,104472,True,58.2,3.13,7.74,365,2408.6,True,True,True,True,True,True,33.2,JEE Advanced,7864
State Institute of Arts Amritsar,Amritsar,Punjab,Government,1987,334,B+,57,1266,3.2,22143,135438,True,34.7,3.05,18.15,212,2126.5,True,True,True,False,True,True,77.1,CLAT,3998
State Institute of Nursing Karaikal,Karaikal,Puducherry,Government,1932,248,B++,99,1027,6.7,47904,66335,True,44.3,4.04,20.52,512,383.2,True,True,True,True,True,True,82.4,JEE Main,6847
Rani Foundation Dental Sciences College Jaipur,Jaipur,Rajasthan,Private,2010,82,B+,130,86,23.4,261788,41213,True,71.2,4.32,26.25,652,1941.7,False,False,True,False,False,True,11.1,University Entrance,2012
Government Model College Muzaffarpur,Muzaffarpur,Bihar,Government,1941,216,A,136,1015,5.8,46084,38040,False,55.7,4.09,10.07,423,136.1,False,False,True,False,False,True,60.7,COMEDK,5933
Indian Institute of Technology Dharwad,Dharwad,Karnataka,Government,2016,,,169,211,1.1,40004,27069,True,61.7,4.37,23.23,448,341.0,False,False,False,True,True,False,39.8,JEE Advanced,230
Government Polytechnic Jorhat,Jorhat,Assam,Government,1869,43,B+,54,365,5.3,292714,66231,True,86.5,25.62,61.2,426,485.8,False,True,True,False,False,True,72.7,AP EAMCET,1918
Guru Gobind Singh Institute of Information Technology Jodhpur,Jodhpur,Rajasthan,private,2000,210,A++,157,1461,3.5,475747,123060,False,63.2,5.67,28.14,468,40.9,True,True,True,True,True,True,79.8,COMEDK,5076
Patel Deemed University Hisar,Hisar,Haryana,Deemed,1915,,A+,122,251,14.7,184628,174661,False,66.4,5.85,21.27,89,633.0,False,False,True,True,False,False,73.0,UPSEE,3689
Government Model College Raipur,Raipur,Chhattisgarh,Government,1943,40,B,204,1374,1.1,246807,50533,True,98.1,32.12,205.71,655,846.6,True,False,False,True,False,True,52.9,KCET,1517
Deemed Institute of Applied Sciences Surat,Surat,Gujarat,Deemed,1875,310,,217,386,14.4,138297,168943,False,44.2,4.72,11.32,600,1267.1,True,True,True,True,True,True,55.8,KCET,5577
Patel Institute of Technology Berhampur,Berhampur,Odisha,Private,2009,51,B,43,886,3.0,1320877,134848,True,96.2,25.07,104.74,596,1015.9,True,True,True,True,True,True,68.6,CUET,2665
Jammu College of Commerce,Jammu,Jammu & Kashmir,private,1873,216,A,115,400,5.9,364016,74818,True,64.8,11.76,39.95,527,1994.2,True,True,True,True,True,True,22.8,COMEDK,2360
Bokaro Autonomous College of Engineering,Bokaro,Jharkhand,Autonomous,1928,,A+,156,1202,5.2,160471,40393,False,47.4,7.14,35.62,418,2084.2,False,False,False,False,True,False,84.5,UPSEE,6232
Gandhi Institute of Arts Bhopal,Bhopal,Madhya Pradesh,Private,1957,283,B++,5,924,1.7,231388,110717,True,34.5,2.02,7.67,419,819.3,True,True,True,False,True,True,43.6,GATE,1553
Government College of Commerce Belgaum,Belgaum,Karnataka,Government,1930,,A+,190,1385,4.3,91216,110191,False,86.6,8.79,43.19,163,954.0,False,False,False,False,True,True,84.8,SRMJEEE,5923
Goa State Journalism College Vasco da Gama,Vasco da Gama,Goa,Government,1999,,B,221,1043,2.7,77704,162401,False,92.7,14.1,55.03,557,1225.8,False,True,True,True,False,True,23.8,COMEDK,2844
Nagaland State Pharmacy College Dimapur,Dimapur,Nagaland,Government,2013,224,B+,51,1388,1.7,,51130,True,50.9,4.9,15.13,124,1527.1,True,True,True,True,True,False,61.0,AP EAMCET,2368
District Education College Gangtok,Gangtok,Sikkim,Government,1961,449,B++,184,977,3.8,40316,171883,False,39.0,2.07,11.39,667,57.6,False,True,False,True,False,True,73.5,TS EAMCET,3746
BMS College of Engineering,Bangalore,Karnataka,Autonomous,1946,213,A+,124,961,1.7,157330,170706,True,47.2,8.83,46.02,539,862.6,True,True,True,True,False,True,74.7,KCET,1600
Sri Aryabhata Institute of Applied Sciences Nizamabad,Nizamabad,Telangana,Private,1915,,B,230,1495,2.1,110977,133177,False,51.6,2.5,10.75,564,2129.5,False,True,True,True,True,True,83.9,CLAT,3075
Indian Institute of Technology Hyderabad,Hyderabad,Telangana,Government,2008,62,A+,68,987,0.6,40112,69862,True,77.3,6.4,18.67,87,1108.9,True,True,True,True,True,False,73.4,JEE Advanced,600
Mahatma Gandhi Foundation Management College Chandigarh,Chandigarh,Chandigarh,Private,1905,425,B++,134,403,2.1,181092,177212,True,37.3,2.62,11.01,162,2036.3,False,True,False,True,False,False,38.4,WBJEE,854
Academy of Journalism Surat,Surat,Gujarat,Deemed,2011,459,B++,24,799,7.1,,56453,True,27.5,2.67,6.46,115,111.1,True,False,True,False,True,True,46.4,WBJEE,5677
Vijayawada Government Hotel Management College,Vijayawada,Andhra Pradesh,Government,1883,56,A,98,458,8.4,223450,137825,True,,15.09,39.07,652,1892.0,False,True,True,False,False,False,64.9,KCET,3835
Nagaon Medical Sciences Autonomous College,Nagaon,Assam,Autonomous,2016,,B++,240,206,13.1,122912,146614,True,35.4,4.55,31.69,117,1065.4,False,False,True,False,False,False,7.5,NATA,2696
Autonomous College of Physical Education Imphal,Imphal,Manipur,Autonomous,1948,,B++,238,76,23.9,404081,57568,True,,17.44,59.98,527,280.8,True,True,True,True,True,True,11.8,TNEA,1816
Government College of Management Dimapur,Dimapur,Nagaland,Government,1963,272,B,17,49,141.1,39267,46946,True,43.7,3.23,7.31,396,1918.3,True,True,False,False,False,False,79.0,JEE Advanced,6912
Vivekananda Foundation Fine Arts College Chandigarh,Chandigarh,Chandigarh,Private,1895,,B,48,693,7.5,1939863,172376,True,,16.0,43.21,570,1322.7,True,True,False,True,True,True,52.6,TNEA,5192
Bihar State Technology College Gaya,Gaya,Bihar,Government,1980,408,A,213,622,7.7,13890,35615,True,45.0,,,688,853.4,True,True,True,True,True,True,37.2,VITEEE,4817
Ranchi Hotel Management Autonomous College,Ranchi,Jharkhand,Autonomous,1901,,,11,359,18.9,94702,95775,True,70.3,4.95,14.82,450,801.8,True,True,False,True,True,False,72.4,TS EAMCET,6789
Lovely Professional University,Phagwara,Punjab,Private,2005,212,A+,199,1194,5.0,360295,39753,True,59.8,10.18,45.51,603,1123.4,False,True,True,True,True,True,78.6,LPUNEST,6000
Dayanand University Agartala,Agartala,Tripura,Private,1875,63,,26,611,0.7,295533,62204,True,77.0,6.97,20.77,200,619.3,True,False,False,False,True,True,3.5,CUET,418
Indian Institute of Technology Kharagpur,Kharagpur,West Bengal,Government,1951,,A++,92,1352,1.1,16504,50029,True,80.7,10.37,34.57,124,735.2,True,True,True,True,True,True,14.3,JEE Advanced,1500
Sri Raman Institute of Dental Sciences Srinagar,Srinagar,Jammu & Kashmir,Private,1928,471,B++,118,1372,4.0,108428,96115,True,45.5,3.59,22.61,451,449.5,True,True,False,True,True,True,72.2,CAT,5508
Chhattisgarh State Journalism College Bhilai,Bhilai,Chhattisgarh,Government,1979,65,B++,100,852,6.7,,150829,True,,6.98,17.76,419,1424.7,True,True,True,True,True,True,9.9,BITSAT,5683
Karaikal Autonomous College of Journalism,Karaikal,Puducherry,Autonomous,1883,,A,134,319,8.9,100475,122704,True,29.7,2.25,7.94,361,607.6,False,False,False,True,True,False,61.1,GATE,2853
Autonomous College of Education Korba,Korba,Chhattisgarh,Autonomous,1904,193,A,209,239,13.1,,103106,True,28.4,4.76,12.12,555,1665.0,True,False,False,False,True,False,65.2,CLAT,3130
Government College of Homeopathy Mandi,Mandi,Himachal Pradesh,Government,1885,,B,103,1372,3.8,6514,126466,False,60.6,4.28,23.15,327,1518.2,True,False,False,False,True,False,26.9,CAT,5189
Modern Institute of Information Technology Solan,Solan,Himachal Pradesh,Private,1868,240,B+,108,,,146225,88238,True,45.1,4.24,21.36,696,2330.2,True,False,True,True,True,True,10.0,CLAT,5629
IIT Bombay IDC School of Design,Mumbai,Maharashtra,Government,1969,,A++,235,1432,0.1,83539,87804,True,95.2,24.86,163.16,353,1636.8,False,False,False,True,False,True,19.7,CEED,100
Modern Institute of Engineering Rohtak,Rohtak,Haryana,Private,1964,141,B++,175,326,12.8,346284,44815,True,70.1,11.9,68.25,442,1516.8,True,True,True,False,True,True,40.8,Own Entrance,4187
Birla Vishvakarma Mahavidyalaya,Anand,Gujarat,Autonomous,1948,223,A+,16,942,0.8,240651,54250,True,59.5,5.93,38.18,74,655.5,False,True,False,False,True,True,27.4,ACPC,800
Shillong Autonomous College of Commerce,Shillong,Meghalaya,Autonomous,1856,,B++,64,1275,4.6,89702,116164,True,43.8,3.45,9.34,213,1932.2,True,True,True,True,True,True,31.9,COMEDK,5858
Shri Ram College of Agriculture and Research Ludhiana,Ludhiana,Punjab,Private,1942,379,B,225,870,2.5,226854,108446,True,53.8,2.53,11.76,289,2447.6,False,False,False,True,True,True,37.6,BITSAT,2157
Alappuzha College of Engineering,Alappuzha,Kerala,Private,1879,131,A,166,1109,5.0,673888,75893,True,69.4,10.86,57.81,675,221.4,True,False,False,True,False,True,14.6,CUET,5565
Nehru Foundation Education College Muzaffarpur,Muzaffarpur,Bihar,Private,1978,429,A,149,646,3.2,,128254,True,,3.38,15.86,491,1476.4,True,True,True,True,True,True,20.9,TS EAMCET,2078
Margao Autonomous College of Science,Margao,Goa,Autonomous,1940,89,A+,116,1169,0.3,310294,113839,True,74.1,11.53,38.29,399,2265.5,False,False,False,False,False,False,68.7,UPSEE,299
Haryana State Homeopathy College Hisar,Hisar,Haryana,Government,2018,393,B+,247,263,2.8,18084,40246,True,53.7,2.79,11.59,464,2241.9,False,False,False,True,True,True,14.8,WBJEE,732
Government College of Ayurveda Delhi,Delhi,Delhi,Government,1932,194,B++,201,833,0.4,28604,81253,True,65.1,5.03,11.53,590,300.9,True,True,False,True,True,True,19.9,WBJEE,374
Raman University Kohima,Kohima,Nagaland,Private,1928,,A,207,940,3.1,433104,131388,True,61.9,10.03,55.16,386,1947.7,False,False,False,True,False,True,24.4,JEE Advanced,2943
Global Academy of Management Panaji,Panaji,Goa,Private,1855,48,B++,128,1431,1.8,2140472,60596,True,96.4,29.71,132.33,416,902.4,False,False,False,True,True,False,68.6,AP EAMCET,2526
Sri Subhas Institute of Hotel Management Solapur,Solapur,Maharashtra,Private,1963,,B++,151,936,5.6,174826,128004,True,39.0,5.46,19.23,643,992.1,False,True,True,True,False,True,2.8,MHT CET,5199
Global Academy of Ayurveda Delhi,Delhi,Delhi,Private,1971,180,B+,70,1411,0.4,135816,88270,True,53.7,3.37,8.09,98,1489.5,False,False,False,False,False,True,26.8,GATE,552
Government College of Pharmacy Aizawl,Aizawl,Mizoram,Government,1883,178,B+,140,343,9.4,18347,75275,False,47.6,4.51,10.92,37,25.2,True,True,True,False,True,True,70.2,University Entrance,3215
Delhi Technological University,New Delhi,Delhi,Government,1941,,A++,238,1056,1.1,102867,113827,False,94.8,18.79,41.28,222,1721.1,False,True,False,False,False,False,41.4,JEE Main,1200
State Institute of Science Varanasi,Varanasi,Uttar Pradesh,Government,1911,44,B,176,578,11.7,285100,40704,True,86.5,14.58,92.5,31,1002.4,True,False,True,True,True,True,22.1,NATA,6783
Raman Institute of Arts Kakinada,Kakinada,Andhra Pradesh,Private,1861,,A,96,1478,3.7,496087,85100,True,60.7,4.75,17.12,679,2028.6,True,True,True,True,True,True,25.6,State Level,5474
Government Polytechnic Namchi,Namchi,Sikkim,Government,1948,75,A+,155,240,20.6,27177,168467,False,69.7,9.48,48.45,145,453.7,False,True,True,True,True,True,38.5,CLAT,4936
Vivekananda Deemed University Panaji,Panaji,Goa,Deemed,1998,,B++,6,774,8.9,124553,155194,True,25.1,2.52,6.25,335,2045.7,True,True,True,True,True,True,56.0,TS EAMCET,6860
Dimapur Government Management College,Dimapur,Nagaland,Govt,1891,13,,249,1123,1.7,75880,134465,True,91.5,19.97,68.91,230,420.3,True,True,True,True,True,True,33.4,NEET UG,1864
Jai Prakash College of Physical Education and Research Naharlagun,Naharlagun,Arunachal Pradesh,Private,1967,259,A,131,210,1.8,243259,100908,False,,5.22,23.87,691,2451.4,True,True,False,False,False,False,63.7,WBJEE,383
Indian Institute of Technology Bombay,Mumbai,Maharashtra,Government,1958,,A++,178,,,98810,49184,False,65.6,7.75,24.15,568,219.2,True,False,False,False,True,True,36.4,JEE Advanced,1000
Excel Institute of Applied Sciences Puri,Puri,Odisha,Private,1918,306,B,156,1062,3.6,287426,60709,True,47.6,2.85,6.99,280,1425.6,True,True,False,True,True,True,62.0,CAT,3827
Laxmi Deemed University Tura,Tura,Meghalaya,Deemed,1852,,A+,146,589,6.4,527791,157644,True,57.2,9.04,31.48,131,429.4,False,False,True,True,False,False,4.8,SRMJEEE,3790
Amity University,Noida,Uttar Pradesh,Private,2005,,A+,217,982,4.1,624707,25467,True,81.1,5.37,36.18,380,222.1,True,True,True,True,True,True,71.9,Amity JEE,4000
Bokaro Institute of Applied Sciences (Deemed),Bokaro,Jharkhand,deemed,1976,462,B+,179,230,29.5,186552,82814,True,38.3,5.14,18.69,572,1187.0,False,True,True,True,True,True,70.3,Own Entrance,6780
Kamla Nehru University Hubli,Hubli,Karnataka,Private,1989,,B+,83,608,10.2,720320,35597,True,62.9,7.57,40.32,323,2360.1,True,True,True,True,True,True,33.7,WBJEE,6199
Excel Institute of Education Ghaziabad,Ghaziabad,Uttar Pradesh,Private,1929,292,B++,122,74,96.7,265880,45600,True,26.2,2.69,15.78,423,,True,True,False,False,False,True,1.3,TS EAMCET,7157
Guntur Autonomous College of Information Technology,Guntur,Andhra Pradesh,Autonomous,1882,,B++,113,248,26.9,49591,26950,True,21.4,2.84,11.33,294,2330.9,True,True,True,True,True,True,78.8,BITSAT,6677
Prime College of Applied Sciences Sambalpur,Sambalpur,Odisha,Private,1993,343,A,10,213,26.1,202688,104692,False,41.9,2.77,15.51,91,2125.7,True,True,True,True,True,True,12.9,JEE Advanced,5558
Deemed Institute of Homeopathy Aizawl,Aizawl,Mizoram,Deemed,1960,,A+,150,,,599020,173820,True,77.7,5.74,29.76,511,549.3,False,True,False,True,False,True,3.4,WBJEE,2517
Global Academy of Ayurveda Chandigarh,Chandigarh,Chandigarh,Private,1887,49,B+,248,1348,4.6,1339191,21161,False,95.0,25.64,82.88,475,1219.8,True,False,True,False,True,True,81.2,JEE Advanced,6218
Autonomous College of Science Jammu,Jammu,Jammu & Kashmir,Autonomous,1901,5,A++,37,1099,5.0,466887,30218,False,86.7,14.31,56.13,66,753.8,True,True,True,True,True,True,74.5,NEET UG,5501
Laxmi University Jaipur,Jaipur,Rajasthan,Private,1992,142,B+,127,733,4.5,743039,175279,True,70.7,5.6,33.38,104,1120.6,True,False,False,True,False,True,37.4,MHT CET,3282
Chanakya College of Agriculture and Research Bilaspur,Bilaspur,Chhattisgarh,private,1991,,A,82,112,51.8,313932,74733,True,33.4,5.08,15.95,257,2210.0,True,True,True,True,True,True,74.8,NEET UG,5802
Excel Institute of Arts Bellary,Bellary,Karnataka,Private,1880,475,B++,220,308,5.1,107830,153930,True,51.0,2.78,12.82,394,870.2,True,True,True,True,False,True,11.2,Own Entrance,1576
Bhagalpur College of Medical Sciences,Bhagalpur,Bihar,Private,1886,299,B,107,73,39.5,,148539,False,35.2,5.24,12.69,662,1523.9,True,False,False,False,False,True,55.8,BITSAT,2886
Deemed Institute of Fine Arts Amravati,Amravati,Maharashtra,Deemed,1943,68,A,112,171,10.5,,115037,True,89.8,12.07,81.14,316,538.0,False,False,False,False,True,False,21.5,University Entrance,1798
Academy of Management Udaipur,Udaipur,Rajasthan,Deemed,1892,70,A+,60,287,10.8,353497,53330,True,79.9,10.73,61.13,592,1445.0,False,True,True,True,True,True,58.3,UPSEE,3113
National Institute of Technology Agartala,Agartala,Tripura,Government,1965,297,A,122,560,0.8,20783,150460,False,61.9,2.57,11.07,271,,True,True,True,True,True,True,76.5,JEE Main,450
Sardar Vallabhbhai National Institute of Technology Surat,Surat,Gujarat,Government,1961,246,A+,216,784,1.1,81628,167412,True,69.8,11.71,79.06,65,2041.8,True,True,False,True,False,True,71.9,JEE Main,900
State Institute of Engineering Guwahati,Guwahati,Assam,Government,1964,413,B++,154,1098,2.5,35165,110944,True,51.8,3.14,7.08,136,2209.1,False,False,False,False,False,False,64.7,AP EAMCET,2796
National Institute of Technology Trichy,Tiruchirappalli,Tamil Nadu,Government,1964,181,A++,14,801,1.4,94251,56232,False,82.2,11.3,23.64,679,136.3,True,False,False,False,True,False,84.2,JEE Main,1100
Swami Foundation Agriculture College Jalandhar,Jalandhar,Punjab,Private,1934,201,A,170,957,4.9,,165793,True,79.1,11.72,69.9,539,242.8,False,False,True,False,True,True,36.8,State Level,4707
Deemed Institute of Technology Hyderabad,Hyderabad,Telangana,Deemed,1882,226,A,177,964,7.0,555397,162380,False,55.7,,,600,953.8,True,True,True,True,True,True,80.5,AP EAMCET,6753
Government College of Hotel Management Itanagar,Itanagar,Arunachal Pradesh,Govt,1928,383,B++,183,566,7.1,36597,68283,True,,2.09,5.53,112,1951.8,False,False,False,True,True,False,82.2,State Level,4042
Puri Veterinary Science Autonomous College,Puri,Odisha,Autonomous,1991,,B+,36,659,8.9,123186,38384,True,39.2,4.69,10.42,331,,False,False,False,False,False,False,19.6,TS EAMCET,5877
Prime College of Pharmacy Deoghar,Deoghar,Jharkhand,Private,1914,194,B+,156,75,83.0,257700,167665,False,49.2,4.78,27.6,390,701.5,False,True,False,False,True,False,31.7,KCET,6223
Nehru Autonomous Institute Agartala,Agartala,Tripura,Autonomous,1903,,B++,57,179,34.4,104078,126523,False,33.0,2.37,4.98,477,2343.6,False,True,False,False,False,True,6.6,UPSEE,6164
New Delhi Government Science College,New Delhi,Delhi,Government,1878,66,A+,19,62,107.0,129095,172888,True,86.5,20.27,125.18,508,321.5,True,True,True,True,True,True,6.2,AP EAMCET,6636
Gandhi Deemed University Mapusa,Mapusa,Goa,Deemed,2011,194,B+,84,1148,1.1,215151,147394,False,57.2,5.46,14.32,250,2487.3,True,True,False,False,True,True,46.1,State Level,1299
Prime College of Dental Sciences Dindigul,Dindigul,Tamil Nadu,Private,1933,94,B,40,1482,0.1,1938893,96634,True,85.0,17.28,38.57,625,1000.5,True,True,True,True,True,True,80.4,TNEA,151
Prime College of Architecture Tezpur,Tezpur,Assam,Private,2012,99,B+,93,156,23.9,393161,127991,True,64.4,10.45,46.45,430,350.5,True,True,False,False,False,True,59.8,Own Entrance,3723
Imphal Fashion Design Autonomous College,Imphal,Manipur,Autonomous,1853,,B++,152,172,32.7,125074,150937,True,39.9,3.25,19.96,111,2027.6,True,True,True,True,False,True,17.6,Own Entrance,5624
Excel Institute of Veterinary Science Gandhinagar,Gandhinagar,Gujarat,Private,1942,376,B,59,515,9.6,119869,41692,False,25.3,5.01,30.31,278,2330.8,True,True,False,True,False,True,71.1,NEET UG,4967
Shillong Autonomous College of Computer Science,Shillong,Meghalaya,Autonomous,1866,127,B++,23,624,10.7,125669,75677,True,55.8,5.86,34.76,363,720.8,False,True,False,True,True,False,57.4,TNEA,6692
Government College of Nursing Vasco da Gama,Vasco da Gama,Goa,Government,1933,223,A+,88,916,7.7,92199,65916,True,79.3,10.63,61.7,175,524.1,True,False,True,True,True,True,53.4,CLAT,7040
Vidyasagar Foundation Law College Naharlagun,Naharlagun,Arunachal Pradesh,Private,1906,2,,207,189,24.0,737065,72909,True,84.2,22.71,117.96,636,196.8,False,True,False,True,False,False,31.7,Own Entrance,4542
Modern Institute of Physical Education Naharlagun,Naharlagun,Arunachal Pradesh,Private,1873,,B++,57,570,10.5,385468,165026,False,75.5,6.4,40.45,20,2376.8,False,True,True,False,True,True,50.7,Own Entrance,6008
Rewa College of Information Technology,Rewa,Madhya Pradesh,Private,1941,,A+,171,1216,2.3,1772357,79532,True,97.5,21.18,60.03,93,1341.9,True,True,True,True,True,True,54.6,GATE,2806
Bhubaneswar College of Veterinary Science,Bhubaneswar,Odisha,Private,1889,63,A,68,442,16.9,509531,43770,True,81.7,6.37,25.53,95,832.2,True,False,False,False,True,False,54.9,VITEEE,7470
Vidyasagar Foundation Homeopathy College Solapur,Solapur,Maharashtra,Private,1959,121,A++,63,1119,6.2,,138716,False,75.2,4.43,21.21,24,687.2,True,True,True,True,True,True,59.4,UPSEE,6905
Government College of Management Karnal,Karnal,Haryana,Government,1867,175,B,33,813,9.1,14760,171724,True,37.1,5.74,34.53,370,2169.4,True,True,False,False,True,True,41.2,State Level,7358
Subhas Institute of Fine Arts Haridwar,Haridwar,Uttarakhand,Private,2017,164,B++,247,108,68.4,358422,74414,True,29.2,2.01,9.88,129,930.3,True,False,True,True,True,False,29.1,MHT CET,7390
Government Pharmacy College Gandhinagar,Gandhinagar,Gujarat,Government,1963,241,B++,169,1132,0.9,37975,49011,True,42.3,4.37,21.4,262,1353.5,True,True,True,True,True,True,26.1,TS EAMCET,1016
Government College of Education Darbhanga,Darbhanga,Bihar,Government,1896,277,A,127,1046,1.7,30465,105815,True,46.0,3.56,20.54,584,1492.7,True,True,False,False,False,True,67.8,TNEA,1750
Narayana Foundation Engineering College Kota,Kota,Rajasthan,Private,1903,129,A,114,725,5.7,,30330,True,65.6,7.4,19.61,530,1409.3,True,False,False,True,True,True,84.6,Own Entrance,4126
Government Veterinary Science College Varanasi,Varanasi,Uttar Pradesh,Government,1941,152,A+,5,403,8.1,32493,39545,True,71.0,12.63,30.65,184,415.3,True,False,False,False,False,True,54.2,CUET,3264
Vivekananda College of Science and Research Kohima,Kohima,Nagaland,Private,1914,360,B++,191,1465,3.0,226463,31579,True,40.7,2.97,8.42,16,2315.7,True,True,False,True,True,True,42.1,Own Entrance,4458
Government Science College Aizawl,Aizawl,Mizoram,Government,1870,179,A,202,566,3.4,88222,59274,True,82.1,8.63,41.74,148,2280.4,True,True,True,False,True,True,78.0,TS EAMCET,1939
Ramanujan College of Information Technology and Research Karaikal,Karaikal,Puducherry,Private,2007,,A,238,605,3.2,776665,43780,True,57.5,6.61,40.33,520,1052.7,False,True,True,True,False,True,65.6,TNEA,1966
Jamshedpur College of Fashion Design,Jamshedpur,Jharkhand,Private,2022,475,A,94,767,1.5,120953,104634,True,36.3,3.76,14.35,564,1251.4,True,False,True,True,True,True,83.7,AP EAMCET,1160
Government Polytechnic Roorkee,Roorkee,Uttarakhand,Government,2020,281,B++,166,281,22.9,25341,98961,True,64.0,2.32,7.68,386,1159.7,True,True,False,False,False,False,53.1,AP EAMCET,6435
Tagore Institute of Computer Science Darbhanga,Darbhanga,Bihar,Private,1898,13,A++,179,587,11.0,,158997,False,82.4,12.56,80.62,616,304.7,False,False,False,False,False,False,4.3,CLAT,6449
Sardar Autonomous Institute Belgaum,Belgaum,Karnataka,Autonomous,2016,,A,179,913,0.8,110503,177832,False,31.0,,,602,1483.7,True,False,False,True,False,False,57.7,NATA,707
Autonomous College of Pharmacy Agartala,Agartala,Tripura,Autonomous,1935,,,38,1002,4.7,106574,22585,True,65.6,3.96,26.31,550,1563.3,True,False,False,True,False,True,59.4,JEE Main,4690
Aurobindo Autonomous Institute Hyderabad,Hyderabad,Telangana,Autonomous,1994,194,B,233,384,0.2,144789,135431,True,34.3,4.56,16.32,317,1715.9,False,False,True,False,False,True,83.7,VITEEE,82
Deemed Institute of Journalism Bokaro,Bokaro,Jharkhand,Deemed,2017,182,,240,949,7.8,215242,108920,True,49.1,2.15,4.89,14,2222.1,True,True,True,False,True,True,79.4,TNEA,7397
State Institute of Ayurveda Ahmedabad,Ahmedabad,Gujarat,Government,1977,79,,48,279,24.6,76276,21617,True,97.9,29.26,77.89,415,1399.9,False,True,False,False,False,False,19.3,JEE Advanced,6854
Dibrugarh Government Technology College,Dibrugarh,Assam,Government,1946,244,A++,230,749,2.7,87738,28969,False,85.4,12.45,44.18,66,426.9,True,False,True,True,True,False,27.6,SRMJEEE,2059
Nehru College of Engineering and Research Belgaum,Belgaum,Karnataka,Private,1868,138,B,31,1035,6.9,659940,83441,False,65.1,11.05,44.15,364,817.1,True,False,True,False,False,True,23.9,TNEA,7190
Amrita College of Fine Arts and Research Anand,Anand,Gujarat,Private,1987,182,B+,73,323,19.8,356739,79675,True,59.5,5.15,18.15,83,2246.7,False,True,False,True,False,False,75.0,GATE,6397
Excel Institute of Pharmacy Delhi,Delhi,Delhi,Private,2019,484,B++,36,1416,1.4,188302,175766,True,29.1,2.54,8.14,92,1640.5,True,False,False,False,False,False,81.5,COMEDK,2015
Deemed Institute of Education Tirupati,Tirupati,Andhra Pradesh,Deemed,1857,78,A,115,1244,0.8,193809,63782,False,60.2,7.53,35.38,624,2461.7,True,True,True,True,False,True,5.2,VITEEE,1033
Global Academy of Applied Sciences Gangtok,Gangtok,Sikkim,Private,1987,111,B,143,700,7.5,322959,34660,False,81.5,9.12,38.17,309,1289.2,True,True,True,True,True,True,84.4,GATE,5270
Autonomous College of Technology Itanagar,Itanagar,Arunachal Pradesh,Autonomous,1892,46,B+,144,758,8.5,152424,99849,True,87.7,,,273,1659.2,False,True,False,False,False,True,22.3,CAT,6410
Indian Institute of Technology Delhi,New Delhi,Delhi,Government,1961,146,A++,72,1276,0.9,59118,46793,True,67.1,,,54,1824.9,False,False,False,True,False,True,46.0,JEE Advanced,1100
Shivaji University Imphal,Imphal,Manipur,Private,1899,55,A++,138,889,4.8,317844,112191,False,,8.61,53.89,425,957.6,True,True,False,False,True,True,44.5,VITEEE,4248
Excel Institute of Applied Sciences Kochi,Kochi,Kerala,Private,1908,339,B++,12,900,7.0,370448,75090,True,45.2,3.15,6.86,109,1069.0,True,True,True,True,True,True,56.5,CUET,6301
Prime College of Applied Sciences Bellary,Bellary,Karnataka,Private,2014,196,A,124,1057,0.9,375972,170427,False,45.4,2.66,5.33,520,486.6,True,False,True,False,True,True,45.8,CAT,922
Government Medical Sciences College Dimapur,Dimapur,Nagaland,Government,1953,260,A,189,1120,0.5,37033,75476,False,43.2,3.89,9.45,517,495.3,False,True,False,False,False,True,25.5,CLAT,592
Kalinga Institute of Industrial Technology,Bhubaneswar,Odisha,Private,1992,145,A++,210,448,7.8,495459,120105,False,68.6,7.35,20.66,629,347.7,False,True,True,True,True,True,22.0,KIITEE,3500
Padmavati Institute of Commerce Chandigarh,Chandigarh,Chandigarh,Private,1867,240,B,191,804,9.3,267507,164683,True,,4.26,10.63,494,1372.9,True,True,True,True,True,True,48.5,TNEA,7472
Jalandhar Government Nursing College,Jalandhar,Punjab,Government,1929,218,A++,187,963,2.6,68290,74502,False,80.1,5.19,16.4,603,1040.4,True,False,True,True,False,False,63.3,BITSAT,2458
Government Law College Itanagar,Itanagar,Arunachal Pradesh,Government,1960,415,B++,110,1491,1.2,46257,160840,True,59.3,3.05,12.88,463,1803.9,False,True,False,False,True,False,14.8,GATE,1843
Chandigarh University,Mohali,Punjab,Private,2012,228,A+,90,1371,2.9,604924,41392,True,,4.23,28.15,159,345.7,False,False,False,False,False,True,25.1,CUCET,4000
Tilak University Junagadh,Junagadh,Gujarat,Private,1889,395,B+,101,1117,3.8,179815,71400,False,,,,347,2424.4,True,True,True,True,True,True,21.5,MHT CET,4209
Government Model College Delhi,Delhi,Delhi,Government,2007,132,B,81,485,16.3,44730,28848,False,85.0,12.31,59.34,131,43.7,True,False,True,False,False,False,44.4,NEET UG,7896
Sri Venkateswara University,Tirupati,Andhra Pradesh,Government,1954,209,A+,225,891,1.7,78792,134487,False,87.4,6.36,17.08,476,2234.2,False,False,False,False,False,False,59.4,Own Entrance,1500
Global Academy of Journalism Pantnagar,Pantnagar,Uttarakhand,Private,1851,471,A,10,45,95.3,399754,168931,True,58.0,2.42,6.28,603,2387.5,False,False,True,False,True,False,72.4,JEE Main,4288
Uttar Pradesh State Fashion Design College Lucknow,Lucknow,Uttar Pradesh,Government,1987,,B+,128,351,0.7,57661,156090,True,80.1,5.46,11.61,192,1824.3,True,True,False,True,True,True,6.5,NEET UG,261
Narayana Academy of Nursing Tura,Tura,Meghalaya,Deemed,1944,,B+,187,161,42.8,150407,75713,True,27.1,3.54,23.25,697,1735.7,False,False,False,True,True,True,30.8,COMEDK,6886
Academy of Fine Arts Mapusa,Mapusa,Goa,Deemed,2021,319,B,222,1317,4.7,193045,150930,True,47.4,2.83,15.73,82,2412.2,True,True,False,False,False,True,14.7,MHT CET,6172
Mahatma Gandhi Foundation Science College Baramulla,Baramulla,Jammu & Kashmir,Private,2010,165,A++,77,1308,5.4,622267,76522,True,71.1,4.72,26.22,626,1249.4,False,False,False,True,True,False,82.6,NATA,7077
State Institute of Hotel Management Davangere,Davangere,Karnataka,Government,1882,,A,150,1112,4.7,33252,92009,True,42.1,3.83,19.48,479,103.5,False,True,True,False,True,True,28.4,CAT,5244
Government Social Work College Margao,Margao,Goa,Government,1978,39,A++,167,545,4.6,263140,161612,True,86.2,18.75,98.71,341,2102.0,True,True,True,True,True,True,60.8,State Level,2494
Shimla College of Information Technology,Shimla,Himachal Pradesh,Private,1921,385,B+,120,1489,1.2,364671,103441,False,54.2,5.31,27.48,289,,True,True,True,False,True,True,83.6,TS EAMCET,1787
Gangtok Institute of Law,Gangtok,Sikkim,Private,2004,60,A+,120,1379,5.0,677413,106256,True,62.4,7.92,42.45,484,94.3,False,True,True,True,True,True,64.9,VITEEE,6906
Kota Institute of Social Work (Deemed),Kota,Rajasthan,Deemed,1851,189,B+,70,1191,3.1,214511,30261,True,53.6,4.84,13.58,45,213.4,True,False,False,True,True,False,11.5,COMEDK,3723
Rani Foundation Homeopathy College Alappuzha,Alappuzha,Kerala,Private,1884,131,A+,214,1073,0.4,329315,26092,True,76.3,4.78,15.67,427,1670.2,False,False,False,False,False,True,51.1,JEE Main,420
Prime College of Dental Sciences Puducherry,Puducherry,Puducherry,Private,1963,,A,157,1174,4.7,615708,134767,True,93.7,29.77,77.88,439,432.6,True,True,True,True,True,False,56.5,NEET UG,5549
Tiruchirappalli College of Journalism,Tiruchirappalli,Tamil Nadu,Private,1934,324,B,244,1322,0.4,150712,27306,True,40.8,4.83,23.97,352,2101.6,False,False,False,False,False,False,21.8,KCET,574
St Stephens College,New Delhi,Delhi,Private,1881,132,A++,56,1297,0.9,443923,177722,True,60.9,8.21,16.45,143,853.2,True,False,True,False,False,True,15.9,CUET,1200
Government College of Dental Sciences Pilani,Pilani,Rajasthan,Government,1944,,A,151,212,32.8,35179,30637,True,43.4,4.8,31.92,534,2010.8,True,True,True,True,True,False,31.4,TS EAMCET,6953
Kochi Institute of Technology,Kochi,Kerala,Private,2000,151,B,19,569,12.7,753562,120901,True,60.7,9.54,55.52,313,1924.9,True,True,True,False,True,False,9.2,BITSAT,7225
Baramulla Autonomous College of Veterinary Science,Baramulla,Jammu & Kashmir,Autonomous,1991,86,A,40,690,7.1,,116482,True,50.0,5.55,17.95,151,241.9,True,False,True,False,False,False,17.7,KCET,4917
Autonomous College of Physical Education Rewa,Rewa,Madhya Pradesh,Autonomous,1917,,B+,235,686,7.9,46063,130979,False,47.6,2.96,16.09,484,1006.2,True,True,False,False,False,True,2.1,CUET,5439
Sri Gandhi Institute of Social Work Nainital,Nainital,Uttarakhand,Private,1939,371,A,35,146,1.4,160427,56993,True,28.0,3.27,21.53,175,846.6,True,True,True,True,True,True,22.2,UPSEE,209
Rewa Institute of Commerce,Rewa,Madhya Pradesh,Private,2022,91,A,88,453,1.4,695162,161571,True,71.0,11.56,62.98,311,2157.0,True,False,True,True,True,True,31.7,COMEDK,651
Tilak Institute of Medical Sciences Bilaspur,Bilaspur,Chhattisgarh,Private,1991,66,B,92,645,1.4,644286,81874,True,75.6,5.33,28.15,252,649.4,True,False,False,False,False,False,23.0,UPSEE,879
Dayanand College of Arts and Research Puducherry,Puducherry,Puducherry,Private,1924,225,A,76,1267,5.6,620601,164197,True,66.0,10.01,40.95,337,1926.7,False,True,True,True,True,True,53.9,CLAT,7145
Swami Academy of Engineering Sagar,Sagar,Madhya Pradesh,Deemed,1981,285,B++,135,1451,5.2,271376,80358,True,27.0,3.16,12.73,431,1239.7,False,True,True,False,False,True,46.5,University Entrance,7528
Haryana State Computer Science College Faridabad,Faridabad,Haryana,Government,1989,177,B++,12,1457,4.1,55776,112811,True,81.1,11.34,66.42,598,635.7,False,False,True,False,False,False,23.4,BITSAT,5954
Bhagat Singh Autonomous Institute Itanagar,Itanagar,Arunachal Pradesh,Autonomous,1917,247,A+,86,783,1.4,172212,84228,True,63.8,5.48,35.65,439,,True,True,True,True,True,False,12.6,SRMJEEE,1082
Prime College of Hotel Management Agartala,Agartala,Tripura,Private,1985,98,A+,222,484,5.5,731777,125043,True,79.4,10.99,56.31,206,1672.4,True,True,True,True,True,True,38.8,UPSEE,2657
Prime College of Management Pune,Pune,Maharashtra,Private,1861,,B++,21,1269,4.9,,79761,True,97.8,12.72,73.13,247,2218.7,True,True,True,True,True,True,25.8,TNEA,6279
Indira Autonomous Institute Thane,Thane,Maharashtra,Autonomous,1866,158,B+,220,610,2.9,148796,85325,True,60.5,,,550,717.3,True,True,True,True,True,True,25.7,UPSEE,1770
Bokaro College of Technology,Bokaro,Jharkhand,Private,1957,,B,173,442,7.5,292114,105165,False,45.8,2.45,12.07,612,1427.9,True,True,False,True,False,True,5.7,CUET,3304
Government Model College Mumbai,Mumbai,Maharashtra,Government,2007,,B++,78,535,11.6,103907,66112,True,87.2,28.68,61.17,485,1274.7,True,True,False,True,True,False,25.1,JEE Advanced,6211
Academy of Engineering Nainital,Nainital,Uttarakhand,Deemed,1871,449,B++,231,213,33.0,133247,98421,True,32.5,5.53,21.36,49,1714.8,True,True,False,True,True,True,72.9,SRMJEEE,7030
District Computer Science College Tezpur,Tezpur,Assam,Government,2005,,A+,171,1275,2.2,49123,122926,True,67.7,7.85,16.83,697,1280.5,False,True,False,False,False,False,35.1,MHT CET,2800
State Institute of Architecture Itanagar,Itanagar,Arunachal Pradesh,Government,1980,75,A,234,1328,5.5,47279,25162,True,86.5,7.32,27.1,223,128.1,True,False,True,True,False,False,83.8,CUET,7366
Government College of Physical Education Nizamabad,Nizamabad,Telangana,Government,1938,,A,112,323,21.4,15258,64729,True,71.8,14.68,77.13,230,614.3,True,True,True,True,False,True,32.5,Own Entrance,6917
Durg College of Arts,Durg,Chhattisgarh,Private,2006,496,,130,1310,1.8,179234,171651,True,31.1,5.26,12.19,526,1449.4,True,True,True,True,True,True,77.6,Own Entrance,2423
Academy of Physical Education Gangtok,Gangtok,Sikkim,Deemed,1912,92,B,225,1002,6.0,314435,28473,False,88.6,,,404,177.8,True,True,True,False,True,True,36.0,BITSAT,5975
District Journalism College Vasco da Gama,Vasco da Gama,Goa,Government,1893,,A+,183,588,0.4,,117242,True,86.1,8.15,53.79,95,1707.1,False,False,True,False,False,True,84.8,State Level,254
Chanakya University Cuttack,Cuttack,Odisha,Private,1970,177,A+,133,1480,2.5,796367,79682,True,70.6,9.05,49.11,647,697.2,False,True,True,False,True,True,48.9,KCET,3742
Excel Institute of Arts Karaikal,Karaikal,Puducherry,Private,1886,,A+,212,1023,7.7,2165251,125980,True,80.7,11.17,77.2,685,1769.7,False,True,True,True,False,True,71.5,NATA,7927
District Computer Science College Itanagar,Itanagar,Arunachal Pradesh,Government,1951,,B,177,889,8.7,44351,153054,True,71.5,13.8,45.85,257,12.4,False,False,True,False,False,False,77.4,JEE Main,7757
Academy of Science Shimla,Shimla,Himachal Pradesh,Deemed,1910,372,A,98,618,0.6,209848,57440,True,51.8,2.63,13.58,59,1740.9,True,True,True,True,True,True,49.0,AP EAMCET,353
Deemed Institute of Veterinary Science Jodhpur,Jodhpur,Rajasthan,Deemed,1987,,B,239,1384,1.7,452219,22977,True,74.9,3.65,21.81,596,1576.4,True,True,True,True,True,True,15.0,NEET UG,2313
Tirupati College of Commerce,Tirupati,Andhra Pradesh,Private,1888,104,A+,33,1280,3.6,722293,69232,True,65.5,4.87,22.8,638,1342.2,True,False,False,True,True,True,35.3,MHT CET,4615
Autonomous College of Physical Education Mangalore,Mangalore,Karnataka,Autonomous,1909,158,B++,87,51,155.1,84374,50338,False,69.0,8.21,19.26,358,1202.4,False,True,True,True,True,True,44.8,NEET UG,7911
Mahatma Gandhi Deemed University Alappuzha,Alappuzha,Kerala,Deemed,1967,207,A,178,1041,4.5,210671,82728,True,59.1,8.14,48.56,446,2000.7,False,True,False,False,False,True,66.8,KCET,4724
Bhagalpur Autonomous College of Social Work,Bhagalpur,Bihar,Autonomous,1928,,A,185,704,6.3,197366,135946,False,76.5,6.87,24.1,480,1680.0,False,False,False,True,False,False,33.2,NATA,4402
Government Polytechnic Gangtok,Gangtok,Sikkim,Government,1880,318,B+,139,1218,5.7,9413,131045,True,60.8,3.73,8.38,450,1077.2,False,False,True,False,False,False,69.2,TS EAMCET,7003
Chandra University Chandigarh,Chandigarh,Chandigarh,Private,1948,,A+,240,440,6.4,578844,147485,True,70.2,11.73,80.24,334,288.6,False,True,True,False,False,False,46.6,WBJEE,2803
State Institute of Social Work Jalandhar,Jalandhar,Punjab,Government,1975,,B,117,172,30.3,19458,148324,False,45.3,3.37,14.17,140,1110.6,False,True,True,True,True,False,41.0,VITEEE,5217
Solapur Institute of Fine Arts,Solapur,Maharashtra,Private,1973,249,A,46,713,7.2,226676,135586,True,44.9,3.81,17.04,677,478.6,True,True,True,True,False,True,50.5,SRMJEEE,5151
Thapar Institute of Engineering,Patiala,Punjab,Private,1956,,A+,27,114,13.2,428484,99299,True,73.4,11.47,29.99,191,1384.8,True,False,True,True,False,True,84.3,JEE Main,1500
Modern Institute of Information Technology Kakinada,Kakinada,Andhra Pradesh,Private,1905,245,A,25,1301,6.1,439454,148195,True,75.4,5.53,34.89,594,1667.6,False,True,False,True,True,True,4.4,CLAT,7951
District Social Work College Korba,Korba,Chhattisgarh,Government,1920,146,B+,42,681,10.0,88872,133565,True,66.8,6.68,39.73,532,1119.5,False,True,True,True,False,False,4.0,SRMJEEE,6834
RVCE Bangalore,Bangalore,Karnataka,Autonomous,1963,47,A++,222,654,2.8,267556,111075,False,85.6,12.6,43.49,171,1780.1,True,True,True,True,True,False,78.9,KCET,1800
Academy of Computer Science Nizamabad,Nizamabad,Telangana,Deemed,1957,430,B++,235,484,5.1,140980,71342,True,,2.23,13.57,55,1666.6,False,True,False,False,False,False,71.8,State Level,2477
Sri Babasaheb Institute of Physical Education Bhopal,Bhopal,Madhya Pradesh,Private,1859,96,,28,1344,1.2,251125,147353,True,67.5,10.72,60.15,143,2278.0,True,False,False,True,False,True,71.6,MHT CET,1623
National Institute of Technology Raipur,Raipur,Chhattisgarh,Government,1956,267,A,195,1281,0.4,5530,168354,True,60.3,5.11,35.1,518,2082.4,True,True,True,True,True,False,76.8,JEE Main,500
Laxmi Deemed University Aizawl,Aizawl,Mizoram,deemed,1968,,B++,113,1170,4.5,127539,53019,False,32.7,3.62,24.89,460,108.0,False,True,True,True,False,True,58.7,UPSEE,5214
Aryabhatta University Gandhinagar,Gandhinagar,Gujarat,Private,1895,170,B++,31,734,4.4,252708,123113,True,29.2,2.62,10.86,563,2278.4,True,False,False,True,True,False,25.2,NATA,3261
Shri Ram Academy of Social Work Chandigarh,Chandigarh,Chandigarh,Deemed,1905,,B,10,1190,5.9,328761,98721,True,68.3,9.89,57.37,679,572.0,True,False,True,True,True,False,13.9,MHT CET,6969
Tagore Foundation Information Technology College Patna,Patna,Bihar,Private,1973,54,B+,140,1196,0.7,780050,136712,False,,18.09,45.74,107,2411.5,False,True,True,False,True,False,72.5,CAT,819
Vijayawada College of Ayurveda,Vijayawada,Andhra Pradesh,Private,2018,,A+,76,1137,1.1,1658077,58819,True,83.3,21.12,72.22,492,818.2,True,True,True,True,False,True,14.1,CLAT,1206
Chennai Agriculture Autonomous College,Chennai,Tamil Nadu,Autonomous,1982,409,B+,241,1460,4.9,120611,125629,True,36.6,4.76,31.35,436,2155.8,True,True,False,False,True,False,80.1,CUET,7095
Autonomous College of Commerce Bhubaneswar,Bhubaneswar,Odisha,Autonomous,1860,,B+,137,1246,6.3,170201,100141,True,62.6,7.11,43.63,104,1714.2,False,True,True,False,False,False,13.0,UPSEE,7816
Modern Institute of Social Work Agartala,Agartala,Tripura,Private,1990,207,A+,153,827,2.2,470785,45591,True,63.4,7.89,38.66,219,1274.1,False,False,False,True,False,True,13.6,University Entrance,1849
Saraswati Deemed University Itanagar,Itanagar,Arunachal Pradesh,Deemed,1919,,B+,222,1448,1.6,258593,91980,True,51.7,9.26,42.69,330,1484.8,False,True,True,True,True,True,81.6,University Entrance,2298
State Institute of Technology Ahmedabad,Ahmedabad,Gujarat,Government,2005,,B++,176,848,9.4,7982,21405,False,38.9,4.48,15.74,389,332.3,False,False,True,True,False,False,75.9,University Entrance,7983
Rani College of Science and Research Lucknow,Lucknow,Uttar Pradesh,Private,1942,316,B++,68,225,16.4,383627,140798,True,55.8,4.02,25.25,647,469.6,False,True,True,True,True,True,10.9,UPSEE,3701
Patel Academy of Veterinary Science Kochi,Kochi,Kerala,Deemed,1957,216,B+,33,859,9.0,117635,140954,True,39.6,2.15,8.6,438,2077.7,True,False,True,True,True,False,5.6,JEE Main,7693
Excel Institute of Commerce Mandi,Mandi,Himachal Pradesh,Private,1933,376,B++,158,1049,2.1,127523,94485,False,30.8,2.87,11.49,157,1810.8,False,True,False,True,True,True,64.0,TNEA,2188
Sri Bhagat Singh Institute of Commerce Hyderabad,Hyderabad,Telangana,Private,1850,,B+,132,1125,5.3,289190,98002,True,37.1,2.95,11.78,644,345.4,True,True,True,False,False,False,73.7,NEET UG,5984
Satna Institute of Management (Deemed),Satna,Madhya Pradesh,Deemed,1943,53,A+,111,594,1.1,874653,112233,True,89.6,13.36,81.91,197,378.0,False,False,False,False,True,True,8.9,State Level,676
Excel Institute of Fine Arts Aizawl,Aizawl,Mizoram,Private,1882,393,A,181,708,6.6,133095,24642,True,39.8,3.46,10.54,249,2275.5,False,False,True,False,True,True,76.8,WBJEE,4691
Autonomous College of Information Technology Naharlagun,Naharlagun,Arunachal Pradesh,Autonomous,1914,,B++,171,760,2.2,360456,162768,True,73.5,8.71,52.57,641,1195.0,True,False,False,True,False,True,37.5,NATA,1668
Armed Forces Medical College,Pune,Maharashtra,Government,1948,,A++,139,160,0.9,86636,148009,True,69.2,13.89,96.56,44,2098.0,False,False,True,False,False,False,7.2,NEET UG,150
Raman Autonomous Institute Prayagraj,Prayagraj,Uttar Pradesh,Autonomous,2019,119,B+,192,769,5.2,53540,171300,True,70.5,8.36,39.74,441,480.2,False,False,False,False,False,False,55.3,KCET,3963
District Education College Dimapur,Dimapur,Nagaland,Government,1937,51,B++,250,58,113.7,37133,20041,True,72.9,11.47,53.51,47,158.5,True,True,True,True,True,True,55.9,VITEEE,6592
Aligarh Muslim University,Aligarh,Uttar Pradesh,Government,1875,224,A++,139,389,7.7,49803,171643,False,78.3,12.21,60.04,654,1803.5,True,True,False,False,True,True,66.1,AMU Entrance,3000
State Institute of Science Prayagraj,Prayagraj,Uttar Pradesh,Government,1995,122,A,118,1061,3.2,57170,134063,False,77.1,11.92,79.44,640,1573.2,True,True,True,True,True,True,64.6,GATE,3397
Central University of Tamil Nadu,Thiruvarur,Tamil Nadu,Government,2009,327,B++,37,259,1.2,45968,35742,True,32.1,4.58,25.22,509,583.2,True,False,True,True,True,True,83.5,CUET,300
Subhas Academy of Applied Sciences Imphal,Imphal,Manipur,Deemed,2005,14,B,168,558,7.1,867241,142558,False,78.5,18.93,102.22,267,2188.3,False,True,False,True,False,False,83.2,CLAT,3939
Chanakya Foundation Journalism College Satna,Satna,Madhya Pradesh,Private,1951,490,A,211,1498,5.0,326506,84865,True,46.7,2.71,16.82,598,889.8,False,True,True,False,False,False,75.4,TS EAMCET,7546
Global Academy of Homeopathy Delhi,Delhi,Delhi,Private,1936,181,B++,143,50,121.2,244488,51828,True,41.5,2.8,12.82,604,2056.1,True,True,True,True,True,True,78.4,UPSEE,6059
Modern Institute of Social Work Darbhanga,Darbhanga,Bihar,Private,1995,341,B+,185,274,29.1,355088,24054,True,32.6,2.46,14.94,620,1127.7,True,True,True,False,True,True,5.5,JEE Advanced,7967
Prime College of Education Vijayawada,Vijayawada,Andhra Pradesh,Private,1929,,B,203,77,6.2,355955,111588,True,45.1,4.86,10.52,700,1647.2,True,False,True,True,True,True,16.3,VITEEE,481
Aryabhatta Institute of Architecture Jabalpur,Jabalpur,Madhya Pradesh,Private,1986,,A,64,320,12.8,651750,167439,True,55.4,4.61,22.25,430,2166.6,False,True,False,False,False,False,18.2,TNEA,4099
Agartala Autonomous College of Social Work,Agartala,Tripura,Autonomous,1857,215,B++,117,402,11.0,124873,36357,False,27.9,3.8,11.99,160,2488.2,False,False,True,True,False,True,66.3,Own Entrance,4436
Government Polytechnic Raipur,Raipur,Chhattisgarh,Government,1934,163,B+,183,1447,1.4,85688,34175,True,85.9,11.65,37.77,237,1520.9,True,True,True,True,True,False,33.0,TNEA,2044
Kakinada College of Veterinary Science,Kakinada,Andhra Pradesh,private,1987,96,B+,106,823,8.5,454103,108236,True,66.6,10.5,41.95,60,358.9,True,False,False,True,False,True,9.0,CUET,7015
Himachal Pradesh State Dental Sciences College Shimla,Shimla,H.P.,Government,1922,,A,92,1401,0.1,40871,40343,False,79.0,7.81,18.52,38,1119.5,False,False,True,True,False,False,67.8,University Entrance,157
Nellore Government Education College,Nellore,Andhra Pradesh,Government,1893,328,B++,188,510,0.7,49757,156761,True,48.4,2.33,12.08,447,2454.0,True,False,True,False,False,False,65.0,CUET,382
Mizoram State Applied Sciences College Aizawl,Aizawl,Mizoram,Government,1933,82,A+,163,275,10.1,17553,24802,True,87.0,13.85,29.94,320,1722.2,True,False,True,False,True,True,65.6,WBJEE,2779
Arunachal Pradesh State Management College Naharlagun,Naharlagun,Arunachal Pradesh,Government,1968,360,A,165,1469,2.9,21750,69126,False,48.7,3.13,18.66,555,1908.5,True,True,True,True,True,True,73.0,CUET,4274
Indian Institute of Technology Palakkad,Palakkad,Kerala,Government,2015,411,,160,1227,0.2,31612,163638,True,59.2,,,680,807.0,True,True,True,True,False,True,38.1,JEE Advanced,280
Thane Medical Sciences Autonomous College,Thane,Maharashtra,Autonomous,1881,,A++,83,1011,2.0,105471,85174,True,91.1,12.39,77.61,147,1616.5,True,True,True,True,True,True,27.5,UPSEE,2035
Government Polytechnic Ahmedabad,Ahmedabad,Gujarat,Government,1978,452,A,169,606,10.7,46497,81376,False,41.3,3.49,12.85,260,1177.6,True,True,False,False,False,True,39.1,WBJEE,6500
Deemed Institute of Social Work Itanagar,Itanagar,Arunachal Pradesh,Deemed,1884,56,A+,89,858,0.1,705397,170300,True,77.4,17.94,84.08,383,2151.2,False,True,True,True,True,False,66.1,University Entrance,91
New Horizon College of Engineering,Bangalore,Karnataka,Autonomous,2001,343,A,218,600,2.0,115003,104953,False,23.1,4.9,25.32,279,1447.4,False,True,False,True,True,True,48.9,KCET,1200
Prayagraj Journalism Autonomous College,Prayagraj,Uttar Pradesh,Autonomous,2002,361,B+,220,543,8.5,86641,91668,True,26.6,4.72,27.19,567,442.2,True,True,True,True,False,True,9.6,JEE Advanced,4598
Modern Institute of Fine Arts Agartala,Agartala,Tripura,Private,2006,198,B++,91,1188,0.2,,154139,True,63.4,4.52,9.3,114,966.1,False,False,False,True,False,True,14.4,TS EAMCET,269
Government College of Management Muzaffarpur,Muzaffarpur,Bihar,Government,1871,,B++,33,631,7.9,47865,114229,True,46.2,4.91,21.47,695,1788.7,False,False,False,False,False,False,81.7,University Entrance,4966
Jharkhand State Technology College Dhanbad,Dhanbad,Jharkhand,Government,1942,42,B+,29,948,8.0,52437,157760,True,92.3,,,11,2230.3,False,True,False,False,False,True,56.8,TNEA,7550
Uttar Pradesh State Medical Sciences College Aligarh,Aligarh,Uttar Pradesh,Government,1959,89,B++,203,1367,3.4,97297,83994,False,93.3,17.82,58.52,632,639.0,True,True,False,True,False,True,19.3,TNEA,4690
Academy of Technology Thane,Thane,Maharashtra,Deemed,1891,287,B++,235,1309,4.8,140199,66039,True,26.0,2.05,11.01,491,912.5,True,True,True,True,True,False,53.4,University Entrance,6307
Sri Chandra Institute of Commerce Muzaffarpur,Muzaffarpur,Bihar,Private,2020,484,B+,98,337,4.6,307852,24254,True,39.4,4.43,9.66,14,2325.1,True,True,True,True,True,True,7.8,COMEDK,1536
Manipal Academy of Higher Education,Manipal,Karnataka,Private,1953,17,A++,79,563,5.3,614886,22015,True,83.7,28.91,168.74,345,301.7,False,True,False,False,True,True,42.8,MET,3000
Prime College of Fine Arts Kollam,Kollam,Kerala,Private,1961,185,A,71,789,6.2,149543,146413,True,43.2,5.34,35.64,575,1747.3,False,False,True,True,True,True,82.2,University Entrance,4888
Chanakya Deemed University Salem,Salem,Tamil Nadu,Deemed,2014,,B+,201,994,1.4,1044961,166426,True,92.3,20.32,99.59,513,2347.7,False,True,False,True,True,False,23.4,UPSEE,1384
Usha Academy of Journalism Rajahmundry,Rajahmundry,Andhra Pradesh,Deemed,1902,100,A+,130,882,9.0,382899,124446,True,52.0,8.02,38.81,395,382.5,False,True,False,True,True,False,80.8,SRMJEEE,7899
Lucknow Institute of Fashion Design,Lucknow,Uttar Pradesh,Private,1951,,A+,118,773,7.6,334062,71349,False,78.6,5.38,26.78,23,2327.6,True,True,True,True,True,True,23.9,VITEEE,5884
District Technology College Pantnagar,Pantnagar,Uttarakhand,Government,1967,,B++,195,354,17.8,299546,64241,False,91.5,28.98,133.96,54,1154.6,True,True,True,True,True,True,54.1,AP EAMCET,6302
Autonomous College of Fine Arts Haldwani,Haldwani,Uttarakhand,Autonomous,1938,,A,10,923,8.0,112966,178752,True,25.0,4.66,9.74,562,1926.1,True,False,True,True,True,True,73.6,NATA,7397
Raman Institute of Nursing Udaipur,Udaipur,Rajasthan,Private,2007,,B,97,231,16.0,664722,29154,True,64.6,4.86,30.8,647,1614.8,False,False,True,False,True,False,55.8,AP EAMCET,3703
Jai Prakash College of Fine Arts and Research Gangtok,Gangtok,Sikkim,Private,2005,144,B+,117,819,8.3,391932,78462,True,59.6,9.88,31.81,460,2099.2,False,True,True,True,False,False,51.2,SRMJEEE,6793
Nehru College of Medical Sciences and Research Haridwar,Haridwar,Uttarakhand,Private,1997,136,,126,768,7.3,594847,131964,True,73.3,5.35,12.21,193,2362.8,True,True,True,True,True,True,10.9,CUET,5616
Government Polytechnic Tura,Tura,Meghalaya,Government,2020,229,A,84,1256,3.1,97031,174100,True,82.8,7.47,39.72,467,1882.5,True,True,True,True,True,True,5.7,KCET,3845
Academy of Technology Bareilly,Bareilly,UP,Deemed,1858,72,A++,28,1197,6.0,407954,94094,True,66.1,7.62,43.22,581,1951.9,True,True,True,True,True,True,45.7,SRMJEEE,7212
Government Journalism College Bokaro,Bokaro,Jharkhand,Government,1854,,B++,35,867,2.9,27073,61824,True,42.4,4.56,21.56,670,2419.8,False,False,False,False,False,False,64.8,VITEEE,2499
Bikaner Institute of Pharmacy,Bikaner,Rajasthan,Private,1916,435,B++,239,403,19.3,139475,158682,True,32.3,2.97,19.06,250,123.7,False,True,False,True,True,False,81.5,WBJEE,7792
Jai Prakash Institute of Commerce Rewa,Rewa,Madhya Pradesh,Private,2016,,B++,97,504,12.1,197892,167586,True,38.6,,,421,933.6,False,True,True,True,True,False,23.6,SRMJEEE,6119
Haridwar Autonomous College of Physical Education,Haridwar,Uttarakhand,Autonomous,1864,237,A+,9,895,4.6,99516,138997,True,74.2,3.64,24.95,35,2321.3,True,True,False,True,True,False,82.5,COMEDK,4086
Jawaharlal University Indore,Indore,Madhya Pradesh,Private,1985,,B++,218,146,23.7,387266,135826,True,60.9,11.02,54.27,113,,False,False,True,True,True,True,74.7,BITSAT,3456
Bhubaneswar Institute of Fine Arts (Deemed),Bhubaneswar,Odisha,Deemed,1891,41,A+,136,410,10.0,734708,100920,True,82.7,19.2,109.23,463,662.1,True,False,False,False,False,True,13.9,NATA,4080
Birla Institute of Technology Mesra,Ranchi,Jharkhand,Deemed,1955,190,A+,97,438,2.3,341772,125710,False,60.2,6.1,29.59,576,722.9,False,True,True,False,False,True,33.5,BIT MCA,1000
Modern Institute of Science Ahmedabad,Ahmedabad,Gujarat,Private,2006,77,B+,68,120,8.5,1852372,65755,True,90.3,16.01,104.15,79,2477.3,False,False,False,True,False,True,46.6,Own Entrance,1025
Bikaner Autonomous College of Arts,Bikaner,Rajasthan,Autonomous,1865,54,A,188,598,4.9,448773,40760,True,85.5,14.09,61.94,175,2425.7,False,True,True,True,False,False,58.8,COMEDK,2916
Hindu College Delhi,New Delhi,Delhi,Government,1899,151,A++,180,1136,1.8,44820,165123,True,66.4,8.87,40.92,496,1432.6,True,True,True,True,True,True,20.8,CUET,2000
Karaikal Institute of Dental Sciences,Karaikal,Puducherry,Private,2005,109,B,71,42,125.9,561255,84687,True,78.7,7.62,28.0,410,2095.1,True,False,True,True,True,True,37.5,CAT,5288
Autonomous College of Commerce Erode,Erode,Tamil Nadu,Autonomous,1976,,B+,53,1258,2.2,113083,123532,True,,2.3,5.3,204,1591.7,True,False,True,False,False,False,56.9,Own Entrance,2799
Aizawl Arts Autonomous College,Aizawl,Mizoram,Autonomous,1941,256,B+,189,125,48.7,98329,72943,True,39.9,2.31,5.38,338,2162.4,False,True,False,True,True,False,29.0,UPSEE,6088
Academy of Arts Raipur,Raipur,Chhattisgarh,Deemed,1883,479,,139,380,19.4,161342,27457,True,33.9,2.33,6.62,346,2130.7,True,True,False,False,False,False,72.1,CAT,7383
Government Model College Anantnag,Anantnag,Jammu & Kashmir,Government,1893,287,B+,170,750,10.5,30275,60816,True,,2.84,15.65,305,520.2,False,False,False,True,True,False,59.8,JEE Advanced,7839
Excel Institute of Computer Science Ludhiana,Ludhiana,Punjab,Private,1939,,B+,27,498,14.3,580133,105396,True,71.9,8.79,58.32,213,1661.1,False,False,True,True,True,False,13.8,JEE Advanced,7144
Sri Rajendra Prasad Institute of Social Work Karaikal,Karaikal,Puducherry,Private,1976,,A++,90,1143,5.9,643843,115647,True,58.9,8.15,28.95,280,2146.1,True,True,True,True,True,True,50.7,CAT,6755
Raman College of Management and Research Karimnagar,Karimnagar,Telangana,Private,1957,222,A,36,862,5.7,460647,111857,True,56.9,11.71,39.59,609,2361.0,True,True,False,True,False,False,13.8,AP EAMCET,4904
Modern Institute of Technology Rajkot,Rajkot,Gujarat,Private,1912,,B++,214,1120,3.9,1354865,153236,True,88.5,,,371,2331.6,True,False,False,False,False,True,79.2,COMEDK,4344
Ambala College of Hotel Management,Ambala,Haryana,Private,1964,216,A,25,54,124.3,214151,149583,True,45.8,,,193,1501.7,True,True,True,False,True,True,50.5,UPSEE,6710
West Bengal State Science College Asansol,Asansol,West Bengal,Government,1939,194,,221,404,13.2,8866,43977,True,,3.49,7.0,484,,True,True,True,False,True,False,10.2,COMEDK,5315
Academy of Dental Sciences Aurangabad,Aurangabad,Maharashtra,Deemed,1943,96,A+,136,489,11.3,1301997,149185,True,90.0,19.93,59.42,142,2014.0,False,False,False,True,False,True,13.0,Own Entrance,5535
Excel Institute of Hotel Management Tura,Tura,Meghalaya,Private,1879,76,B+,112,435,8.9,742667,165745,True,56.0,4.86,25.26,238,2344.3,False,True,False,False,False,True,45.2,SRMJEEE,3879
Raman Institute of Pharmacy Meerut,Meerut,Uttar Pradesh,Private,1960,182,A,170,746,5.9,274188,78343,True,25.9,3.07,12.09,602,1283.6,True,False,True,True,True,True,77.9,BITSAT,4367
Prime College of Information Technology Margao,Margao,Goa,Private,1947,,B++,174,381,16.9,,27328,False,33.8,3.11,18.54,665,1287.9,True,True,True,False,False,False,34.1,KCET,6420
Gujarat State Science College Surat,Surat,Gujarat,Government,1902,190,A+,91,217,21.3,33621,97066,True,84.1,11.32,29.68,449,1448.7,False,True,False,True,True,True,27.2,WBJEE,4624
Puducherry State Engineering College Puducherry,Puducherry,Puducherry,Government,1907,,B++,233,766,7.3,84778,139997,True,80.0,7.0,42.75,600,383.2,True,True,False,False,False,True,65.9,UPSEE,5585
Global Academy of Physical Education Gangtok,Gangtok,Sikkim,Private,1864,,A++,176,858,3.6,728365,64415,True,73.0,5.37,17.51,613,712.1,True,True,True,True,True,True,70.6,University Entrance,3111
Deemed Institute of Dental Sciences Siliguri,Siliguri,West Bengal,Deemed,1987,21,A,81,1425,1.9,521045,71914,True,87.6,9.23,41.84,121,1373.8,True,True,False,True,True,False,26.9,State Level,2678
Prime College of Social Work Aligarh,Aligarh,Uttar Pradesh,Private,1934,289,A,5,1157,4.1,,46453,False,35.8,3.24,6.75,448,506.8,True,True,True,False,False,False,29.5,VITEEE,4761
Government Model College Alappuzha,Alappuzha,Kerala,Government,1887,,B,170,1302,3.2,44432,129119,True,38.4,4.98,22.04,51,2104.5,True,False,True,False,False,False,61.9,VITEEE,4182
Chandigarh Institute of Science,Chandigarh,Chandigarh,Private,1997,32,A++,108,480,5.4,2319593,65972,True,85.0,29.54,125.72,267,459.9,False,True,True,True,True,False,21.5,JEE Advanced,2614
Guntur Government Science College,Guntur,Andhra Pradesh,Government,1895,69,B+,249,805,2.6,55145,168972,True,90.7,24.56,160.6,316,118.2,True,True,True,False,False,True,42.4,TS EAMCET,2064
Rajendra Prasad Institute of Education Nellore,Nellore,Andhra Pradesh,Private,1962,45,A++,7,601,4.9,747496,154939,True,87.7,11.3,41.6,637,2007.2,False,True,False,False,True,True,24.9,TS EAMCET,2935
GB Pant University of Agriculture,Pantnagar,Uttarakhand,Government,1960,70,A++,95,622,0.8,94374,72155,False,78.3,11.5,53.96,342,1683.6,False,False,True,True,True,True,41.9,JRF,500
Academy of Technology Ranchi,Ranchi,Jharkhand,Deemed,2014,474,A,61,420,18.8,122409,53304,True,29.9,5.3,18.53,169,1106.8,True,False,True,True,True,True,26.0,NEET UG,7888
Sikkim University,Gangtok,Sikkim,Government,2007,157,B++,67,151,1.7,49915,117994,True,35.5,4.91,11.93,645,2317.0,True,True,True,True,False,True,74.0,CUET,250
Modern Institute of Nursing Dehradun,Dehradun,Uttarakhand,Private,1963,194,B++,234,1466,5.0,393467,129960,False,43.6,4.58,28.97,378,1333.2,False,False,False,False,False,False,38.5,COMEDK,7386
District Engineering College Haridwar,Haridwar,Uttarakhand,Government,1869,,B++,233,909,2.9,43589,168475,True,35.0,2.38,14.99,265,516.1,True,False,True,True,False,False,63.2,MHT CET,2679
Bilaspur Hotel Management Autonomous College,Bilaspur,Chhattisgarh,Autonomous,1987,344,B+,5,1222,3.1,80725,29326,True,21.7,3.36,19.86,599,2374.5,False,False,False,False,True,True,78.1,KCET,3813
Srinagar College of Applied Sciences,Srinagar,Jammu & Kashmir,Private,2019,127,B++,146,1355,0.7,493947,148876,False,80.8,10.38,40.26,343,1964.1,True,True,True,True,False,True,50.2,TS EAMCET,998
Autonomous College of Management Bangalore,Bangalore,Karnataka,Autonomous,1884,282,B++,159,827,8.8,54408,62537,True,49.1,2.19,10.79,694,1909.0,True,True,False,True,True,False,47.3,GATE,7238
Modern Institute of Hotel Management Agartala,Agartala,Tripura,Private,2000,91,B++,250,933,3.7,2432742,52631,True,86.9,21.31,63.32,271,1928.6,True,True,False,False,True,True,64.1,NEET UG,3408
Government College of Nursing Margao,Margao,Goa,Government,1902,50,A+,238,378,1.0,93396,125435,True,73.8,7.19,48.87,261,896.8,True,True,False,False,False,True,82.0,State Level,369
Modern Institute of Pharmacy Gandhinagar,Gandhinagar,Gujarat,Private,1856,364,B++,134,1272,0.9,202081,64721,True,51.9,2.55,7.85,161,185.6,True,True,False,True,False,False,38.9,UPSEE,1201
Amrita Institute of Computer Science Imphal,Imphal,Manipur,Private,1942,46,B+,10,299,23.3,1694012,139136,True,96.1,10.47,52.07,99,333.5,True,False,True,False,False,True,75.0,BITSAT,6973
Government Polytechnic Sonipat,Sonipat,Haryana,Government,1945,,B+,76,593,0.6,,138951,False,86.9,5.21,32.21,612,961.7,True,False,False,False,False,True,70.5,CAT,353
Modern Institute of Journalism Vadodara,Vadodara,Gujarat,Private,1863,,B++,163,629,4.3,667735,125598,True,62.6,11.23,31.94,288,768.7,False,True,True,True,True,True,63.3,JEE Advanced,2683
Kohima Institute of Science,Kohima,Nagaland,Private,1879,336,B,80,1157,2.9,394099,46908,True,32.4,2.06,12.96,398,1507.6,False,True,False,True,False,False,58.1,AP EAMCET,3388
Modern Institute of Medical Sciences Aizawl,Aizawl,Mizoram,Private,1904,464,B++,110,901,7.5,346941,51520,False,43.1,2.47,14.02,496,2278.2,False,False,False,False,False,False,55.0,JEE Main,6756
Hamirpur Dental Sciences Autonomous College,Hamirpur,Himachal Pradesh,Autonomous,1963,180,B+,12,186,30.8,110145,175791,True,52.3,6.48,22.33,602,1705.7,True,False,True,False,False,False,7.7,COMEDK,5724
Excel Institute of Law Chandigarh,Chandigarh,Punjab,Private,1995,261,A,156,690,6.8,146222,50477,True,55.3,2.64,6.42,651,2414.5,True,True,True,True,True,False,65.4,NEET UG,4698
New Delhi Autonomous College of Management,New Delhi,Delhi,Autonomous,2000,205,B,144,1212,5.6,76827,70694,True,52.8,8.58,35.17,358,1836.9,False,True,False,True,True,False,42.3,COMEDK,6837
Devi Ahilya University Nizamabad,Nizamabad,Telangana,Private,1951,,B++,86,653,7.0,652176,42822,False,,8.92,19.06,182,2298.5,True,True,False,True,True,False,79.1,MHT CET,4550
Vidyasagar University Nagpur,Nagpur,Maharashtra,Private,1865,151,B,233,1239,1.1,322086,114778,True,80.8,6.95,29.76,170,2440.6,True,True,True,True,True,True,7.1,NEET UG,1322
Hamirpur Government Dental Sciences College,Hamirpur,Himachal Pradesh,Government,1957,,B++,101,356,4.1,43615,30620,False,49.5,3.39,15.7,153,1096.3,False,True,True,False,False,False,77.1,University Entrance,1442
State Institute of Engineering Amravati,Amravati,maharashtra,Government,1987,,A++,200,1305,4.7,198419,31724,True,97.1,18.01,44.75,408,,True,True,True,True,True,True,63.9,Own Entrance,6069
Agartala Dental Sciences Autonomous College,Agartala,Tripura,Autonomous,1977,,B++,67,1104,3.1,227180,114355,True,54.6,5.73,15.78,115,1896.0,True,False,True,True,True,True,78.6,MHT CET,3438
Tilak Foundation Arts College Begusarai,Begusarai,Bihar,Private,1860,472,B+,244,1049,4.9,379679,132822,True,26.4,5.02,21.67,312,1654.6,True,True,True,True,True,True,22.7,JEE Advanced,5165
Autonomous College of Applied Sciences Kohima,Kohima,Nagaland,Autonomous,2013,156,A++,122,1442,1.2,116258,20044,True,69.1,3.58,12.13,566,,False,False,False,False,True,True,56.8,NATA,1706
Tagore College of Fine Arts and Research Thanjavur,Thanjavur,Tamil Nadu,Private,1862,190,A+,28,,,736506,27585,True,73.7,5.93,39.89,394,361.2,True,True,True,True,True,True,19.8,NATA,7100
Haldwani College of Medical Sciences,Haldwani,Uttarakhand,Private,1870,,A,205,290,26.1,361785,99079,True,45.3,2.39,16.56,601,2496.9,True,True,True,True,True,False,15.2,JEE Advanced,7580
State Institute of Dental Sciences Jodhpur,Jodhpur,Rajasthan,Government,2006,355,,84,135,2.3,22197,122855,True,31.3,5.28,15.47,609,852.3,True,True,True,True,True,True,33.5,CUET,312
Jamia Hamdard,New Delhi,New Delhi,Deemed,1989,128,A+,19,1448,0.7,,125233,True,67.3,6.21,17.56,422,1510.2,False,False,False,False,False,True,48.1,Own Entrance,1000
Central University of Gujarat,Gandhinagar,Gujarat,Government,2009,244,A,143,579,0.6,41341,62033,True,32.4,2.62,9.11,385,1136.3,False,False,False,False,False,True,66.2,CUET,350
Autonomous College of Computer Science Vijayawada,Vijayawada,Andhra Pradesh,Autonomous,1919,79,B++,119,1120,1.5,212966,102336,False,85.3,14.17,49.91,324,1118.6,False,True,True,False,True,True,3.3,University Entrance,1674
Ambedkar Autonomous Institute Aizawl,Aizawl,Mizoram,Autonomous,1957,8,B++,145,,,401727,61974,False,82.2,15.86,83.11,66,1018.1,False,True,True,False,True,False,7.2,NEET UG,1084
Excel Institute of Pharmacy Ghaziabad,Ghaziabad,Uttar Pradesh,Private,1953,374,B,39,470,13.1,288429,60739,False,27.7,3.61,23.07,78,622.9,True,True,True,True,True,True,1.3,JEE Main,6153
Bilaspur Government Ayurveda College,Bilaspur,Chhattisgarh,Government,1924,,A,9,273,23.8,46240,59053,True,31.6,2.09,7.19,303,215.9,True,True,False,True,True,True,6.0,WBJEE,6484
Modern Institute of Physical Education Vasco da Gama,Vasco da Gama,Goa,Private,1872,286,B+,95,1461,3.7,100151,73641,True,29.3,2.15,6.98,215,1344.2,True,True,True,True,True,True,34.3,CUET,5351
Sagar Government Applied Sciences College,Sagar,Madhya Pradesh,Government,1898,,A,150,665,2.0,94607,116804,True,65.8,12.16,65.28,413,,True,False,False,True,True,True,47.8,Own Entrance,1311
Mapusa Institute of Physical Education,Mapusa,Goa,Private,2014,158,A,146,970,5.2,727743,62034,True,55.3,10.66,57.56,274,2298.0,False,True,True,True,False,False,43.2,JEE Advanced,5009
Government Polytechnic Agartala,Agartala,Tripura,Government,2002,488,A,235,1032,5.1,17050,86343,False,,4.09,24.98,16,204.9,True,False,True,True,True,True,1.9,AP EAMCET,5222
District Journalism College Kochi,Kochi,Kerala,Government,2005,280,,198,1048,1.2,20926,65080,True,53.0,3.48,21.62,482,1474.8,True,True,True,True,True,True,41.0,BITSAT,1279
Aizawl Ayurveda Autonomous College,Aizawl,Mizoram,Autonomous,1926,335,B++,142,830,0.9,106253,67051,False,28.3,3.24,10.4,140,2119.0,False,False,True,False,False,False,52.8,WBJEE,778
Assam State Dental Sciences College Silchar,Silchar,Assam,Government,1855,146,B++,178,152,23.2,23855,86713,True,85.3,9.09,57.5,152,162.3,True,True,True,True,False,True,16.7,VITEEE,3534
Sri Raman Institute of Computer Science Bhavnagar,Bhavnagar,Gujarat,Private,1861,222,A,116,639,10.5,,62146,True,32.5,3.34,9.24,388,1929.7,False,True,False,False,False,False,36.5,University Entrance,6712
Sri Gandhi Institute of Applied Sciences Dimapur,Dimapur,Nagaland,Private,1981,,B+,186,394,19.3,501898,74827,True,80.6,4.56,14.1,566,2019.7,False,False,True,False,True,True,9.9,CLAT,7590
Bhabha Institute of Science Aizawl,Aizawl,Mizoram,Private,1945,234,,206,1056,2.6,270681,96339,False,73.6,6.8,28.45,608,,True,True,True,True,True,True,10.3,COMEDK,2702
Gaya College of Education,Gaya,Bihar,Private,2004,231,A,148,1056,5.8,563921,91663,True,75.3,8.06,24.15,543,271.9,True,False,True,True,True,False,55.7,State Level,6153
District Law College Chandigarh,Chandigarh,Chandigarh,Government,1915,6,B++,93,1447,5.1,256428,38121,False,92.0,22.81,101.28,56,314.1,True,True,True,True,True,True,58.5,VITEEE,7355
Excel Institute of Science Chandigarh,Chandigarh,Chandigarh,Private,2006,100,A,70,401,6.8,1812723,22728,True,94.8,14.39,98.23,26,1344.4,False,True,True,True,True,True,83.2,KCET,2719
Agartala Engineering Autonomous College,Agartala,Tripura,Autonomous,1946,,B++,132,728,4.5,200087,45618,True,69.2,3.6,19.35,524,2029.0,False,True,False,False,True,False,57.1,UPSEE,3257
Sri Subhas Institute of Physical Education Begusarai,Begusarai,Bihar,Private,1888,,A,211,452,0.2,322633,66576,False,41.9,2.66,10.77,317,1687.0,False,True,False,True,True,False,46.3,KCET,78
Excel Institute of Arts Korba,Korba,Chhattisgarh,Private,1984,112,B+,33,889,0.2,418841,26964,True,81.9,4.24,10.74,572,321.5,True,True,True,True,True,True,51.2,JEE Main,147
District Social Work College Bhubaneswar,Bhubaneswar,Odisha,Government,1982,,A++,157,443,10.2,,43067,True,65.8,8.72,50.68,90,233.9,False,False,True,True,False,False,32.0,SRMJEEE,4535
Agartala Institute of Information Technology (Deemed),Agartala,Tripura,Deemed,2019,171,B++,199,43,103.3,128646,61641,False,40.8,2.66,12.46,123,1318.3,False,False,False,True,True,False,14.0,University Entrance,4441
St Xaviers College Mumbai,Mumbai,Maharashtra,Autonomous,1869,144,A++,130,1004,3.0,126496,41479,True,59.2,3.69,21.86,686,664.0,True,True,True,True,False,False,54.9,Own Entrance,3000
Government College of Commerce Jamshedpur,Jamshedpur,Jharkhand,Government,1957,37,A++,244,260,11.8,167095,120144,True,92.8,25.66,148.63,290,1140.9,True,True,True,False,False,True,17.6,NEET UG,3079
Guwahati Engineering Autonomous College,Guwahati,Assam,Autonomous,1923,138,B++,75,1439,2.7,88666,39963,False,57.9,3.34,9.65,166,,True,True,False,True,False,True,66.0,TNEA,3915
Dhirubhai Ambani Institute,Gandhinagar,Gujarat,Private,2001,326,A,160,736,0.8,138258,35705,True,30.2,3.45,14.91,157,782.8,False,True,True,False,True,True,61.3,JEE Main,600
Sri Lakshmi Institute of Engineering Aizawl,Aizawl,Mizoram,Private,1925,65,A+,181,232,25.2,339045,64997,True,72.5,9.88,66.45,641,1314.0,True,False,True,True,True,True,67.5,JEE Main,5846
Prime College of Journalism Indore,Indore,Madhya Pradesh,Private,1882,452,B++,74,766,2.1,332376,154418,False,28.4,2.51,6.37,173,2077.2,True,True,True,True,False,True,37.9,NATA,1617
King George Medical University,Lucknow,Uttar Pradesh,Government,1911,134,A+,7,1344,0.2,19152,44510,True,74.3,,,185,208.5,True,True,True,False,True,True,72.0,NEET UG,250
District Information Technology College Margao,Margao,Goa,Government,1903,103,B,128,259,1.2,24914,124027,True,67.8,12.13,71.39,470,1493.0,True,True,False,True,True,False,29.7,CLAT,320
Deemed Institute of Fine Arts Mohali,Mohali,Punjab,Deemed,1918,,,211,1111,2.6,,62752,True,94.5,19.94,103.05,646,2471.8,True,True,True,True,True,True,52.1,GATE,2845
Prime College of Technology Kharagpur,Kharagpur,West Bengal,Private,1871,233,B+,68,1415,1.1,150901,113183,True,40.0,2.62,12.6,452,964.6,False,True,True,False,False,False,70.6,NATA,1624
Government Engineering College Dimapur,Dimapur,Nagaland,Government,2021,196,A+,51,1254,1.5,90101,170111,False,,11.94,29.52,403,1211.5,False,True,True,False,False,False,55.1,SRMJEEE,1902
Government College of Engineering Warangal,Warangal,Telangana,Government,1907,,A++,171,980,8.0,163741,35881,True,93.4,28.73,163.39,56,637.6,True,False,False,False,True,True,21.5,CUET,7876
Government College of Information Technology Dehradun,Dehradun,Uttarakhand,Government,1901,369,,227,1138,4.2,,125070,True,40.7,4.99,24.33,287,979.8,True,True,False,True,True,True,64.3,MHT CET,4774
Tagore Institute of Medical Sciences Shillong,Shillong,Meghalaya,Private,1924,401,A,120,172,18.4,346264,26363,True,47.7,3.97,20.75,32,973.4,False,True,True,True,False,False,30.0,NATA,3168
Jharkhand State Fine Arts College Bokaro,Bokaro,Jharkhand,Government,1862,245,A++,134,,,15881,122168,True,70.1,12.04,73.38,390,81.1,True,True,True,False,False,True,25.8,KCET,5701
Autonomous College of Management Dimapur,Dimapur,Nagaland,Autonomous,1932,249,B++,250,418,2.7,138165,85141,True,71.8,7.87,41.79,496,423.5,True,True,True,True,True,True,23.6,JEE Advanced,1114
Karnataka State Architecture College Bellary,Bellary,Karnataka,Government,2019,,A,6,,,146765,53911,True,92.2,21.94,78.03,78,2407.1,True,True,True,True,False,True,72.0,CAT,2430
Government College of Law Nainital,Nainital,Uttarakhand,Government,2004,201,A+,45,778,5.9,84244,38411,True,78.3,11.77,41.31,202,294.3,False,True,True,False,False,False,49.1,JEE Advanced,4615
Indian Institute of Technology Patna,Patna,Bihar,Government,2008,,A,46,576,0.8,32759,92530,True,31.5,3.33,8.84,462,1380.1,True,False,True,False,False,False,36.9,JEE Advanced,450
Aryabhata Deemed University Mapusa,Mapusa,Goa,Deemed,1939,,A+,117,797,5.9,1157860,20878,True,86.9,13.36,71.59,533,1234.5,True,True,True,True,True,True,36.9,AP EAMCET,4666
Dayanand Foundation Information Technology College Haridwar,Haridwar,Uttarakhand,Private,1973,26,A+,129,1162,4.0,1928830,106573,True,89.7,15.35,63.34,629,2172.8,False,False,True,False,False,False,1.4,TNEA,4643
Saraswati Deemed University Aizawl,Aizawl,Mizoram,Deemed,1994,,B,155,338,11.0,431412,35350,True,87.2,17.26,44.98,271,271.5,False,False,False,True,True,False,68.7,COMEDK,3709
Government Polytechnic Patna,Patna,Bihar,Government,1940,156,A++,65,198,30.0,45762,111679,True,67.5,10.07,25.84,218,815.8,False,False,True,True,False,False,32.2,COMEDK,5944
State Institute of Hotel Management Dimapur,Dimapur,Nagaland,Government,1948,248,A,219,50,111.5,73518,164077,False,85.7,9.27,26.97,277,2397.0,True,False,False,True,False,True,83.7,TS EAMCET,5574
Pune College of Homeopathy,Pune,Maharashtra,Private,1902,386,B,59,453,13.5,222276,88678,True,51.4,4.49,19.6,625,1918.3,False,True,True,True,True,False,53.4,KCET,6130
Usha Autonomous Institute Dimapur,Dimapur,Nagaland,Autonomous,2000,55,B++,140,724,2.5,190522,139103,True,87.7,9.21,58.41,671,51.7,True,True,True,True,True,True,6.6,TNEA,1844
Chandigarh Government Management College,Chandigarh,Chandigarh,Government,1943,,B,24,1226,5.3,45903,72505,False,63.5,2.73,16.9,274,611.2,False,False,False,True,False,False,53.4,GATE,6452
Jai Prakash Academy of Social Work Bhubaneswar,Bhubaneswar,Odisha,deemed,1947,493,,154,943,3.4,124684,25230,True,42.6,5.95,22.68,595,456.2,True,True,True,True,True,True,76.1,VITEEE,3167
Academy of Veterinary Science Dharamsala,Dharamsala,Himachal Pradesh,Deemed,1994,,A+,26,151,3.3,1145030,21560,True,84.3,18.68,85.74,66,676.9,True,True,True,True,False,True,83.8,KCET,498
Kohima Autonomous College of Physical Education,Kohima,Nagaland,Autonomous,1918,197,B++,68,734,0.1,100252,73333,True,29.2,4.81,15.64,507,730.4,True,True,False,True,False,True,23.4,CUET,108
Aryabhata Academy of Technology Bathinda,Bathinda,Punjab,Deemed,1869,47,,59,327,7.9,1320972,84415,False,88.4,16.94,65.1,271,1587.1,True,True,True,True,True,False,37.0,COMEDK,2574
Himachal Pradesh State Homeopathy College Hamirpur,Hamirpur,Himachal Pradesh,Government,1888,,A+,235,1024,3.8,157150,68425,False,94.3,26.25,59.97,498,,True,False,False,False,False,True,51.9,WBJEE,3855
Naharlagun Institute of Arts (Deemed),Naharlagun,Arunachal Pradesh,Deemed,2015,,B+,156,1058,6.4,393944,90551,True,66.1,3.85,19.61,456,163.5,True,True,True,False,False,False,84.6,COMEDK,6786
Excel Institute of Architecture Durg,Durg,Chhattisgarh,Private,1922,,B+,9,246,24.0,119440,52154,True,40.2,2.67,16.35,89,1151.4,False,True,False,False,False,False,52.7,WBJEE,5908
Academy of Social Work Ranchi,Ranchi,Jharkhand,Deemed,1994,195,B,199,643,1.2,376777,145797,True,53.1,,,612,1671.5,True,True,True,True,True,False,43.3,University Entrance,766
State Institute of Ayurveda Vadodara,Vadodara,Gujarat,Government,1894,,,73,388,16.2,12384,154305,False,37.4,5.69,30.03,382,291.6,True,True,False,True,False,True,42.5,NATA,6270
Modern Institute of Arts Imphal,Imphal,Manipur,Private,1877,,A,104,936,0.5,1281051,92363,False,85.3,10.42,28.34,70,294.6,True,True,True,False,False,True,73.7,COMEDK,455
Deemed Institute of Computer Science Itanagar,Itanagar,Arunachal Pradesh,Deemed,1954,341,B,24,790,3.3,205584,99284,True,27.9,2.36,7.12,527,1686.4,False,True,False,True,False,False,1.7,TS EAMCET,2600
Prime College of Ayurveda Shillong,Shillong,Meghalaya,Private,1997,56,B,161,840,7.3,1103794,139618,True,86.2,26.85,160.07,189,1038.8,True,True,True,False,False,True,16.1,JEE Advanced,6099
Excel Institute of Pharmacy Berhampur,Berhampur,Odisha,Private,1959,,A,70,1327,3.4,348309,177865,True,57.6,2.68,16.37,577,985.1,True,True,True,True,True,True,78.7,TNEA,4527
Gandhi College of Computer Science and Research Shillong,Shillong,Meghalaya,Private,1952,347,B++,201,50,110.8,277250,24670,False,34.4,3.13,15.26,434,2326.6,True,True,True,True,True,True,14.4,MHT CET,5541
Tirupati Institute of Education (Deemed),Tirupati,Andhra Pradesh,Deemed,1992,169,A,178,104,40.2,282759,114903,False,72.3,9.87,32.98,449,637.7,False,True,True,False,True,True,55.8,NATA,4184
Lady Shri Ram College,New Delhi,Delhi,Private,1956,227,A++,250,1349,1.1,516423,104568,True,58.7,5.26,35.47,508,,True,True,True,False,True,True,15.6,CUET,1500
Tagore University Solapur,Solapur,Maharashtra,Private,1893,,A,149,1461,1.4,242348,27913,False,43.7,3.56,20.91,338,2258.0,False,False,True,True,True,True,41.8,CAT,2035
Government Model College Ludhiana,Ludhiana,Punjab,Government,1925,,B,193,740,5.2,77522,141149,True,65.5,5.4,31.59,357,1381.2,True,False,True,True,True,False,43.6,TNEA,3839
Tirunelveli College of Information Technology,Tirunelveli,Tamil Nadu,Private,1899,167,B++,172,79,56.9,254240,133244,False,39.8,,,131,1328.0,False,True,False,False,True,False,14.6,BITSAT,4494
Autonomous College of Hotel Management Bellary,Bellary,Karnataka,Autonomous,1972,334,B+,7,1400,0.7,55965,55444,False,44.5,4.73,14.45,457,994.7,False,False,False,True,False,False,24.6,University Entrance,988
Aryabhata Deemed University Kullu,Kullu,Himachal Pradesh,Deemed,2020,177,A,228,1261,3.9,132755,153936,False,45.6,2.71,9.65,680,1842.2,False,True,True,False,False,True,71.0,CLAT,4948
Namchi College of Engineering,Namchi,Sikkim,private,1904,,,237,567,8.2,102298,163148,False,55.2,3.21,18.06,553,2465.2,False,False,False,True,True,True,47.3,MHT CET,4637
District Social Work College Bhopal,Bhopal,Madhya Pradesh,Government,1893,,A+,183,359,8.0,35659,140598,True,84.4,8.07,38.68,414,1907.0,False,False,False,False,True,False,14.5,WBJEE,2868
Government Polytechnic Karnal,Karnal,Haryana,Government,1857,,B++,111,51,100.3,,157497,True,66.1,13.78,29.87,610,,False,True,False,True,True,True,52.5,KCET,5114
Uttarakhand State Architecture College Haridwar,Haridwar,Uttarakhand,Government,1879,441,A,172,781,4.7,31864,114864,True,32.8,4.24,10.1,505,1513.8,False,False,False,False,True,True,38.7,NATA,3705
Swami Institute of Homeopathy Bhagalpur,Bhagalpur,Bihar,Private,2020,145,B,45,774,8.3,765830,22568,True,59.6,9.75,30.76,255,798.9,True,True,True,True,True,False,44.4,VITEEE,6433
Jamshedpur College of Agriculture,Jamshedpur,Jharkhand,Private,1991,237,B+,16,496,3.7,339059,35061,True,56.4,6.59,43.41,292,2075.4,True,True,False,False,True,False,74.0,CAT,1811
Modern Institute of Technology Vijayawada,Vijayawada,Andhra Pradesh,Private,2023,231,,148,348,6.8,357537,29806,True,57.8,2.97,20.55,10,639.8,False,False,False,False,True,False,37.8,UPSEE,2349
Bennett University,Greater Noida,UP,Private,2016,320,A,192,533,1.5,295717,86492,False,49.7,3.25,7.6,682,1571.4,True,False,True,False,False,False,65.8,Own Test,800
Indian Institute of Management Calcutta,Kolkata,West Bengal,Government,1961,,A++,205,1322,0.4,78614,110109,True,85.6,12.62,28.14,480,42.7,True,False,True,True,True,True,79.1,CAT,480
Patel Academy of Dental Sciences Gurugram,Gurugram,Haryana,Deemed,2003,97,A,139,937,4.1,,174623,True,94.1,14.04,96.28,78,953.1,False,True,True,False,False,False,34.7,AP EAMCET,3808
Baramulla College of Technology,Baramulla,Jammu & Kashmir,Private,1892,68,B,239,55,18.4,,119330,True,74.2,8.76,33.99,536,491.0,False,False,False,False,False,True,39.5,CLAT,1012
Meera College of Hotel Management and Research New Delhi,New Delhi,Delhi,Private,1868,250,A+,7,,,242758,82087,True,67.1,,,184,2045.6,True,False,True,False,True,True,27.8,UPSEE,5591
Prime College of Fashion Design Purnia,Purnia,Bihar,Private,1932,478,B+,208,244,3.7,,54412,True,52.0,5.27,24.94,199,,True,False,True,True,True,True,14.3,GATE,893
Indira Foundation Ayurveda College Nashik,Nashik,Maharashtra,Private,2018,434,A,69,322,16.5,220947,57096,False,,2.57,16.78,172,2140.5,True,True,True,True,True,True,17.8,State Level,5316
Academy of Science Agartala,Agartala,Tripura,Deemed,1905,,B,93,699,3.1,129580,84814,False,39.2,2.68,15.65,410,479.1,True,True,False,False,False,False,54.0,WBJEE,2195
Shivaji University Shillong,Shillong,Meghalaya,private,1892,78,B++,95,1012,1.4,901873,165513,True,89.7,23.7,144.53,22,1638.3,True,True,False,True,True,False,6.1,VITEEE,1450
Modern Institute of Physical Education Agartala,Agartala,Tripura,Private,1978,107,B++,140,251,23.6,315496,58648,True,68.0,11.05,62.98,218,1053.8,True,True,True,True,True,True,34.2,WBJEE,5919
Ambala Autonomous College of Dental Sciences,Ambala,Haryana,Autonomous,1904,,B,68,569,6.3,64861,113421,True,40.3,3.71,25.94,459,1367.4,False,False,False,False,False,True,23.7,CUET,3592
Academy of Nursing Shimoga,Shimoga,Karnataka,Deemed,2014,330,A,149,144,24.3,94122,69713,True,38.2,2.19,4.89,393,2429.2,False,False,True,False,False,False,74.9,State Level,3505
Global Academy of Medical Sciences Dharamsala,Dharamsala,Himachal Pradesh,Private,1903,92,B+,223,244,23.8,618498,29861,True,76.3,7.12,39.33,186,203.8,False,False,True,False,True,True,34.2,TS EAMCET,5808
Gandhi Academy of Veterinary Science Kharagpur,Kharagpur,West Bengal,Deemed,1902,22,A+,5,125,24.9,814140,160911,True,94.1,21.46,102.49,485,2402.9,True,False,False,True,False,False,53.1,CAT,3118
Government College of Law Bhavnagar,Bhavnagar,Gujarat,Government,1900,346,A,27,66,32.1,45532,60968,True,56.5,3.05,15.02,12,2160.3,True,True,False,True,False,True,45.1,TS EAMCET,2117
Jai Prakash Autonomous Institute Margao,Margao,Goa,Autonomous,1854,103,B+,39,597,12.8,239018,145388,True,,4.83,12.45,663,142.4,True,False,True,False,False,False,43.6,AP EAMCET,7652
Global Academy of Technology Itanagar,Itanagar,Arunachal Pradesh,Private,1865,172,B++,168,672,7.7,154800,73935,False,,2.31,13.42,146,2271.7,False,False,False,False,True,False,80.3,NATA,5194
Aryabhata Academy of Pharmacy Mohali,Mohali,Punjab,Deemed,1867,,B+,177,298,24.6,280169,157124,True,36.7,5.76,14.51,141,2392.4,False,True,True,False,False,False,67.9,CAT,7321
Global Academy of Technology Namchi,Namchi,Sikkim,Private,1939,65,B+,141,558,4.1,359361,102070,False,76.4,11.74,37.03,525,953.9,True,False,True,False,False,False,27.8,AP EAMCET,2269
Dimapur Institute of Homeopathy,Dimapur,Nagaland,Private,1856,186,B+,182,50,124.0,318094,53730,True,50.6,3.1,7.22,491,1035.0,True,True,False,False,False,True,7.4,BITSAT,6202
Amrita Autonomous Institute Dimapur,Dimapur,Nagaland,Autonomous,1946,320,A,234,1454,2.6,107315,43960,True,35.3,2.74,8.63,406,2167.3,True,False,False,True,True,False,82.9,Own Entrance,3853
Modern Institute of Hotel Management Chandigarh,Chandigarh,Chandigarh,Private,1912,210,B++,44,925,5.6,134771,102301,False,55.6,2.2,8.87,434,1184.0,False,False,False,False,True,True,3.6,CLAT,5164
Government Model College Jaipur,Jaipur,Rajasthan,Government,1914,288,B++,215,179,1.2,47932,88863,True,50.5,4.18,28.04,586,1893.7,True,True,True,True,True,False,73.1,JEE Advanced,220
Deemed Institute of Agriculture Naharlagun,Naharlagun,Arunachal Pradesh,Deemed,1908,,A+,59,1445,0.7,337068,135543,True,58.7,3.55,8.12,119,334.1,False,False,True,True,False,False,42.1,CUET,1067
Global Academy of Dental Sciences Kohima,Kohima,Nagaland,Private,1908,451,,125,1300,0.8,155461,131870,True,,4.42,11.29,168,326.2,True,True,True,True,True,True,18.0,BITSAT,977
Saraswati Deemed University Alappuzha,Alappuzha,Kerala,Deemed,1896,246,A+,167,840,0.5,413271,151951,True,58.2,7.29,21.72,657,1804.0,True,True,True,True,True,True,15.1,Own Entrance,393
Government Model College Vadodara,Vadodara,Gujarat,Government,1998,62,A++,182,609,2.7,111856,113815,True,94.1,30.43,202.72,16,1125.0,False,False,False,False,False,False,72.8,VITEEE,1641
Government Polytechnic Dimapur,Dimapur,Nagaland,Government,1980,,A,198,1498,0.8,49651,173845,True,41.0,2.03,10.25,376,1469.4,False,False,True,False,False,False,66.1,TS EAMCET,1241
Government Engineering College Naharlagun,Naharlagun,Arunachal Pradesh,Government,1853,22,,52,87,86.7,296960,111516,True,87.7,31.0,197.37,568,321.0,False,True,False,True,False,False,12.2,Own Entrance,7540
Modern Institute of Journalism Tezpur,Tezpur,Assam,Private,2003,184,A,185,346,8.8,552284,122121,False,59.4,4.84,17.54,436,335.6,True,True,True,True,True,True,35.7,GATE,3040
Modern Institute of Agriculture Aizawl,Aizawl,Mizoram,Private,1972,,B++,207,221,23.8,1060221,31307,True,90.6,14.59,37.78,604,1060.0,False,False,True,True,True,False,30.8,University Entrance,5265
Maharashtra State Nursing College Solapur,Solapur,Maharashtra,Government,1930,179,A++,83,198,23.6,80663,113978,True,80.4,9.2,38.89,204,1715.2,False,False,False,False,False,True,59.2,Own Entrance,4666
Modern Institute of Journalism Agartala,Agartala,Tripura,private,1966,,B++,126,779,2.5,724306,103818,True,71.7,11.74,34.5,138,323.2,False,False,True,False,False,False,75.8,UPSEE,1976
Central University of Haryana,Mahendragarh,Haryana,Government,2009,,B++,54,411,0.9,14574,34690,True,39.3,3.57,16.84,266,2043.5,True,True,True,True,True,True,70.6,CUET,350
Sri Shri Ram Institute of Hotel Management Kalyani,Kalyani,West Bengal,Private,1864,381,B++,131,1238,1.5,377975,63929,True,51.3,3.14,14.37,698,1320.9,True,False,True,True,True,True,6.2,KCET,1804
Sardar University Gulbarga,Gulbarga,Karnataka,Private,1941,267,B+,51,598,11.0,,135960,True,50.7,,,221,1563.1,True,True,True,True,True,True,27.7,CLAT,6557
Jodhpur Dental Sciences Autonomous College,Jodhpur,Rajasthan,Autonomous,2000,154,A+,193,267,18.4,200829,158109,True,47.9,3.97,21.8,572,51.7,False,False,False,False,False,False,19.4,Own Entrance,4926
Prime College of Physical Education Ajmer,Ajmer,Rajasthan,Private,1954,79,B+,150,1066,3.0,551395,89125,True,88.2,25.65,63.17,137,2077.4,False,False,False,False,False,True,69.4,JEE Main,3199
Sri Patel Institute of Engineering Hyderabad,Hyderabad,Telangana,Private,1934,,B,15,384,13.8,252113,103061,False,79.7,6.09,15.12,463,2494.2,False,False,True,True,True,True,32.4,JEE Advanced,5314
Arunachal Pradesh State Technology College Itanagar,Itanagar,Arunachal Pradesh,Government,1937,100,A+,235,1177,2.9,219135,139601,True,96.6,17.14,44.0,41,1247.6,True,True,False,False,True,False,82.9,SRMJEEE,3417
Howrah College of Social Work,Howrah,West Bengal,Private,1913,,B+,45,1067,3.0,226741,174897,True,53.7,5.1,14.5,600,1129.1,False,True,False,False,False,False,41.8,UPSEE,3160
Vivekananda University Hazaribagh,Hazaribagh,Jharkhand,Private,2010,,B+,50,374,2.6,711265,21708,True,63.6,11.79,51.32,77,1901.6,False,True,True,False,True,False,57.5,BITSAT,973
Durg Homeopathy Autonomous College,Durg,Chhattisgarh,autonomous,1939,55,,144,150,12.3,278489,37376,True,74.6,15.17,59.11,688,1040.6,True,True,True,True,True,True,59.2,JEE Advanced,1845
Meerut College of Fashion Design,Meerut,Uttar Pradesh,Private,1880,173,A,222,1099,5.4,528061,57815,False,73.6,8.47,35.18,156,531.3,False,True,False,True,False,False,76.0,VITEEE,5891
Prime College of Architecture Baramulla,Baramulla,Jammu & Kashmir,Private,1919,7,,122,670,11.8,1746203,83389,True,89.8,,,81,1556.3,True,False,True,True,True,True,16.7,MHT CET,7935
Devi Ahilya Foundation Agriculture College Itanagar,Itanagar,Arunachal Pradesh,Private,1950,193,B,95,1425,5.3,,156543,True,73.3,9.99,64.03,159,1284.4,False,True,False,True,True,True,62.6,JEE Advanced,7534
Sapru Autonomous Institute Panaji,Panaji,Goa,Autonomous,2014,198,B+,13,632,12.3,138434,31301,False,73.7,3.75,8.63,89,809.0,True,True,True,True,False,True,41.3,CUET,7783
Government College of Arts Hamirpur,Hamirpur,Himachal Pradesh,Government,1857,247,B,205,1329,1.5,23137,126252,False,,4.81,19.19,54,901.4,True,True,False,True,True,True,12.8,University Entrance,2017
Excel Institute of Agriculture Aizawl,Aizawl,Mizoram,Private,1850,252,A,94,363,2.6,251768,78824,False,48.1,2.9,19.76,396,2385.3,False,False,False,False,False,False,5.9,State Level,935
Puducherry Autonomous College of Engineering,Puducherry,Puducherry,Autonomous,1878,469,B+,122,1238,5.1,37259,41800,True,44.5,3.16,12.88,207,1405.5,True,True,True,True,True,False,67.2,University Entrance,6373
Sri Raman Institute of Physical Education Ujjain,Ujjain,Madhya Pradesh,Private,1872,138,A++,88,551,7.7,462206,139514,True,74.3,10.92,29.34,94,1579.7,True,True,True,True,True,True,8.8,University Entrance,4238
Government Polytechnic Kohima,Kohima,Nagaland,Government,1992,108,B+,90,222,24.2,67601,111367,True,83.0,6.72,30.23,370,1541.8,False,True,False,True,False,False,63.1,COMEDK,5370
Chanakya Autonomous Institute Faridabad,Faridabad,Haryana,Autonomous,1994,210,B++,168,1129,3.8,57625,104006,True,20.4,2.56,11.52,339,850.6,False,True,True,True,False,False,31.5,NEET UG,4238
Berhampur Institute of Veterinary Science (Deemed),Berhampur,Odisha,Deemed,1994,,B,10,1425,1.1,128171,59234,True,26.9,3.78,25.49,420,262.3,True,True,True,True,True,False,66.0,JEE Main,1565
Swami Institute of Fine Arts Imphal,Imphal,Manipur,Private,2022,161,B+,53,,,291892,52791,True,58.6,5.53,33.62,37,524.7,True,True,True,True,True,True,55.5,AP EAMCET,6651
District Law College Tura,Tura,Meghalaya,Government,1918,319,B,55,1492,2.4,33793,62423,False,34.9,4.99,10.12,123,475.5,False,False,True,False,True,False,4.4,CUET,3652
Sri Amrita Institute of Dental Sciences Bellary,Bellary,Karnataka,Private,1948,,A,88,391,4.5,505246,157467,False,56.9,4.46,20.48,430,979.0,False,True,True,False,True,True,84.1,KCET,1746
Muzaffarpur College of Journalism,Muzaffarpur,Bihar,Private,2003,423,A,111,948,5.5,126514,80323,False,26.6,2.92,9.06,444,223.1,True,True,True,True,True,True,65.7,CLAT,5179
Modern Institute of Journalism Vijayawada,Vijayawada,Andhra Pradesh,Private,1933,131,A+,53,647,3.5,224849,54351,True,70.2,8.5,28.2,697,2131.4,False,True,True,False,True,False,69.4,University Entrance,2262
Government Agriculture College Alappuzha,Alappuzha,Kerala,Government,1861,68,A+,32,575,0.9,164492,37314,True,92.0,19.34,111.87,495,1567.3,True,False,False,False,False,False,6.6,CLAT,496
Shri Ram Deemed University Gangtok,Gangtok,Sikkim,Deemed,2011,,A,139,311,5.4,237950,132374,True,40.7,3.45,10.42,579,535.0,True,False,True,False,True,True,68.4,BITSAT,1683
Sri Jawaharlal Institute of Nursing Bhavnagar,Bhavnagar,Gujarat,private,1968,387,A,7,117,5.6,342170,119917,True,36.3,3.4,10.1,266,288.5,False,True,True,False,True,True,78.0,JEE Main,659
Rajendra Prasad Foundation Hotel Management College Aizawl,Aizawl,Mizoram,private,1978,,A+,210,1247,3.6,,62160,True,85.9,29.62,79.47,190,1057.2,True,False,False,False,False,True,75.1,TS EAMCET,4432
Kamla Nehru Institute of Agriculture Raipur,Raipur,Chhattisgarh,private,1944,433,A,89,426,18.6,289125,39127,True,35.5,3.29,7.5,170,633.7,True,True,True,True,True,False,7.8,CAT,7941
Central University of Jharkhand,Ranchi,Jharkhand,Government,2009,338,B+,20,1348,0.2,18679,148819,True,62.5,5.33,23.13,379,1395.9,True,True,True,True,True,True,79.8,CUET,300
Government Polytechnic Karimnagar,Karimnagar,Telangana,Government,1860,183,B,44,1248,0.7,54229,39506,True,69.0,8.38,23.48,267,2027.8,True,True,True,False,True,True,33.6,University Entrance,845
Gurugram Fine Arts Autonomous College,Gurugram,Haryana,Autonomous,1900,,B+,53,960,5.2,317714,118553,True,89.1,10.49,37.93,598,101.7,False,True,True,False,True,True,31.1,KCET,5003
Alappuzha Government Nursing College,Alappuzha,Kerala,Government,1938,71,B++,162,959,8.0,178918,116987,True,88.7,12.73,50.18,47,878.8,False,False,False,False,True,True,47.1,KCET,7646
Excel Institute of Social Work Jodhpur,Jodhpur,Rajasthan,Private,1889,461,B+,202,52,145.8,392085,83175,True,54.3,5.49,29.64,153,1994.8,True,True,False,True,True,True,57.3,NATA,7583
Government Polytechnic Vasco da Gama,Vasco da Gama,Goa,Government,1981,,B,32,267,20.8,235179,33217,False,98.0,22.07,94.58,635,1524.9,True,True,True,False,True,True,73.1,Own Entrance,5544
Government Computer Science College Kohima,Kohima,Nagaland,Government,2020,214,B++,91,349,17.5,33459,78614,True,66.3,8.07,52.89,615,1047.6,True,True,False,True,True,True,60.0,State Level,6100
Udaipur Information Technology Autonomous College,Udaipur,Rajasthan,Autonomous,1867,,B+,222,1353,5.9,203838,50846,True,50.0,5.94,28.58,556,1273.2,True,True,True,True,False,True,77.6,COMEDK,7996
Deemed Institute of Architecture Chandigarh,Chandigarh,Chandigarh,Deemed,1890,191,A++,200,1041,1.5,212934,175821,False,61.3,3.5,15.58,654,814.4,False,False,False,False,True,False,40.5,SRMJEEE,1582
Amrita Institute of Hotel Management New Delhi,New Delhi,Delhi,Private,1875,79,A++,76,1487,2.6,571191,147149,True,62.9,11.29,39.88,35,2124.5,False,False,False,True,True,False,50.7,UPSEE,3813
Government Veterinary Science College Aizawl,Aizawl,Mizoram,Government,2006,,B+,203,828,7.2,90225,162072,True,74.9,6.93,28.69,125,748.8,False,False,False,False,False,False,2.5,GATE,5922
Guntur Commerce Autonomous College,Guntur,Andhra Pradesh,Autonomous,2002,,A,120,783,4.2,122474,149557,True,29.2,4.09,15.18,330,1642.8,False,False,True,True,False,False,48.8,MHT CET,3299
Rajendra Prasad Institute of Engineering Phagwara,Phagwara,Punjab,Private,2000,116,A+,159,81,68.7,793237,136628,True,62.0,4.12,28.1,498,126.2,False,False,False,False,False,False,23.5,MHT CET,5561
Government Model College Dindigul,Dindigul,Tamil Nadu,Government,1940,493,B+,73,679,10.8,31121,42116,True,49.7,3.99,15.89,623,,True,True,True,True,True,True,19.8,CUET,7323
Indian Institute of Engineering Science and Technology,Howrah,West Bengal,Government,1856,,A+,226,1190,0.8,19234,114026,False,83.7,6.02,38.17,239,1856.5,True,True,True,True,True,True,48.1,WBJEE,1000
Global Academy of Commerce Kalyani,Kalyani,West Bengal,Private,2015,38,B,28,418,3.4,1327027,102138,True,,11.34,58.35,316,2080.9,True,False,True,False,True,False,32.4,SRMJEEE,1403
Agartala Government Arts College,Agartala,Tripura,Government,1869,170,B+,211,482,7.3,6656,38730,False,45.8,5.53,32.06,92,1001.4,True,True,False,True,True,True,17.3,JEE Advanced,3519
Anantnag Autonomous College of Commerce,Anantnag,Jammu & Kashmir,Autonomous,1899,251,B,17,878,5.1,120299,142164,True,47.7,4.9,21.45,688,437.8,False,True,True,False,False,False,81.9,JEE Advanced,4517
Rani Deemed University New Delhi,New Delhi,Delhi,Deemed,1994,357,,123,1038,3.8,262891,27533,False,27.4,5.37,24.86,671,2403.5,True,True,False,False,False,True,10.7,NEET UG,3896
Acharya Academy of Engineering Korba,Korba,Chhattisgarh,Deemed,1885,72,B+,213,1305,3.9,596883,57260,True,73.7,7.19,43.46,434,1160.6,True,False,False,False,False,False,5.0,JEE Main,5026
Autonomous College of Law Cuttack,Cuttack,Odisha,Autonomous,1942,121,A,104,699,6.5,199311,25337,True,65.6,8.73,48.86,619,1255.0,False,False,True,False,False,False,81.3,JEE Advanced,4556
Tezpur University,Tezpur,Assam,Government,1994,291,A,6,658,0.8,7271,94575,True,50.9,4.07,28.36,317,2461.0,True,True,True,True,True,True,19.0,CUET,500
District Medical Sciences College Pilani,Pilani,Rajasthan,Government,1985,59,A+,147,959,0.5,40416,109948,True,82.3,11.74,31.58,32,115.1,True,True,True,True,True,True,62.1,GATE,499
Deemed Institute of Fashion Design Nizamabad,Nizamabad,Telangana,Deemed,1900,65,,195,560,7.9,1457172,140590,False,82.4,16.77,113.53,306,1543.5,False,True,False,True,True,True,61.4,WBJEE,4440
Radhakrishnan Academy of Pharmacy Jamshedpur,Jamshedpur,Jharkhand,Deemed,1964,91,,244,1339,2.4,,55288,True,87.4,18.24,95.93,686,,True,True,False,True,True,False,64.1,VITEEE,3212
State Institute of Agriculture Silchar,Silchar,Assam,Government,1996,496,B++,113,293,24.0,6974,178897,True,,3.66,14.57,446,,True,False,False,True,True,True,71.2,CAT,7018
Prime College of Fine Arts Shillong,Shillong,Meghalaya,Private,1874,127,,86,1458,2.3,353833,49078,False,61.5,5.81,38.83,192,203.6,True,False,True,True,False,True,22.8,SRMJEEE,3336
Sri Sapru Institute of Nursing Haldwani,Haldwani,Uttarakhand,Private,1986,495,B+,103,215,13.9,361530,54863,True,29.9,3.3,8.6,32,58.0,True,True,True,True,True,False,12.8,MHT CET,2984
Haridwar Information Technology Autonomous College,Haridwar,Uttarakhand,Autonomous,1947,145,A+,130,1489,2.8,164468,68878,False,71.2,8.44,54.52,318,2081.5,True,True,True,True,False,True,63.1,NATA,4186
Prime College of Applied Sciences Aizawl,Aizawl,Mizoram,Private,1924,,B+,86,1410,4.4,109293,138197,False,49.9,3.2,13.11,396,,False,True,False,False,False,False,1.3,AP EAMCET,6252
Bose Deemed University Aizawl,Aizawl,Mizoram,Deemed,1964,203,A,211,375,2.1,531604,136449,True,70.8,6.2,26.12,444,1822.1,False,False,True,True,True,False,35.8,COMEDK,777
Karaikal Government Engineering College,Karaikal,Puducherry,Government,1876,233,B,210,119,33.3,69423,47629,True,65.4,5.46,35.76,228,2048.5,False,True,False,False,True,True,14.6,WBJEE,3957
Excel Institute of Dental Sciences Siliguri,Siliguri,West Bengal,Private,1904,11,B,117,877,1.9,2072687,67901,True,94.6,13.84,95.7,651,,True,True,False,True,False,False,10.2,CLAT,1706
Government Management College Madurai,Madurai,Tamil Nadu,Government,1986,95,B++,59,465,10.9,30476,63052,True,76.2,9.18,22.89,320,912.3,True,True,True,True,True,True,75.8,Own Entrance,5066
Government Polytechnic Ranchi,Ranchi,Jharkhand,Government,2003,32,B+,11,306,3.6,,36409,False,98.4,26.37,163.11,493,2052.2,False,True,True,False,True,True,76.7,CAT,1090
Swami College of Nursing and Research Pune,Pune,Maharashtra,Private,1982,132,A,232,345,7.1,422736,97836,True,68.4,4.56,22.59,632,24.7,False,False,False,True,False,False,57.5,MHT CET,2463
Bihar State Physical Education College Bhagalpur,Bhagalpur,Bihar,Government,1925,140,A,91,645,3.3,33698,142949,True,67.6,14.07,93.96,233,162.9,True,False,False,False,False,False,25.9,NEET UG,2128
State Institute of Technology Asansol,Asansol,West Bengal,Government,2007,39,B,91,,,149707,126770,False,92.3,28.1,193.91,446,1199.0,False,False,False,True,False,False,43.8,GATE,804
State Institute of Technology Jamshedpur,Jamshedpur,Jharkhand,Govt,1908,242,,105,904,7.3,,62826,True,,10.59,71.18,356,454.6,False,False,True,False,True,False,64.1,COMEDK,6563
State Institute of Pharmacy Margao,Margao,Goa,Government,1870,,B+,182,1171,3.2,25761,113541,True,38.9,,,179,733.2,False,False,True,False,False,False,64.7,MHT CET,3788
Khammam College of Applied Sciences,Khammam,Telangana,Private,1929,,B+,76,179,40.0,1546294,44671,False,88.2,13.39,46.57,600,909.6,True,True,True,True,False,True,8.5,COMEDK,7166
National Institute of Technology Hamirpur,Hamirpur,Himachal Pradesh,Government,1986,,A,228,245,2.0,37461,29704,True,34.4,5.86,21.45,460,251.1,False,True,True,False,False,False,77.5,JEE Main,500
Devi Ahilya College of Veterinary Science and Research Dharamsala,Dharamsala,Himachal Pradesh,Private,1940,,B++,113,268,27.1,372199,73766,True,40.8,2.59,8.1,577,466.1,False,False,False,False,False,True,32.6,COMEDK,7252
Aryabhatta Deemed University Nizamabad,Nizamabad,Telangana,Deemed,1997,64,B++,127,1150,4.5,907926,62389,True,88.4,16.03,75.93,566,434.7,True,False,True,True,True,True,27.5,SRMJEEE,5170
Patna University,Patna,Bihar,Government,1917,178,A,234,1139,1.8,36096,29321,True,52.6,,,353,1157.3,True,True,True,True,False,True,69.4,Own Entrance,2000
Agartala College of Technology,Agartala,Tripura,Private,1998,67,A+,20,1233,6.0,746843,117012,True,88.9,28.05,74.11,211,1237.8,True,True,True,True,True,False,28.0,TNEA,7412
Autonomous College of Dental Sciences Dimapur,Dimapur,Nagaland,Autonomous,1969,187,A++,14,617,1.9,54789,42426,True,55.8,8.78,28.8,665,2077.1,False,False,True,False,True,False,53.2,JEE Advanced,1164
State Institute of Engineering Hyderabad,Hyderabad,Telangana,Government,2009,,,183,1238,2.3,32882,112215,True,79.0,12.0,54.41,581,256.0,True,True,True,True,True,True,13.0,CUET,2799
University of Rajasthan,Jaipur,Rajasthan,Government,1947,67,A+,59,1345,1.9,42175,128693,True,74.5,8.34,40.05,21,1602.3,True,True,False,True,False,False,59.0,Own Entrance,2500
Indian Institute of Technology BHU Varanasi,Varanasi,Uttar Pradesh,Government,1919,185,A++,20,1150,0.9,78788,60579,True,69.4,7.18,16.46,331,144.8,True,True,True,False,False,False,50.1,JEE Advanced,1050
Global Academy of Homeopathy Shillong,Shillong,Meghalaya,Private,1930,269,A,8,1431,2.3,168148,133316,True,,4.79,23.91,660,92.7,True,True,True,True,True,False,43.6,BITSAT,3358
Bikaner College of Medical Sciences,Bikaner,Rajasthan,Private,1874,,,201,1132,1.4,1585029,102482,True,95.9,14.35,54.48,184,,True,False,True,True,False,False,20.8,CUET,1622
Government College of Architecture Nashik,Nashik,Maharashtra,Government,1953,,B,82,513,15.3,232919,86859,True,85.3,,,682,1163.1,False,False,False,True,False,False,3.9,NEET UG,7859
Mahatma Gandhi Deemed University Shillong,Shillong,Meghalaya,Deemed,1952,218,B+,234,430,6.0,231316,116385,True,44.1,,,136,2200.5,True,True,False,True,True,True,64.9,AP EAMCET,2563
Goa State Applied Sciences College Mapusa,Mapusa,Goa,Government,1906,194,B,114,160,41.1,92672,93625,True,70.6,9.88,44.0,223,1006.8,False,True,True,True,True,True,47.9,State Level,6578
Radhakrishnan Deemed University Ujjain,Ujjain,Madhya Pradesh,Deemed,1889,444,,7,314,17.3,149388,60596,True,35.4,5.87,26.28,352,2129.2,False,True,True,False,True,True,25.9,CAT,5439
Aryabhata College of Physical Education and Research Tezpur,Tezpur,Assam,Private,1960,213,B++,110,1249,4.1,303655,70455,True,52.2,3.02,8.1,602,720.6,True,True,True,True,True,True,21.9,GATE,5083
SNDT Womens University,Mumbai,Maharashtra,Government,1916,69,A+,150,931,1.1,59658,74588,True,83.7,10.91,64.6,360,1362.2,True,True,True,True,True,True,20.8,Own Entrance,1000
Ramanujan College of Fashion Design and Research Khammam,Khammam,Telangana,Private,2011,5,B,30,317,4.3,603217,134094,True,82.8,17.64,105.16,53,101.1,False,False,True,False,True,False,39.4,SRMJEEE,1374
Autonomous College of Technology Chandigarh,Chandigarh,Punjab,Autonomous,1943,19,B,172,156,34.7,493021,162493,True,79.9,12.35,25.43,342,2326.2,False,False,True,True,True,False,50.5,JEE Main,5406
Margao Government Arts College,Margao,Goa,Government,1910,,B+,98,799,0.1,43509,149837,True,31.4,2.76,14.03,112,583.1,True,True,True,True,True,True,3.0,TS EAMCET,118
Autonomous College of Homeopathy Agartala,Agartala,Tripura,Autonomous,1929,348,,205,1089,2.3,94748,147874,True,27.2,1.91,11.53,551,756.4,False,False,True,False,False,False,39.6,JEE Advanced,2487
Kumaun University,Nainital,Uttarakhand,Government,1973,157,B++,126,1046,0.4,44630,142883,True,54.9,3.5,21.91,150,411.1,False,True,False,False,True,True,20.0,CUET,400
Aizawl College of Physical Education,Aizawl,Mizoram,private,1885,,B,134,754,1.0,1487979,56979,True,94.8,22.69,51.36,177,226.1,True,False,False,True,True,False,68.3,TNEA,720
Sikar Institute of Fine Arts (Deemed),Sikar,Rajasthan,Deemed,1973,87,A+,211,853,1.5,856223,122124,True,88.9,15.1,104.18,383,1510.5,True,True,True,True,True,True,46.3,CUET,1262
Academy of Law Ajmer,Ajmer,Rajasthan,Deemed,2011,126,,222,1305,2.5,309813,155142,False,73.1,3.73,16.1,509,145.6,True,True,True,False,False,False,1.5,UPSEE,3284
Srinivasa Autonomous Institute Ghaziabad,Ghaziabad,Uttar Pradesh,Autonomous,2019,235,B++,60,877,7.8,107902,100806,True,45.5,4.78,25.39,350,1345.8,True,True,True,True,True,True,72.6,CLAT,6874
Hyderabad Institute of Computer Science (Deemed),Hyderabad,Telangana,Deemed,1893,74,B+,51,1208,5.6,445303,173531,True,55.9,9.99,20.19,436,2301.2,True,True,False,True,False,False,21.7,SRMJEEE,6798
Global Academy of Veterinary Science Jammu,Jammu,Jammu & Kashmir,Private,1941,28,A,99,,,1575568,47115,True,82.0,25.53,83.36,459,447.3,True,True,True,True,True,True,10.5,SRMJEEE,2533
Government Law College Bardhaman,Bardhaman,West Bengal,Government,1939,,A,91,768,9.2,96015,78107,False,87.8,13.99,56.93,532,57.4,True,False,True,False,True,False,65.1,AP EAMCET,7071
Kamla Nehru Foundation Commerce College Korba,Korba,Chhattisgarh,Private,1851,,B++,139,991,2.5,1841247,114210,True,97.2,21.13,46.58,256,75.0,True,True,False,True,False,True,78.8,TS EAMCET,2429
Global Academy of Journalism Anantnag,Anantnag,Jammu & Kashmir,Private,2004,111,A,60,1125,0.3,442606,148012,False,68.8,4.24,12.62,441,209.7,True,True,True,True,True,True,67.2,GATE,360
Government Model College Nagpur,Nagpur,Maharashtra,Government,2015,,B,180,1430,0.3,173524,66549,True,85.5,18.7,116.27,375,1665.8,True,True,False,False,False,True,8.4,CAT,480
Prime College of Veterinary Science Ghaziabad,Ghaziabad,Uttar Pradesh,Private,1874,89,,216,1127,4.6,2054891,140515,True,81.3,27.26,182.18,89,1031.8,False,True,False,False,False,True,70.5,WBJEE,5220
Silchar Government Physical Education College,Silchar,Assam,Government,1894,178,B+,203,498,14.2,37397,149966,True,59.9,2.85,13.67,84,1788.3,True,False,False,True,True,False,7.4,TS EAMCET,7095
Naharlagun Government Applied Sciences College,Naharlagun,Arunachal Pradesh,Government,1909,95,A+,139,734,2.8,94547,162519,True,85.3,7.41,35.28,560,235.7,False,False,False,False,True,False,22.9,CAT,2030
Kamla Nehru Autonomous Institute Rohtak,Rohtak,Haryana,Autonomous,1932,59,A,192,679,6.8,330147,23612,True,,8.48,21.95,547,547.4,True,False,False,True,True,True,34.3,MHT CET,4620
Autonomous College of Dental Sciences Visakhapatnam,Visakhapatnam,Andhra Pradesh,Autonomous,1917,68,A,238,335,8.0,113542,106922,True,70.6,11.65,66.11,427,118.2,True,True,True,False,True,False,32.7,Own Entrance,2690
Patna Autonomous College of Law,Patna,Bihar,Autonomous,1871,76,B++,233,347,14.4,96679,132362,True,60.9,6.6,35.62,693,1718.5,True,True,True,True,False,False,53.5,JEE Advanced,5012
Government Model College Kochi,Kochi,Kerala,Govt,1903,273,B+,208,108,47.7,8813,28472,True,52.5,2.19,13.7,428,932.8,True,True,True,True,True,True,31.0,JEE Advanced,5155
Shillong Government Agriculture College,Shillong,Meghalaya,Government,1960,,B++,26,853,4.3,38743,22934,True,49.9,4.75,20.13,414,2473.8,True,True,True,True,True,True,28.3,TS EAMCET,3696
Galgotias Foundation Pharmacy College Aizawl,Aizawl,Mizoram,Private,1988,281,B++,33,277,1.9,157627,36855,False,36.3,2.51,16.33,544,1900.1,True,True,True,True,True,True,53.1,BITSAT,522
Uttar Pradesh State Dental Sciences College Kanpur,Kanpur,Uttar Pradesh,Government,1890,207,B+,85,917,2.9,,120689,False,60.0,4.77,11.94,414,975.6,True,True,True,False,False,False,39.4,TS EAMCET,2662
Aizawl College of Fashion Design,Aizawl,Mizoram,Private,1938,,B+,75,1106,4.3,1902266,89595,True,83.5,17.02,98.45,50,2368.9,False,False,False,True,False,True,32.8,JEE Main,4735
Global Academy of Engineering Chandigarh,Chandigarh,Chandigarh,Private,1944,,B+,113,696,6.9,610997,67166,True,78.5,7.75,49.63,160,1632.1,True,True,True,True,True,True,61.6,JEE Main,4783
Aurangabad Government Social Work College,Aurangabad,Maharashtra,Government,2020,,B+,185,401,7.9,99888,27782,True,79.5,11.16,32.83,516,477.8,True,True,True,True,True,True,65.4,WBJEE,3176
Sri Shivaji Institute of Journalism Kakinada,Kakinada,Andhra Pradesh,Private,1980,266,B++,240,794,10.0,209249,29894,True,29.5,4.9,17.92,687,762.1,False,True,False,True,False,False,14.7,AP EAMCET,7938
Deemed Institute of Engineering Kozhikode,Kozhikode,Kerala,Deemed,1947,159,A,92,1050,3.5,416688,174161,False,57.8,8.52,26.93,59,1411.2,True,False,True,False,True,False,76.4,TNEA,3652
Kanpur Autonomous College of Technology,Kanpur,Uttar Pradesh,Autonomous,1983,182,B++,155,104,25.6,121820,105873,True,39.0,2.12,6.19,233,2310.1,False,False,False,False,False,True,51.0,NATA,2660
Global Academy of Pharmacy Durg,Durg,Chhattisgarh,Private,2014,,B++,13,1383,5.6,389470,174054,False,35.0,4.48,29.02,382,393.0,False,False,False,True,False,False,17.1,University Entrance,7781
Government Management College Kalyani,Kalyani,West Bengal,Government,2001,,A++,191,141,45.0,216517,110571,False,94.5,23.3,56.15,170,1225.8,True,True,True,True,True,True,66.4,MHT CET,6345
Karaikal Autonomous College of Nursing,Karaikal,Puducherry,Autonomous,1977,,B++,193,704,8.9,91167,171548,True,48.4,3.79,19.64,350,1089.6,True,True,False,False,False,False,22.7,TNEA,6248
Chandigarh Government Commerce College,Chandigarh,Punjab,Government,1918,158,B+,146,907,5.4,7596,38971,True,61.5,2.84,11.9,236,2228.0,False,True,False,False,False,True,42.0,Own Entrance,4880
Shivaji College of Hotel Management and Research Silchar,Silchar,Assam,Private,1998,,A,125,1081,6.0,861050,39174,True,96.0,27.24,174.7,15,1716.8,True,False,True,False,True,False,81.7,TNEA,6516
Patiala College of Information Technology,Patiala,Punjab,Private,1988,52,B,107,405,7.4,797209,170712,True,74.6,11.64,49.91,243,252.3,True,False,True,True,True,False,29.1,State Level,2999
Modern Institute of Architecture Karimnagar,Karimnagar,Telangana,Private,1989,,A++,81,1107,5.7,601650,179861,True,67.2,5.51,20.16,218,641.1,True,True,True,True,True,True,14.5,UPSEE,6313
Bhabha University Jammu,Jammu,Jammu & Kashmir,Private,2001,44,A+,202,963,8.1,780876,89121,True,82.3,27.7,123.62,195,,False,True,True,False,False,False,22.2,NATA,7770
Global Academy of Arts Tezpur,Tezpur,Assam,Private,1936,,A+,115,670,2.2,519724,155864,True,58.2,6.79,20.67,659,131.5,True,True,True,False,True,True,32.7,CUET,1489
Sri Tagore Institute of Management Chandigarh,Chandigarh,Chandigarh,private,1926,52,B,239,1136,0.8,204632,162702,True,67.6,5.52,36.3,587,,True,True,True,True,True,True,11.5,TS EAMCET,932
Savitribai Phule Pune University,Pune,Maharashtra,Government,1949,64,A++,119,1085,3.2,72912,50471,True,80.6,12.17,54.09,66,1134.7,True,True,False,True,False,False,44.1,Own Entrance,3500
Babasaheb Autonomous Institute Hamirpur,Hamirpur,Himachal Pradesh,Autonomous,1945,394,B+,20,1284,4.1,33512,157752,True,24.5,3.54,7.41,493,378.6,False,True,True,False,False,False,3.3,Own Entrance,5293
Modern Institute of Dental Sciences Mapusa,Mapusa,Goa,Private,2017,,B++,79,1396,0.5,364861,130723,True,56.1,4.4,17.26,277,1408.3,False,False,False,False,True,True,61.7,TNEA,687
Himachal Pradesh State Journalism College Hamirpur,Hamirpur,Himachal Pradesh,Government,1910,,B+,160,647,8.5,243449,90497,True,87.8,27.64,189.86,116,2129.2,True,True,True,True,False,True,14.0,BITSAT,5521
District Medical Sciences College Aizawl,Aizawl,Mizoram,Government,1912,150,B,245,514,13.9,16343,146084,True,40.6,5.82,14.14,567,593.6,True,False,False,False,True,True,81.2,Own Entrance,7164
Sikar Institute of Arts (Deemed),Sikar,Rajasthan,Deemed,1867,17,B++,216,336,20.5,1253759,87327,True,81.1,13.7,94.75,240,1899.4,False,True,True,False,False,False,25.6,VITEEE,6894
Modern Institute of Fashion Design Naharlagun,Naharlagun,Arunachal Pradesh,Private,1972,,B+,110,,,311421,67525,True,38.4,4.56,25.87,81,1010.6,True,True,False,False,True,True,20.5,VITEEE,609
Government College of Dental Sciences Dimapur,Dimapur,Nagaland,Government,1926,,A,23,905,2.5,125660,58394,True,94.7,21.58,83.64,414,138.9,True,True,True,True,True,True,34.9,CAT,2241
National Institute of Technology Surathkal,Mangalore,Karnataka,Government,1960,137,A+,41,44,20.5,68727,47644,True,83.0,15.0,55.42,327,1334.2,False,False,True,False,False,False,56.7,JEE Main,900
Laxmi Deemed University Naharlagun,Naharlagun,Arunachal Pradesh,Deemed,1941,234,A,113,275,8.7,101582,147678,True,33.0,5.73,38.08,75,1106.0,False,True,False,False,False,False,29.3,COMEDK,2381
Government Model College Mangalore,Mangalore,Karnataka,Government,1913,383,B++,22,1047,1.7,49249,66205,True,58.3,5.65,31.51,559,1035.8,False,True,True,True,True,False,55.5,JEE Advanced,1806
Autonomous College of Agriculture Shimoga,Shimoga,Karnataka,Autonomous,1851,,,31,1043,1.6,318042,74682,False,85.9,9.54,58.88,29,1707.9,False,True,True,True,True,True,44.6,COMEDK,1635
Thanjavur Government Ayurveda College,Thanjavur,Tamil Nadu,Government,1960,340,,210,1083,6.0,22001,26906,True,30.9,5.26,24.53,29,610.1,True,True,True,True,True,True,36.1,TNEA,6461
Chanakya College of Dental Sciences and Research Karaikal,Karaikal,Puducherry,Private,1900,314,A,40,,,258063,105149,True,30.6,3.8,19.74,342,1718.0,True,True,True,True,True,True,70.8,TNEA,743
Government Fashion Design College Sonipat,Sonipat,Haryana,Government,1857,73,A+,36,1413,5.4,51747,77770,True,81.5,11.66,78.79,691,341.1,True,True,True,True,True,True,45.9,CLAT,7670
Korba Institute of Ayurveda,Korba,Chhattisgarh,Private,1933,,B,216,801,4.0,270682,137795,True,46.9,4.28,22.81,481,,False,True,True,False,False,True,48.2,UPSEE,3214
International Institute of Information Technology Hyderabad,Hyderabad,Telangana,Deemed,1998,,A++,66,231,2.6,580658,176719,True,65.4,3.78,14.09,489,2328.7,True,True,True,False,True,True,62.9,JEE Main,600
PES University,Bangalore,Karnataka,Private,1972,,A+,215,1395,1.8,625151,177117,False,81.2,9.1,58.17,300,2368.2,False,True,True,True,True,True,19.2,PESSAT,2500
Manipur State Hotel Management College Imphal,Imphal,Manipur,Government,2007,,B++,231,302,22.7,,74002,False,74.0,14.59,59.58,151,2108.7,False,False,False,False,True,False,2.9,Own Entrance,6855
Laxmi College of Veterinary Science and Research Karaikal,Karaikal,Puducherry,Private,1958,387,B+,46,640,11.0,107169,50041,True,40.8,2.95,13.53,337,405.2,True,False,False,False,True,True,73.1,NEET UG,7024
Government College of Dental Sciences Hamirpur,Hamirpur,Himachal Pradesh,Government,1889,308,A,215,1413,3.4,49119,140026,False,59.2,3.62,23.69,256,258.2,False,True,True,True,True,True,3.8,JEE Advanced,4824
Autonomous College of Applied Sciences Panaji,Panaji,Goa,Autonomous,1979,85,A,107,1154,6.9,464527,135711,True,72.0,17.08,54.25,468,977.5,True,False,False,True,False,True,17.5,BITSAT,7944
Phagwara Autonomous College of Social Work,Phagwara,Punjab,Autonomous,1902,,B+,193,198,4.3,310874,30631,True,90.2,14.93,67.59,512,110.0,False,False,False,True,False,False,31.5,COMEDK,844
District Engineering College Gangtok,Gangtok,Sikkim,Government,1985,110,B++,159,1233,0.5,,54691,True,77.5,13.89,83.71,604,2222.2,False,False,True,False,False,False,34.3,CAT,627
Srinivasa Deemed University Puducherry,Puducherry,Puducherry,deemed,1948,23,A++,102,1496,3.4,667900,29236,False,87.7,10.44,45.95,453,1458.5,False,False,False,False,True,True,79.7,TNEA,5110
Government College of Medical Sciences Baramulla,Baramulla,Jammu & Kashmir,Government,1932,333,A,129,915,4.6,17192,69762,True,34.1,2.84,14.45,534,542.0,False,True,False,False,True,True,70.1,CLAT,4214
Autonomous College of Information Technology Haldwani,Haldwani,Uttarakhand,Autonomous,1938,250,B+,164,,,188357,58498,True,66.0,5.68,17.19,643,1630.8,True,True,True,True,True,True,59.6,JEE Main,6834
Global Academy of Law Guwahati,Guwahati,Assam,Private,1921,112,B++,116,1465,1.3,663912,121531,True,70.9,11.58,57.8,150,1151.6,True,True,False,True,True,True,13.6,TNEA,1907
Lakshmi University Agartala,Agartala,Tripura,Private,1937,405,B+,135,1264,2.1,169851,131953,True,40.5,3.26,11.02,174,1256.4,True,True,False,True,True,True,38.5,AP EAMCET,2654
Pondicherry University,Puducherry,Puducherry,Government,1985,186,A++,47,253,3.2,90571,113837,True,80.5,12.03,49.75,194,1375.8,False,False,True,True,True,True,43.4,CUET,800
Bikaner College of Commerce,Bikaner,Rajasthan,Private,2023,360,B+,59,929,5.7,189356,97348,True,37.1,4.24,17.48,58,898.1,False,False,False,False,True,True,12.6,BITSAT,5303
Autonomous College of Science Aizawl,Aizawl,Mizoram,Autonomous,1856,,A++,203,82,18.8,226058,145183,True,56.7,,,551,1044.7,True,False,True,False,True,True,75.6,UPSEE,1538
Government College of Dental Sciences Chandigarh,Chandigarh,Chandigarh,Government,1865,,B++,204,90,80.7,46395,169043,True,86.8,7.17,50.13,603,20.3,False,True,False,False,True,False,71.7,BITSAT,7265
Excel Institute of Information Technology Gangtok,Gangtok,Sikkim,Private,1884,82,A+,100,982,1.2,2084885,73178,False,96.9,23.29,159.76,30,160.7,True,True,True,True,True,False,32.1,University Entrance,1173
Government College of Agriculture Kochi,Kochi,Kerala,Government,2009,230,A,220,388,0.4,6575,44795,True,35.6,3.89,10.13,48,1408.5,True,True,True,True,True,True,46.2,AP EAMCET,169
Maharashtra State Physical Education College Aurangabad,Aurangabad,Maharashtra,Government,1884,377,B+,89,623,1.2,47656,142872,True,46.3,5.13,29.97,395,725.5,False,True,False,False,False,False,62.6,NATA,738
District Homeopathy College Imphal,Imphal,Manipur,Government,2015,,B,224,1070,2.8,,126220,True,56.3,4.09,16.52,521,317.3,False,True,True,True,False,True,4.1,SRMJEEE,2959
Jai Prakash Institute of Management Panaji,Panaji,Goa,Private,1999,189,B++,247,341,9.4,379852,93858,True,48.5,,,263,1214.7,True,True,True,False,False,False,53.7,TNEA,3216
Odisha State Architecture College Bhubaneswar,Bhubaneswar,Odisha,Government,1863,288,B+,13,959,5.0,23468,51330,False,44.2,5.96,18.87,665,1617.6,True,True,True,True,True,True,9.1,JEE Main,4792
Presidency University Kolkata,Kolkata,West Bengal,Government,1817,191,A,100,900,0.6,16795,55501,True,56.8,5.91,30.91,401,1122.4,True,True,True,True,True,False,78.0,CUET,500
Autonomous College of Dental Sciences Chandigarh,Chandigarh,Chandigarh,Autonomous,1922,213,,34,782,2.0,42199,56025,True,47.9,3.73,23.34,107,2436.6,False,True,False,False,True,True,65.5,TNEA,1573
Punjab State Science College Jalandhar,Jalandhar,Punjab,Government,1998,,B,174,1132,4.6,5559,87524,True,60.5,4.93,26.79,532,2352.7,True,True,True,True,True,True,84.3,BITSAT,5220
Global Academy of Applied Sciences Hisar,Hisar,Haryana,Private,1897,90,B++,248,1211,3.6,1697049,69600,True,96.5,25.93,71.96,297,227.5,True,False,True,False,False,False,67.7,TS EAMCET,4373
Devi Ahilya University Dimapur,Dimapur,Nagaland,Private,2001,266,A,29,744,3.2,188155,124827,False,38.2,3.45,10.64,609,2411.3,False,True,True,True,True,True,44.9,MHT CET,2359
Rajendra Prasad Institute of Management Sonipat,Sonipat,Haryana,Private,2023,227,A,21,1372,0.9,119470,107345,True,45.2,4.64,16.63,566,2133.8,False,False,False,False,False,True,53.9,VITEEE,1173
Galgotias Academy of Journalism Dimapur,Dimapur,Nagaland,Deemed,1991,26,B,54,1353,1.9,1142278,77767,True,83.9,9.29,21.14,607,1317.0,False,True,False,False,False,False,66.6,CUET,2583
Rajiv Gandhi University,Itanagar,Arunachal Pradesh,Government,1984,,B+,89,1279,0.2,19904,129401,True,38.4,2.61,17.89,469,1356.5,False,True,True,True,True,True,18.4,CUET,250
Telangana State Applied Sciences College Nizamabad,Nizamabad,Telangana,Government,1885,487,B++,160,1006,6.5,24852,123266,True,32.4,5.36,23.68,684,452.6,True,True,True,True,False,True,60.5,MHT CET,6490
Baramulla Government Computer Science College,Baramulla,Jammu & Kashmir,Government,1980,395,A,201,737,5.7,41607,118489,True,33.1,2.79,19.51,543,1217.2,True,False,False,False,False,True,1.2,NATA,4207
Government Management College Gangtok,Gangtok,Sikkim,Government,1943,178,B+,163,1179,4.5,7097,139176,True,47.2,2.3,15.36,28,1078.3,True,True,False,True,True,True,77.1,State Level,5349
Government Polytechnic Coimbatore,Coimbatore,Tamil Nadu,Government,1993,224,B,187,,,40275,66637,True,43.9,4.78,14.31,622,2286.9,True,True,True,True,True,True,56.7,KCET,6259
Modern Institute of Applied Sciences New Delhi,New Delhi,Delhi,Private,1857,26,B+,170,1434,1.6,1540099,29388,True,97.4,20.55,119.33,318,,False,False,False,True,True,False,62.4,TS EAMCET,2249
Government Model College Hisar,Hisar,Haryana,Government,1856,235,A+,156,,,42339,119723,True,66.1,9.39,28.11,137,233.9,True,True,True,False,True,True,15.7,BITSAT,7166
Itanagar Government Fashion Design College,Itanagar,Arunachal Pradesh,Government,1966,8,,166,1109,1.2,155657,134259,True,87.5,20.84,135.14,195,1195.0,True,True,True,True,True,True,23.3,CUET,1336
Thrissur College of Computer Science,Thrissur,Kerala,Private,1930,16,A,8,905,6.8,1474148,25986,False,82.6,15.01,62.45,404,1101.2,True,True,True,True,True,True,61.3,TNEA,6177
Mangalore Ayurveda Autonomous College,Mangalore,Karnataka,Autonomous,1953,283,B+,71,450,0.7,39483,177868,False,21.2,2.73,7.13,523,2238.5,True,True,False,False,True,False,79.5,COMEDK,330
Haridwar Autonomous College of Journalism,Haridwar,Uttarakhand,Autonomous,1953,113,,121,401,8.8,76190,92335,True,60.3,5.31,33.76,154,848.9,True,True,True,True,True,True,65.0,UPSEE,3547
Sardar University Shimla,Shimla,Himachal Pradesh,Private,2016,,A,16,702,9.5,347129,24154,False,56.4,2.96,15.5,154,2118.8,True,False,True,True,True,True,15.9,State Level,6696
Rani University Indore,Indore,Madhya Pradesh,Private,1876,248,B++,229,113,65.9,532419,157116,True,60.1,,,36,1819.7,True,True,True,True,True,True,27.5,JEE Advanced,7452
Autonomous College of Agriculture New Delhi,New Delhi,Delhi,Autonomous,1967,60,A,71,648,6.2,146566,49328,True,,5.51,30.73,629,1974.2,True,True,True,True,True,True,67.4,KCET,3991
Government Polytechnic Anand,Anand,Gujarat,Government,1870,,A,238,1352,4.7,79725,32339,True,74.0,11.96,51.1,134,2108.0,True,True,True,False,False,False,79.8,COMEDK,6405
District Fine Arts College Shillong,Shillong,Meghalaya,Government,2023,231,A,127,744,0.2,73156,81099,False,74.0,9.66,61.35,46,1296.3,False,False,False,False,False,False,28.8,JEE Advanced,134
District Veterinary Science College Bilaspur,Bilaspur,Chhattisgarh,Government,1899,319,B+,83,77,74.4,,73046,True,64.2,3.18,13.4,524,2101.9,True,False,False,True,False,False,42.9,JEE Main,5731
Prime College of Education Warangal,Warangal,Telangana,Private,1954,205,B,20,1224,3.0,,96926,True,40.6,4.9,26.03,664,520.8,False,True,True,True,False,True,2.3,COMEDK,3680
Swami College of Hotel Management and Research New Delhi,New Delhi,Delhi,Private,1886,223,B++,140,769,1.2,320375,73487,True,74.8,7.69,48.39,619,980.2,True,True,True,False,True,True,28.8,WBJEE,933
Government Polytechnic Phagwara,Phagwara,Punjab,Government,2005,223,A+,233,314,25.4,76643,167068,True,83.9,12.79,27.67,536,46.3,False,False,True,False,False,True,73.3,WBJEE,7967
Vijayawada Institute of Pharmacy (Deemed),Vijayawada,Andhra Pradesh,Deemed,1885,,A,36,918,0.1,265714,76148,True,40.6,3.38,19.55,444,438.8,False,True,True,True,True,True,39.7,WBJEE,78
Jai Prakash University Jodhpur,Jodhpur,Rajasthan,Private,1885,466,A,167,1091,7.1,390877,104033,True,33.8,2.53,13.65,50,1335.4,False,False,True,False,False,True,42.4,TNEA,7767
College of Engineering Pune,Pune,Maharashtra,Government,1854,,A+,127,918,1.3,79169,43079,True,68.0,9.34,38.73,402,13.7,True,False,False,False,True,False,45.8,MHT CET,1200
Ambedkar Deemed University Sikar,Sikar,Rajasthan,Deemed,1998,471,B++,170,,,204036,112882,False,49.1,3.12,7.71,173,1655.4,False,False,False,False,True,True,57.6,CLAT,3253
Academy of Agriculture Kharagpur,Kharagpur,West Bengal,Deemed,1910,234,B++,222,789,2.6,256067,29105,True,72.6,5.07,12.13,694,1323.4,False,False,False,True,False,True,35.1,NATA,2071
Government Polytechnic Hamirpur,Hamirpur,Himachal Pradesh,Government,1914,,,145,332,18.0,201989,125219,True,91.5,20.96,74.54,379,1237.6,True,False,True,False,True,False,3.8,KCET,5976
Indira Institute of Pharmacy Sagar,Sagar,Madhya Pradesh,Private,1919,,B++,37,614,5.3,363606,120219,True,56.8,2.22,6.76,90,444.4,True,True,True,True,True,True,25.0,AP EAMCET,3227
Jawaharlal University Kochi,Kochi,Kerala,Private,1950,233,A,77,143,21.4,322655,124430,True,56.3,,,21,1470.4,True,True,False,True,True,False,75.9,University Entrance,3056
Meera University Naharlagun,Naharlagun,Arunachal Pradesh,Private,1985,25,B+,194,682,2.3,1144076,174001,True,93.5,21.43,61.44,59,1336.7,True,False,True,True,False,True,5.0,JEE Advanced,1600
Sri Ambedkar Institute of Management Coimbatore,Coimbatore,Tamil Nadu,Private,1897,181,A+,106,1305,3.6,364255,151158,True,75.6,4.94,17.08,684,1048.4,True,True,True,True,True,False,77.6,JEE Advanced,4668
Global Academy of Arts Dimapur,Dimapur,Nagaland,Private,1922,233,A,115,413,1.3,126142,59941,True,28.9,4.06,26.11,639,1039.5,False,True,True,False,True,True,81.8,MHT CET,538
Autonomous College of Technology Vasco da Gama,Vasco da Gama,Goa,Autonomous,1999,176,A+,250,1275,5.7,,96311,True,51.7,3.62,25.3,623,2163.0,True,True,True,True,True,True,21.3,CLAT,7238
State Institute of Science Bhopal,Bhopal,Madhya Pradesh,Government,1873,,B+,38,804,5.1,132846,130951,True,85.8,24.11,117.18,193,640.6,True,False,False,True,False,True,7.3,TS EAMCET,4131
Chandra Institute of Fine Arts Imphal,Imphal,Manipur,Private,1953,,B++,74,503,3.7,122549,61075,False,45.2,4.0,23.26,556,1618.9,True,False,False,True,False,True,54.8,KCET,1885
Autonomous College of Agriculture Delhi,Delhi,Delhi,Autonomous,1859,,B+,144,1286,2.4,446564,128451,True,86.5,16.16,75.31,217,1261.0,True,False,True,True,True,True,18.6,State Level,3076
Modern Institute of Social Work Ranchi,Ranchi,Jharkhand,Private,1918,465,,175,584,4.8,374497,161812,True,46.6,4.75,28.53,149,718.6,True,True,True,True,True,True,5.9,COMEDK,2831
Madhya Pradesh State Arts College Bhopal,Bhopal,Madhya Pradesh,Government,1876,493,B++,234,581,5.4,5640,156074,True,48.5,2.19,11.8,80,1271.6,False,False,True,True,False,False,53.1,AP EAMCET,3119
Government Hotel Management College Puri,Puri,Odisha,Government,1940,248,A++,137,1390,1.7,18128,105400,True,82.2,12.87,42.03,544,1776.6,True,False,False,True,False,True,40.8,State Level,2348
Babasaheb Autonomous Institute Dimapur,Dimapur,Nagaland,Autonomous,2010,302,A,11,640,4.7,97158,96525,True,27.9,4.92,23.97,247,2048.9,False,True,False,False,True,False,36.6,MHT CET,2985
Global Academy of Arts Pantnagar,Pantnagar,Uttarakhand,Private,1948,377,A,153,62,62.3,322734,58840,False,25.9,3.6,17.36,320,87.1,False,False,True,False,False,False,55.6,CUET,3860
Devi Ahilya Foundation Journalism College Dharwad,Dharwad,Karnataka,Private,1890,227,A,52,1159,3.4,553026,46268,False,60.1,6.86,19.3,32,1098.6,False,False,False,True,True,False,52.8,TS EAMCET,3955
Tura Government Information Technology College,Tura,Meghalaya,Government,1999,211,B+,20,1177,6.5,46869,173186,True,63.0,3.95,15.09,656,1411.0,True,True,True,False,True,False,43.5,WBJEE,7661
Modern Institute of Applied Sciences Sikar,Sikar,Rajasthan,Private,1988,161,A,143,373,11.6,318887,66088,True,67.4,6.98,33.25,456,955.1,True,True,False,True,True,True,72.0,TS EAMCET,4345
State Institute of Dental Sciences Aizawl,Aizawl,Mizoram,Government,1917,400,,229,408,7.8,43266,81529,True,52.3,3.94,20.82,317,2102.0,True,True,True,True,True,True,74.5,Own Entrance,3175
Meerut Institute of Agriculture (Deemed),Meerut,Uttar Pradesh,Deemed,1986,69,B++,11,1285,1.1,836109,52046,True,85.9,8.55,36.73,525,1652.4,True,True,True,True,True,True,40.6,Own Entrance,1407
Baramulla Institute of Technology,Baramulla,Jammu & Kashmir,Private,1933,237,A,232,481,8.9,128000,130572,True,31.4,4.15,8.36,517,2087.0,True,True,True,True,True,True,33.2,NATA,4260
Academy of Information Technology Dharwad,Dharwad,Karnataka,Deemed,1975,221,A+,103,412,5.5,446202,148553,True,72.7,,,208,1796.6,True,False,False,False,False,False,1.5,GATE,2280
Indian Institute of Technology Guwahati,Guwahati,Assam,Government,1994,,A++,76,527,1.5,45007,37668,False,85.8,13.6,32.02,695,1214.6,False,True,True,False,True,True,46.3,JEE Advanced,800
Aizawl Autonomous College of Hotel Management,Aizawl,Mizoram,Autonomous,2007,,A,166,61,36.3,118749,122992,True,72.3,16.28,110.99,270,2384.5,True,True,False,False,True,True,74.4,GATE,2216
Prime College of Arts Belgaum,Belgaum,Karnataka,Private,1948,63,A+,171,1123,1.8,,36031,True,68.6,6.99,23.81,318,626.0,True,True,True,True,True,True,55.8,JEE Advanced,2068
Lakshmi Institute of Information Technology Dimapur,Dimapur,Nagaland,Private,1933,,B+,158,453,16.2,460396,87819,True,72.9,11.85,52.96,149,1242.2,True,True,False,False,True,False,44.5,NEET UG,7339
Shri Ram Autonomous Institute Ludhiana,Ludhiana,Punjab,Autonomous,2023,,B+,231,910,6.9,67819,167822,True,35.2,4.08,12.87,542,2426.5,True,False,False,True,True,True,48.2,TNEA,6241
Rajendra Prasad University Namchi,Namchi,Sikkim,Private,2010,438,B++,50,1449,1.0,347410,80831,True,36.8,4.92,12.11,402,2454.6,False,False,True,True,False,False,35.0,WBJEE,1512
SR University,Warangal,Telangana,Private,2018,,A,169,52,11.5,312047,133514,True,35.4,3.36,8.71,643,,False,True,False,True,False,False,63.7,Own Entrance,600
Namchi Government Commerce College,Namchi,Sikkim,Government,2014,,A++,36,863,5.7,78355,172231,True,80.1,12.26,57.44,538,437.1,True,True,True,True,False,True,35.8,VITEEE,4952
Academy of Ayurveda Muzaffarpur,Muzaffarpur,Bihar,Deemed,2022,200,A,197,328,10.4,246084,157611,True,27.8,4.01,24.11,247,1726.4,True,True,True,True,False,False,9.8,COMEDK,3419
Sri Babasaheb Institute of Architecture Darbhanga,Darbhanga,Bihar,Private,1975,270,B+,100,183,26.8,187016,109289,False,42.0,4.58,14.18,446,1925.8,True,False,False,False,False,True,9.4,VITEEE,4906
State Institute of Homeopathy Vasco da Gama,Vasco da Gama,Goa,Government,1899,133,A,84,1009,1.0,58744,26158,True,69.3,7.83,16.14,616,1040.7,False,False,True,True,False,False,54.3,KCET,1055
SP Jain Institute of Management,Mumbai,Maharashtra,Private,1981,157,A++,243,406,0.7,212884,84107,True,56.2,6.91,45.61,46,1383.1,False,True,False,True,True,False,77.8,CAT/XAT,300
National Institute of Technology Warangal,Warangal,Telangana,Government,1959,202,A+,51,705,1.2,75910,169382,False,79.0,8.79,18.84,509,531.9,True,True,True,True,True,True,68.0,JEE Main,850
Excel Institute of Physical Education Vijayawada,Vijayawada,Andhra Pradesh,Private,1871,131,A+,192,670,0.2,327268,171287,True,55.7,4.28,15.04,184,1671.8,True,True,False,False,True,True,9.5,State Level,135
Government Model College Madurai,Madurai,Tamil Nadu,Government,1964,81,,42,438,2.1,162446,97667,False,92.1,32.49,88.5,375,1683.7,True,True,True,True,False,False,43.7,NEET UG,941
Autonomous College of Arts Rewa,Rewa,M.P.,Autonomous,1961,149,A,239,278,4.3,237542,45989,True,56.7,4.66,28.36,211,1150.5,True,True,True,True,True,False,40.0,KCET,1184
Gangtok Government Arts College,Gangtok,Sikkim,Government,1862,,A+,180,1337,2.4,134977,171498,False,97.9,32.52,152.1,484,,False,False,False,False,False,True,4.8,BITSAT,3154
Government Pharmacy College Agartala,Agartala,Tripura,Government,1864,,A,162,,,98233,25372,True,76.8,6.94,38.96,174,1601.1,True,True,True,True,False,False,72.3,CAT,2990
OP Jindal Global University,Sonipat,Haryana,Private,2009,54,A+,238,1443,0.5,544432,53500,True,73.1,10.63,60.53,549,235.4,False,True,True,True,True,False,57.3,JSAT,700
Autonomous College of Ayurveda Korba,Korba,Chhattisgarh,Autonomous,1996,,A,84,690,2.5,143932,42846,True,77.0,15.08,83.51,39,427.0,True,True,True,False,True,False,63.9,NATA,1743
Deemed Institute of Engineering Karaikal,Karaikal,Puducherry,Deemed,1995,175,B++,165,1118,4.8,260699,171830,False,67.9,7.74,18.78,533,616.9,False,True,True,False,False,False,14.0,CLAT,5313
Sri Tagore Institute of Computer Science Prayagraj,Prayagraj,Uttar Pradesh,Private,2008,,A,77,1154,1.8,359279,110421,True,40.8,4.69,16.73,300,342.7,False,False,False,True,False,False,33.1,JEE Main,2128
Sapru Deemed University Aizawl,Aizawl,Mizoram,Deemed,1943,225,A,207,108,17.9,527572,47797,True,50.1,6.21,38.49,467,1569.1,True,False,False,False,True,False,3.1,COMEDK,1928
Sikar Institute of Hotel Management,Sikar,Rajasthan,Private,1901,68,B++,158,598,12.8,414891,78361,False,58.1,6.55,35.45,520,944.5,True,True,True,True,True,True,9.7,CUET,7667
Prime College of Law Puducherry,Puducherry,Puducherry,Private,1958,106,B++,142,58,110.0,332442,156249,True,72.9,8.73,22.11,481,791.2,True,False,True,True,False,True,69.6,TNEA,6378
Bhagalpur Institute of Architecture,Bhagalpur,Bihar,Private,1917,134,A+,210,718,9.2,275603,143634,True,77.4,8.3,23.56,466,312.7,False,False,False,False,True,False,81.6,CLAT,6575
Manipal Academy of Higher Education,Manipal,Karnataka,Private,1953,45,A++,236,536,5.6,1409142,41866,True,95.4,16.36,90.91,406,282.7,False,True,True,True,True,True,14.6,MET,3000
District Medical Sciences College Mohali,Mohali,Punjab,Government,1907,24,B+,133,1262,0.7,131106,84614,False,86.1,13.41,49.6,497,2481.3,True,False,True,True,True,True,24.2,State Level,882
Jharkhand State Technology College Hazaribagh,Hazaribagh,Jharkhand,Government,1924,382,B++,188,623,12.8,49751,146885,True,55.9,,,677,585.8,False,True,True,False,False,False,64.1,CUET,7966
Baramulla Nursing Autonomous College,Baramulla,Jammu & Kashmir,autonomous,1902,33,B++,108,1283,3.6,,72157,False,92.0,15.64,92.04,170,2056.8,False,True,True,False,True,False,78.2,CUET,4657
Government Fine Arts College Korba,Korba,Chhattisgarh,Government,1914,191,A,152,1429,3.5,30078,175638,True,81.2,8.76,29.35,677,962.1,True,True,True,False,False,True,54.2,State Level,5046
Modern Institute of Veterinary Science Haridwar,Haridwar,Uttarakhand,Private,2007,188,A,111,625,12.1,251535,21893,True,31.6,3.97,14.3,380,1089.8,True,False,True,False,True,True,56.7,TNEA,7571
Padmavati College of Homeopathy and Research Tirupati,Tirupati,Andhra Pradesh,Private,1863,,A+,53,1012,2.9,558699,73221,False,96.3,13.17,36.26,344,1670.0,False,True,False,True,True,True,74.2,NATA,2903
Sapru College of Hotel Management and Research Prayagraj,Prayagraj,Uttar Pradesh,Private,1882,,A+,6,425,12.8,224747,61892,True,77.9,7.4,28.43,58,803.0,False,False,False,False,False,True,54.0,VITEEE,5424
Panjab University,Chandigarh,Chandigarh,Government,1882,209,A++,78,1487,2.0,89890,158660,True,87.7,9.84,53.56,447,1522.9,False,False,True,False,False,True,27.6,Own Entrance,3000
Saraswati University Dharamsala,Dharamsala,Himachal Pradesh,Private,1855,304,A,202,627,10.5,123314,119316,True,39.1,,,636,678.3,False,True,False,False,False,True,78.6,UPSEE,6561
Government Model College Kohima,Kohima,Nagaland,Government,1980,215,A+,213,730,7.7,55359,72120,False,65.7,9.64,33.37,471,1845.7,False,True,False,False,True,False,40.4,KCET,5643
Kolkata Institute of Medical Sciences,Kolkata,West Bengal,Private,1988,,B++,210,1331,0.7,1361388,34397,False,95.1,23.22,122.98,686,1570.2,False,False,False,False,True,True,9.0,CLAT,925
Global Academy of Management Anand,Anand,Gujarat,Private,1926,,B,201,164,28.3,701409,83919,False,59.0,11.03,72.85,444,2362.7,False,False,False,False,True,False,71.1,TS EAMCET,4638
Modern Institute of Homeopathy Namchi,Namchi,Sikkim,Private,1963,,A,134,1323,5.9,686516,148566,True,66.7,5.71,30.42,26,100.0,False,True,True,False,True,True,39.8,University Entrance,7871
Raman Deemed University Naharlagun,Naharlagun,Arunachal Pradesh,Deemed,1854,,B+,73,956,7.9,,155879,True,34.8,3.59,17.45,669,46.6,False,False,False,False,False,False,53.1,NEET UG,7530
Himachal Pradesh State Applied Sciences College Kullu,Kullu,Himachal Pradesh,Government,1853,,B++,148,941,1.2,249150,94139,True,91.7,31.31,201.9,566,2055.1,False,False,True,True,False,True,28.8,MHT CET,1090
Hazaribagh Government Fashion Design College,Hazaribagh,Jharkhand,Government,1886,319,A,130,1492,4.4,18768,89339,True,33.4,4.57,10.83,260,1892.9,True,True,True,True,False,True,29.8,NATA,6577
Government Model College Nashik,Nashik,Maharashtra,Government,1866,,B++,197,243,18.2,18844,158467,True,40.4,5.81,24.69,432,1932.8,True,False,True,True,True,False,37.3,COMEDK,4420
Sathyabama Institute of Science and Technology,Chennai,Tamil Nadu,Deemed,1987,247,A+,103,272,9.2,475651,83917,True,76.8,7.94,28.62,272,1351.5,True,False,False,True,False,False,24.8,Own Entrance,2500
Government Information Technology College Asansol,Asansol,West Bengal,Government,1925,,B++,236,402,12.4,32173,26931,True,71.9,9.07,42.7,132,899.2,True,True,True,False,True,True,21.2,CLAT,4977
Kanpur Engineering Autonomous College,Kanpur,Uttar Pradesh,autonomous,1958,439,B,96,1496,5.0,51033,59484,False,30.5,4.84,28.65,217,1106.6,True,True,True,False,True,True,15.1,CAT,7468
Deemed Institute of Homeopathy Baramulla,Baramulla,Jammu & Kashmir,Deemed,1932,58,A++,225,1145,6.6,1491958,178463,True,90.1,19.05,119.05,279,695.6,True,True,True,True,True,True,37.6,JEE Main,7599
Modern Institute of Fine Arts Davangere,Davangere,Karnataka,Private,1992,242,A,24,1457,0.6,,59853,False,72.7,11.74,77.23,606,557.4,False,True,True,True,True,False,58.1,AP EAMCET,906
Deemed Institute of Nursing Bathinda,Bathinda,Punjab,Deemed,1929,176,A,87,49,74.3,232975,113874,True,,3.29,14.75,130,1402.7,True,False,False,True,False,True,73.4,VITEEE,3639
Amrita Academy of Veterinary Science Kohima,Kohima,Nagaland,Deemed,1972,,B+,48,1188,0.8,,107145,True,29.3,4.52,10.93,222,,False,False,False,False,False,True,42.1,UPSEE,952
Tripura University,Agartala,Tripura,Government,1987,177,B++,48,563,0.6,48795,24820,True,43.2,5.62,26.04,71,711.5,True,True,True,True,True,False,67.3,CUET,350
University of Hyderabad,Hyderabad,Telangana,Government,1974,84,A++,77,726,2.1,52941,29821,True,65.2,10.68,27.09,475,2472.8,True,True,True,True,True,True,46.6,CUET,1500
Azim Premji University,Bangalore,Karnataka,Private,2010,330,A,188,1274,0.3,,46895,False,27.6,4.31,15.22,446,418.3,True,True,False,True,True,True,38.3,Own Test,400
Kurukshetra Government Applied Sciences College,Kurukshetra,Haryana,Government,1894,20,A+,213,1044,2.8,66748,176562,True,97.2,16.42,40.9,345,971.5,False,True,False,True,True,False,50.3,NATA,2874
Lakshmi Autonomous Institute Kohima,Kohima,Nagaland,Autonomous,1858,23,B++,243,1156,0.4,426759,82237,True,84.4,14.79,68.01,216,709.0,True,True,True,False,False,True,60.9,MHT CET,496
Gauhati University,Guwahati,Assam,Government,1948,171,A,78,64,15.6,29890,122254,True,46.6,2.58,16.39,469,956.2,False,False,False,False,False,False,27.5,Own Entrance,1000
Davangere Institute of Ayurveda,Davangere,Karnataka,Private,1864,335,,217,90,26.7,353041,38662,True,27.6,2.17,9.43,675,349.2,True,True,True,True,True,True,20.7,NATA,2399
Government College of Nursing Chandigarh,Chandigarh,Chandigarh,Government,1920,,A,231,744,10.2,83926,96651,True,76.5,8.85,39.24,135,527.7,True,False,False,True,False,True,81.7,CLAT,7582
Academy of Education Chandigarh,Chandigarh,Chandigarh,Deemed,1894,93,A,210,1090,6.2,462135,36619,True,72.1,7.19,38.34,539,2418.5,True,True,True,True,False,True,66.1,NATA,6782
Sardar College of Pharmacy and Research Jammu,Jammu,Jammu & Kashmir,Private,1912,,A,226,1226,5.2,254262,92080,False,57.2,5.15,10.9,115,279.1,False,True,True,True,False,False,78.9,AP EAMCET,6371
Indian Institute of Technology Indore,Indore,Madhya Pradesh,Government,2009,130,A+,66,683,0.8,91503,168170,True,77.0,14.35,43.36,281,990.7,True,False,False,False,False,True,57.4,JEE Advanced,550
Raman University Itanagar,Itanagar,Arunachal Pradesh,Private,1970,,A,209,585,11.1,185772,144878,True,48.0,2.8,14.3,409,1155.0,True,True,True,True,True,True,66.6,JEE Advanced,6482
Srinivasa Academy of Nursing Bhilai,Bhilai,Chhattisgarh,Deemed,1992,153,A,218,1389,2.3,452780,53645,True,58.6,8.3,37.34,373,850.9,True,True,True,True,True,True,36.2,JEE Main,3129
Government College of Arts Shimoga,Shimoga,Karnataka,Government,1912,,A+,10,1363,2.3,178295,178386,False,91.8,25.89,52.05,198,1772.4,False,False,True,True,False,False,55.4,GATE,3121
Itanagar College of Veterinary Science,Itanagar,Arunachal Pradesh,Private,1929,46,B++,27,447,13.6,2172161,87050,True,88.0,23.94,114.5,615,1965.0,True,True,True,True,True,True,10.3,JEE Advanced,6071
Aryabhata University Imphal,Imphal,Manipur,Private,1921,,A,30,693,0.9,193220,170729,True,26.9,3.85,11.1,166,1892.2,True,False,True,True,True,True,22.4,GATE,610
Aryabhata Deemed University Karimnagar,Karimnagar,Telangana,Deemed,1977,,B,191,342,20.7,478495,150280,True,51.9,7.67,45.51,631,690.0,True,True,True,True,True,True,62.3,SRMJEEE,7070
Lucknow College of Engineering,Lucknow,Uttar Pradesh,private,2007,149,A,149,1203,4.3,218622,148901,True,73.7,9.71,24.58,669,1033.1,False,False,False,False,True,True,84.2,KCET,5126
Puducherry Institute of Social Work,Puducherry,Puducherry,Private,1981,163,B+,78,562,4.2,160360,105285,True,49.3,3.79,10.16,426,1780.2,False,False,True,True,True,True,4.4,COMEDK,2367
Saraswati Institute of Management Karimnagar,Karimnagar,Telangana,Private,1913,92,B,71,881,8.9,611305,102317,True,80.1,,,551,1104.3,True,True,False,True,False,True,25.7,VITEEE,7843
Excel Institute of Fine Arts Puri,Puri,Odisha,Private,1973,132,B+,117,256,23.7,361614,58141,False,79.6,10.22,66.02,288,176.2,True,True,True,True,False,False,51.4,MHT CET,6060
Galgotias Foundation Engineering College Bathinda,Bathinda,Punjab,Private,1948,227,B,147,49,7.9,341153,46830,True,65.6,10.81,48.77,480,376.8,False,True,False,False,True,True,57.2,NEET UG,386
Aizawl Institute of Homeopathy,Aizawl,Mizoram,Private,1941,,B,44,184,39.1,297834,175801,True,47.4,2.41,10.06,48,1245.9,False,True,True,True,False,True,74.3,NATA,7193
Excel Institute of Architecture Alappuzha,Alappuzha,Kerala,Private,2011,182,,149,530,14.6,502982,175827,True,68.9,6.5,42.44,205,872.6,False,True,True,True,True,True,26.7,MHT CET,7712
Telangana State Journalism College Nizamabad,Nizamabad,Telangana,Govt,1863,189,A,160,1486,3.4,6105,153170,False,62.3,3.42,15.52,493,57.1,False,False,False,True,False,True,37.6,CAT,4987
Autonomous College of Architecture Haldwani,Haldwani,Uttarakhand,Autonomous,1874,220,B++,243,796,1.6,136765,22153,True,42.0,2.26,15.33,593,1813.0,False,True,False,True,True,True,20.8,NEET UG,1239
Haryana State Management College Gurugram,Gurugram,Haryana,Government,1933,230,B++,144,55,32.2,19426,178744,True,47.1,2.67,18.49,377,888.6,False,True,False,True,True,True,12.4,BITSAT,1771
Modern Institute of Homeopathy Aizawl,Aizawl,Mizoram,Private,1874,87,,117,1112,6.4,1556692,34844,True,83.4,29.56,158.36,604,1904.4,True,False,False,True,False,False,24.1,AP EAMCET,7126
Excel Institute of Hotel Management Mohali,Mohali,Punjab,Private,1852,108,A,167,1243,1.1,334094,105476,True,57.5,,,387,2098.3,True,True,True,True,True,True,17.6,UPSEE,1368
Saraswati College of Hotel Management and Research Sonipat,Sonipat,Haryana,Private,1942,195,A,237,803,2.5,437427,38135,True,79.4,11.46,65.48,284,492.5,False,True,False,False,False,True,21.6,CUET,1991
Rajasthan State Social Work College Ajmer,Ajmer,Rajasthan,Govt,2013,244,B,211,905,7.5,59938,132663,True,67.9,,,672,7.8,False,True,False,True,False,False,59.3,MHT CET,6822
Meera Autonomous Institute Naharlagun,Naharlagun,Arunachal Pradesh,Autonomous,1896,158,A++,143,925,7.0,65840,138089,True,69.9,3.23,8.72,101,1681.0,True,True,True,False,True,False,61.5,UPSEE,6492
Deemed Institute of Hotel Management Naharlagun,Naharlagun,Arunachal Pradesh,Deemed,1876,401,,236,217,5.4,150140,162077,True,48.0,2.32,8.59,501,1917.0,True,True,True,True,True,True,83.7,VITEEE,1172
Puri Autonomous College of Fine Arts,Puri,Odisha,Autonomous,1890,,A+,165,52,147.7,302142,76377,True,72.1,,,166,602.7,False,False,False,False,True,False,9.4,CLAT,7681
Sonipat Institute of Hotel Management (Deemed),Sonipat,Haryana,Deemed,1959,203,A+,57,973,7.6,369980,56540,True,60.0,4.09,24.35,112,1599.1,True,True,True,True,True,False,13.4,CUET,7373
Government Polytechnic Aizawl,Aizawl,Mizoram,Government,1952,218,B+,32,971,4.1,44529,126022,True,,4.05,11.08,135,628.2,True,True,False,False,False,False,42.8,WBJEE,3957
Vasco da Gama College of Nursing,Vasco da Gama,Goa,Private,2019,57,B++,96,1294,1.3,707148,128688,False,66.2,4.43,27.03,17,755.2,True,True,True,True,True,True,68.5,GATE,1727
Galgotias Deemed University Tura,Tura,Meghalaya,Deemed,1938,276,B+,116,56,3.1,141998,33641,False,45.3,3.37,23.19,501,725.1,True,True,True,True,True,True,41.8,SRMJEEE,171
Mizoram University,Aizawl,Mizoram,Government,2001,196,A,192,1419,0.2,42022,59211,True,41.4,4.79,13.25,412,2427.7,False,False,True,True,False,False,64.2,CUET,300
Prime College of Arts Bareilly,Bareilly,Uttar Pradesh,Private,1929,210,B++,135,752,2.1,340054,71079,False,64.4,6.96,21.92,67,1734.8,True,False,True,False,False,True,80.7,JEE Advanced,1558
Tilak Academy of Medical Sciences Karimnagar,Karimnagar,Telangana,Deemed,1933,387,B+,110,698,10.1,192476,87468,True,48.3,3.26,17.63,471,146.3,True,True,True,True,False,False,40.8,Own Entrance,7053
Global Academy of Architecture Mohali,Mohali,Punjab,Private,1922,126,A+,96,966,7.2,471333,115286,True,57.6,9.96,35.67,191,889.9,True,False,True,True,True,True,61.4,UPSEE,6953
Tilak Foundation Medical Sciences College Dibrugarh,Dibrugarh,Assam,Private,2008,,A++,91,1200,2.6,2060423,133014,False,90.7,26.99,82.99,257,2316.1,True,True,True,True,True,True,62.4,COMEDK,3175
Dhanbad Government Commerce College,Dhanbad,Jharkhand,Government,1976,148,A,83,109,36.8,52391,91689,True,78.0,7.65,37.76,447,707.2,False,True,True,True,True,False,5.4,VITEEE,4012
Mapusa Government Architecture College,Mapusa,Goa,Government,1904,84,A,99,1466,3.4,,36573,True,67.8,,,576,414.2,False,False,False,False,False,True,21.5,JEE Advanced,4918
Deemed Institute of Ayurveda Margao,Margao,Goa,Deemed,1869,244,B,120,716,8.1,493260,78459,True,77.6,9.15,36.16,382,2112.9,False,True,True,True,True,True,64.8,CLAT,5830
District Veterinary Science College Ajmer,Ajmer,Rajasthan,Government,2023,,B,28,475,2.2,26701,152102,True,31.9,2.71,7.87,341,1577.9,True,True,True,True,True,True,55.3,CUET,1027
Kalam Deemed University Shillong,Shillong,Meghalaya,Deemed,1877,,A,44,1286,0.5,231292,152603,True,72.2,4.81,15.05,111,1683.2,False,True,True,False,False,True,72.3,JEE Main,669
Gandhinagar College of Architecture,Gandhinagar,Gujarat,Private,1902,,,114,1340,3.4,349733,20431,False,45.8,2.25,13.92,32,2119.5,True,False,False,True,False,False,80.2,SRMJEEE,4526
Hindustan Institute of Technology,Chennai,Tamil Nadu,Deemed,1985,,A,61,,,208594,170123,False,41.5,2.29,12.68,198,1302.5,False,True,True,False,True,True,67.0,HITSEEE,1800
Thrissur Government Agriculture College,Thrissur,Kerala,Government,2003,118,B++,32,462,6.4,61850,177457,True,65.3,10.13,53.69,25,542.8,True,False,True,True,False,True,23.3,JEE Main,2970
Deemed Institute of Dental Sciences Kota,Kota,Rajasthan,Deemed,1885,497,B+,227,628,4.2,293411,38223,True,42.0,5.57,21.98,204,1077.8,True,True,True,True,True,True,18.4,State Level,2623
Sri Usha Institute of Arts Patna,Patna,Bihar,private,1964,,A,215,1352,5.9,378159,66303,True,34.2,5.04,34.75,231,882.7,True,True,True,True,True,True,40.3,MHT CET,7929
District Physical Education College Noida,Noida,Uttar Pradesh,Government,2013,235,A++,204,628,10.1,21710,150190,True,,7.13,37.83,128,2138.4,True,True,True,False,True,False,78.8,KCET,6358
Prime College of Ayurveda Bikaner,Bikaner,Rajasthan,Private,1998,,A++,17,769,1.6,342079,113686,True,59.4,6.18,25.32,306,730.6,False,True,True,False,False,True,54.7,JEE Advanced,1257
Margao Government Information Technology College,Margao,Goa,Government,1935,11,A+,230,1450,3.6,112867,91005,False,88.6,25.93,122.1,603,816.9,False,False,True,True,False,True,50.6,JEE Advanced,5245
Assam University,Silchar,Assam,Government,1994,,B++,83,1124,0.4,35014,166980,True,62.4,2.09,6.77,351,1225.9,True,True,True,True,True,True,63.5,CUET,400
Dayanand University Tirunelveli,Tirunelveli,Tamil Nadu,Private,1913,421,A,17,388,20.5,276414,95304,True,28.4,,,563,1631.1,True,True,True,True,True,True,72.2,MHT CET,7971
Delhi Institute of Engineering,Delhi,Delhi,Private,1887,71,B++,9,788,8.9,370850,166407,True,79.5,11.63,72.54,512,2296.2,False,True,True,False,True,True,60.0,Own Entrance,7028
Modern Institute of Science Darbhanga,Darbhanga,Bihar,Private,1944,351,B+,189,1010,5.4,357713,137996,True,49.8,3.4,13.13,453,963.4,False,False,True,False,False,False,73.4,BITSAT,5408
Modern Institute of Education Bhilai,Bhilai,Chhattisgarh,Private,1997,,A++,145,159,31.1,486615,126016,True,66.7,5.19,11.77,151,669.0,False,True,False,False,False,False,55.1,Own Entrance,4952
State Institute of Education Tirunelveli,Tirunelveli,Tamil Nadu,Government,1889,,B++,83,,,142944,37624,True,88.0,14.03,55.32,506,770.2,True,True,True,True,True,False,73.9,NEET UG,2135
State Institute of Fine Arts Chandigarh,Chandigarh,Punjab,Government,1979,118,A+,88,1103,5.9,48597,84409,True,82.0,,,649,,False,False,False,False,False,False,23.4,NATA,6546
Government Model College Kullu,Kullu,Himachal Pradesh,Government,2012,,A,57,1321,2.4,78068,43098,True,89.7,12.16,54.67,326,1230.6,True,True,True,False,True,True,13.5,KCET,3196
Rajiv Gandhi National University of Law,Patiala,Punjab,Government,2006,375,A,215,1152,0.1,42070,149843,False,49.2,2.45,6.3,385,1356.0,True,True,True,True,True,True,64.6,CLAT,80
Prime College of Science Anand,Anand,Gujarat,Private,1992,79,A++,176,1271,2.4,1964232,59213,True,90.6,11.73,65.66,68,2451.8,True,True,True,False,False,True,74.5,VITEEE,3055
Modern Institute of Social Work Korba,Korba,Chhattisgarh,Private,2020,,B,49,244,32.0,269069,105925,True,49.8,3.25,14.52,270,1176.7,False,False,True,False,False,False,24.1,SRMJEEE,7818
Imphal Institute of Social Work,Imphal,Manipur,Private,1954,,A,238,573,8.1,474312,103261,True,66.1,10.47,43.2,65,672.3,False,False,True,False,True,True,62.2,JEE Advanced,4666
University of Calcutta,Kolkata,West Bengal,Government,1857,158,A,212,105,38.1,15166,92259,True,36.6,5.5,32.05,686,1049.3,True,True,False,False,True,True,65.3,CUET,4000
Babasaheb Institute of Law Kalyani,Kalyani,West Bengal,Private,1916,438,B++,128,1247,3.7,253520,148075,True,,2.47,11.22,175,1629.9,True,False,True,True,False,True,29.0,NATA,4628
Acharya Institute of Homeopathy Thanjavur,Thanjavur,Tamil Nadu,Private,1917,,B+,48,149,32.4,354173,114429,True,42.5,5.48,32.39,317,1908.5,False,False,True,True,True,True,21.5,University Entrance,4833
Autonomous College of Hotel Management Mapusa,Mapusa,Goa,Autonomous,1874,476,B+,190,1169,3.7,130417,50538,True,37.8,3.31,15.78,358,301.1,True,True,False,True,True,False,69.1,Own Entrance,4324
Government Model College Gwalior,Gwalior,M.P.,Government,1903,385,A,66,699,10.2,23946,87915,True,31.4,5.47,36.14,177,2039.1,False,True,True,True,True,True,79.5,UPSEE,7110
Government Model College Dibrugarh,Dibrugarh,Assam,Government,1855,56,B,25,877,6.4,70137,112568,True,72.3,7.25,19.23,677,1165.1,True,True,True,True,True,True,69.7,GATE,5584
Nehru University Purnia,Purnia,Bihar,Private,1963,89,B++,118,,,1636291,109554,True,87.9,29.73,131.94,119,800.8,True,True,True,True,True,False,35.4,KCET,4780
Madhya Pradesh State Pharmacy College Jabalpur,Jabalpur,Madhya Pradesh,Government,1917,22,B+,240,449,2.2,71861,101889,True,90.7,14.08,71.67,223,818.5,True,False,False,False,False,True,1.6,JEE Main,1006
Hamirpur Institute of Applied Sciences,Hamirpur,Himachal Pradesh,Private,1937,363,B++,8,1045,3.8,137224,167306,True,33.1,3.82,22.18,236,1580.7,True,False,False,True,True,True,63.9,State Level,3978
State Institute of Ayurveda Ghaziabad,Ghaziabad,Uttar Pradesh,Government,1886,120,A,94,970,2.4,70856,23609,False,75.9,12.63,29.38,320,1611.3,True,True,True,True,True,True,38.7,KCET,2348
Autonomous College of Physical Education Itanagar,Itanagar,Arunachal Pradesh,Autonomous,1863,267,A,146,403,2.1,48101,64072,True,41.7,3.33,6.68,228,1538.4,True,True,True,True,False,False,46.1,University Entrance,846
West Bengal National University of Juridical Sciences,Kolkata,West Bengal,Government,1999,100,A+,52,417,0.2,88380,131770,True,87.0,7.32,29.46,665,1644.0,True,False,False,True,True,True,34.2,CLAT,100
District Engineering College Tirunelveli,Tirunelveli,Tamil Nadu,Government,1916,239,B+,197,1416,3.2,53621,158848,True,77.6,11.95,47.59,581,365.3,True,False,False,True,True,True,59.5,VITEEE,4570
Meera Autonomous Institute Shillong,Shillong,Meghalaya,Autonomous,1943,,B++,222,995,3.0,281200,44944,True,83.8,7.1,39.19,395,2339.2,False,False,True,True,True,True,8.7,WBJEE,2959
Academy of Homeopathy Phagwara,Phagwara,Punjab,Deemed,2010,81,B++,92,347,15.3,596318,174573,True,78.9,9.73,55.03,658,35.0,False,False,True,True,False,False,55.1,NATA,5323
Kohima College of Law,Kohima,Nagaland,Private,1983,93,A++,118,1163,2.4,559443,105539,True,68.1,9.33,43.39,478,761.6,True,False,True,True,True,False,12.1,State Level,2811
Vivekananda University Kollam,Kollam,Kerala,Private,1922,,B+,114,340,17.8,347734,177406,True,79.4,7.71,24.0,585,472.0,False,False,False,False,True,True,67.5,MHT CET,6066
Deemed Institute of Agriculture Kharagpur,Kharagpur,West Bengal,Deemed,1912,68,B,183,93,73.6,179289,56123,True,53.3,8.02,21.78,444,930.5,True,True,True,False,False,True,59.9,GATE,6841
Deemed Institute of Management Junagadh,Junagadh,Gujarat,Deemed,1868,,B+,44,494,1.1,374064,149254,True,59.2,9.69,38.16,546,2231.4,True,True,False,False,True,False,23.4,University Entrance,529
Government Model College Baramulla,Baramulla,Jammu & Kashmir,Government,1967,,A+,72,961,5.7,50231,34326,True,75.5,7.68,23.9,274,1546.4,True,True,False,True,True,True,49.8,TNEA,5478
Srinivasa Autonomous Institute Indore,Indore,Madhya Pradesh,autonomous,1960,,A,106,357,13.1,37179,126907,True,38.7,1.87,8.96,665,296.1,False,True,True,True,True,True,65.2,AP EAMCET,4679
Nizamabad Applied Sciences Autonomous College,Nizamabad,Telangana,Autonomous,2007,,A,56,1270,2.5,114499,144394,True,48.6,8.57,46.66,336,297.5,True,False,False,False,False,False,40.0,State Level,3196
Jai Prakash Autonomous Institute Ajmer,Ajmer,Rajasthan,Autonomous,1922,340,B++,118,1276,3.0,59265,27544,True,48.8,2.51,14.67,542,1901.1,False,False,False,True,False,False,50.1,JEE Main,3878
Modern Institute of Arts Vasco da Gama,Vasco da Gama,Goa,Private,2022,59,B++,116,971,1.3,1206982,174705,True,,20.3,102.97,59,1163.0,True,False,False,True,False,True,4.3,NEET UG,1291
Chandra University Mohali,Mohali,Punjab,Private,1987,218,B++,181,679,9.8,615055,164061,True,66.9,11.44,44.68,102,819.7,False,True,False,False,False,True,50.4,Own Entrance,6652
Tilak University Indore,Indore,Madhya Pradesh,Private,2009,,,43,344,16.2,1652393,140897,False,84.9,18.4,43.17,629,2157.3,True,True,False,True,True,True,43.9,AP EAMCET,5574
University of Allahabad,Prayagraj,Uttar Pradesh,Government,1887,,A+,176,943,2.1,42504,104116,True,69.6,7.87,36.69,130,683.1,True,True,True,False,True,True,14.2,CUET,2000
University of Mumbai,Mumbai,Maharashtra,Government,1857,155,A++,65,696,7.2,45692,171023,True,72.3,10.98,58.88,319,2190.9,True,False,True,True,False,True,83.8,Own Entrance,5000
District Fine Arts College Jaipur,Jaipur,Rajasthan,Government,2013,,B,100,752,4.1,25202,37008,True,43.0,4.36,25.69,301,1064.1,True,True,True,True,False,True,15.5,BITSAT,3079
Aryabhatta College of Education and Research Dimapur,Dimapur,Nagaland,Private,1882,90,B,10,500,11.0,797977,95753,True,63.3,9.59,66.49,12,982.8,True,True,True,False,True,False,39.5,GATE,5484
Jammu University,Jammu,Jammu & Kashmir,Government,1969,177,A+,66,1254,0.8,26123,134814,True,81.9,6.4,18.98,510,973.1,True,False,True,False,True,True,67.6,CUET,1000
Academy of Fine Arts Bhilai,Bhilai,Chhattisgarh,deemed,1899,66,,91,1030,1.7,594097,54013,True,51.9,8.2,30.09,87,1126.3,True,True,True,True,False,False,20.7,NEET UG,1797
State Institute of Physical Education Ranchi,Ranchi,Jharkhand,Government,1982,,B,150,332,4.3,22039,146290,True,83.9,5.8,28.66,563,1299.7,True,False,False,True,True,False,69.6,Own Entrance,1432
Jawaharlal Deemed University New Delhi,New Delhi,Delhi,Deemed,1953,166,B++,240,1247,4.6,158699,109959,True,36.6,2.83,11.72,499,1588.8,True,True,False,True,True,False,50.8,JEE Main,5776
Kollam Autonomous College of Engineering,Kollam,Kerala,Autonomous,1938,165,A+,82,240,2.0,239396,151775,True,48.1,5.97,31.54,405,871.2,True,False,False,False,False,False,70.4,CAT,482
Prime College of Science Bathinda,Bathinda,Punjab,Private,1871,163,A,97,794,4.6,291148,108079,True,43.4,2.55,7.91,142,1727.6,True,True,True,True,True,True,28.1,VITEEE,3629
Government College of Homeopathy Delhi,Delhi,Delhi,Government,1973,,B++,185,,,37094,80679,True,30.5,4.48,23.09,320,,True,False,True,True,False,False,67.2,VITEEE,5616
Acharya Academy of Fashion Design Hisar,Hisar,Haryana,Deemed,1896,2,A+,91,921,8.0,366458,139531,True,82.0,9.58,33.53,471,1478.6,True,False,True,True,False,False,60.3,GATE,7402
Government Polytechnic Bellary,Bellary,Karnataka,Government,1863,,B+,205,206,31.9,31575,153239,True,87.3,13.86,42.22,491,1977.9,False,True,True,False,False,True,52.7,State Level,6577
Agartala Government Engineering College,Agartala,Tripura,Government,1950,159,A+,30,455,15.1,57431,131451,False,76.8,5.23,17.63,280,2423.2,False,False,False,True,True,False,49.4,GATE,6871
District Education College New Delhi,New Delhi,Delhi,Government,1851,54,,154,279,8.7,,83984,True,91.3,14.32,49.02,393,1322.8,False,False,False,False,True,False,61.3,Own Entrance,2424
Narayana Autonomous Institute Shillong,Shillong,Meghalaya,Autonomous,1984,,B,84,225,34.9,128546,56581,True,23.9,2.87,19.51,154,2004.1,False,False,True,False,True,False,39.5,GATE,7854
Government Commerce College Imphal,Imphal,Manipur,Government,1901,397,,149,114,18.0,33180,125783,False,,4.27,18.23,545,1187.5,False,True,True,False,False,True,7.2,UPSEE,2055
Lakshmi Deemed University Shillong,Shillong,Meghalaya,Deemed,1873,,A,98,678,3.2,529227,88968,True,53.2,5.4,32.56,322,2415.5,True,True,True,True,True,True,37.9,NEET UG,2174
Subhas Autonomous Institute Guntur,Guntur,A.P.,Autonomous,1907,491,B++,73,1462,2.7,131173,168839,True,32.4,4.26,27.36,542,2408.2,True,False,False,False,False,False,17.5,TNEA,3990
Srinivasa Autonomous Institute Vijayawada,Vijayawada,Andhra Pradesh,Autonomous,1896,,A,130,561,13.7,64282,123689,True,,1.82,5.73,123,550.9,True,True,True,False,False,True,41.1,BITSAT,7712
Laxmi Deemed University Nanded,Nanded,Maharashtra,Deemed,1973,84,B++,92,333,2.9,490516,153217,False,62.7,7.51,38.17,61,2443.9,True,True,False,True,True,True,56.7,MHT CET,976
Mapusa College of Commerce,Mapusa,Goa,Private,1863,57,B,162,1149,1.1,513374,122858,True,77.9,8.2,30.66,39,1505.5,True,False,True,True,True,False,32.9,State Level,1236
Aryabhata Autonomous Institute Vasco da Gama,Vasco da Gama,Goa,Autonomous,1919,,B+,63,1137,6.7,63530,164002,True,32.0,2.25,10.5,596,4.0,False,True,False,True,False,False,40.4,KCET,7640
Sri Aurobindo Institute of Hotel Management Haridwar,Haridwar,Uttarakhand,Private,1948,80,A+,189,785,6.7,2284506,75485,True,90.5,12.97,26.72,530,1864.2,False,False,True,False,False,True,84.7,MHT CET,5276
Sri Aryabhatta Institute of Medical Sciences Dimapur,Dimapur,Nagaland,Private,1958,387,B+,217,1166,6.2,280245,83891,True,37.0,4.46,21.31,602,2068.5,False,True,True,True,False,True,30.8,TS EAMCET,7197
Government Model College Nellore,Nellore,Andhra Pradesh,Government,1930,98,,20,972,2.8,271208,99346,True,93.0,15.2,39.36,278,1620.5,False,False,False,False,False,False,48.1,State Level,2703
Prime College of Technology Kohima,Kohima,Nagaland,Private,1852,212,,185,1226,3.5,,77265,True,70.8,12.0,77.91,572,292.2,True,False,True,True,True,True,84.2,JEE Main,4301
Sri Usha Institute of Information Technology Dehradun,Dehradun,Uttarakhand,Private,1922,298,,225,1071,4.3,212659,111133,True,57.6,2.98,18.13,686,844.6,False,False,False,False,True,False,38.2,CAT,4630
Government Engineering College Aizawl,Aizawl,Mizoram,Government,1864,124,A+,46,1279,0.7,64262,116868,True,67.3,13.05,90.88,36,1351.7,True,True,True,True,True,True,28.6,UPSEE,916
Jorhat Institute of Fine Arts,Jorhat,Assam,Private,2008,259,B+,46,,,,146637,True,42.5,,,232,1927.7,True,False,False,True,True,True,46.2,UPSEE,6928
Government Model College Kalyani,Kalyani,West Bengal,Government,1941,,B+,74,147,30.2,8548,174077,True,63.5,3.07,21.45,165,382.5,False,True,True,True,False,True,55.4,TNEA,4437
Chanakya Autonomous Institute Shillong,Shillong,Meghalaya,Autonomous,2022,64,A+,139,1490,2.7,67694,161808,True,,6.63,28.55,666,2118.6,True,True,True,True,False,False,14.9,State Level,4095
Raman Foundation Fine Arts College Jodhpur,Jodhpur,Rajasthan,Private,1943,500,A,121,421,11.9,174327,123659,False,36.4,3.36,8.65,448,1247.3,False,False,False,False,False,False,20.9,TS EAMCET,5020
Ahmedabad Government Information Technology College,Ahmedabad,Gujarat,Government,1977,77,A,116,926,1.5,87001,92789,True,70.2,9.87,55.46,173,1219.4,False,False,False,False,False,True,56.9,AP EAMCET,1356
District Computer Science College Korba,Korba,Chhattisgarh,Government,1998,149,B++,11,793,9.4,61327,149666,True,72.8,8.43,40.89,360,811.9,False,True,False,False,False,True,55.5,University Entrance,7416
Institute of Chemical Technology Mumbai,Mumbai,Maharashtra,Deemed,1933,78,A++,181,829,0.6,245876,49840,False,61.2,9.76,32.79,499,2000.1,True,True,True,False,False,False,55.5,MHT CET,500
Indian Institute of Technology Goa,Goa,Goa,Government,2016,,,195,365,0.7,34004,152324,True,44.9,5.63,23.81,496,1126.3,False,True,True,True,True,True,64.1,JEE Advanced,240
Sapru College of Homeopathy and Research Karaikal,Karaikal,Puducherry,Private,1962,91,B+,248,1002,0.9,1009896,62052,True,85.9,19.59,109.83,57,1953.5,True,True,True,True,True,True,33.8,MHT CET,935
Deemed Institute of Management Imphal,Imphal,Manipur,Deemed,1986,,A,160,1264,5.7,123261,145959,True,39.0,3.67,21.55,638,1874.3,False,False,False,False,False,True,37.5,CAT,7255
Koneru Lakshmaiah Education Foundation,Guntur,Andhra Pradesh,Deemed,1980,89,A++,217,1141,1.8,480046,75882,True,74.2,6.26,15.77,455,1617.1,False,False,False,False,False,False,79.9,KLEEE,2000
Global Academy of Fashion Design Meerut,Meerut,Uttar Pradesh,Private,1994,168,B++,85,45,52.7,760248,42660,True,79.7,4.08,12.56,620,1581.5,True,True,False,True,True,True,69.4,JEE Advanced,2373
Gandhi Foundation Technology College Dibrugarh,Dibrugarh,Assam,Private,2010,217,B++,217,703,4.7,417008,154993,False,78.3,4.94,14.68,314,2364.8,True,False,True,False,True,False,80.6,VITEEE,3324
State Institute of Physical Education Namchi,Namchi,Sikkim,Government,2001,204,B,225,99,72.7,64259,138341,True,82.5,14.55,86.1,268,455.1,False,True,False,True,True,True,4.3,COMEDK,7193
Central University of Rajasthan,Ajmer,Rajasthan,Government,2009,343,A,106,935,0.6,20152,21892,True,49.2,2.75,17.63,265,409.8,False,True,False,True,True,False,62.9,CUET,600
Aizawl Autonomous College of Veterinary Science,Aizawl,Mizoram,Autonomous,1971,,B++,225,1055,2.5,233967,54323,True,66.4,7.63,39.6,19,2223.0,False,False,True,False,True,False,22.1,KCET,2674
State Institute of Social Work Alappuzha,Alappuzha,Kerala,Government,1994,,B+,73,695,1.9,28624,100102,False,39.3,5.7,12.21,657,965.9,True,False,True,False,False,False,58.6,NATA,1304
Raman University Pantnagar,Pantnagar,Uttarakhand,Private,1881,254,A,102,1263,5.3,142792,92709,True,55.4,3.24,16.05,323,882.6,False,True,False,False,False,True,39.8,JEE Main,6656
Bhabha Institute of Engineering Vellore,Vellore,Tamil Nadu,Private,1852,200,B++,79,586,13.6,591623,29468,True,,8.25,53.19,104,318.5,False,True,True,True,True,True,17.0,WBJEE,7957
Galgotias Foundation Social Work College Nashik,Nashik,Maharashtra,Private,1955,361,B++,242,676,11.0,289055,172698,True,31.0,4.09,20.39,538,286.7,False,True,True,True,False,True,54.0,SRMJEEE,7405
Autonomous College of Medical Sciences Delhi,Delhi,Delhi,Autonomous,1922,174,B++,63,1168,4.2,111403,102062,False,65.2,7.9,43.91,176,1057.6,True,True,True,True,True,True,77.4,TNEA,4852
Srinivasa University Nagaon,Nagaon,Assam,Private,1999,282,A,210,401,14.2,344396,82930,False,43.1,3.09,19.67,297,153.6,True,False,False,True,False,True,52.7,Own Entrance,5705
Prime College of Nursing Delhi,Delhi,Delhi,Private,1918,,B++,32,525,1.0,281082,79982,True,30.2,3.9,24.84,672,2490.3,False,False,False,True,True,False,84.9,GATE,524
Nehru Institute of Nursing Junagadh,Junagadh,Gujarat,Private,1925,18,A++,166,1161,5.0,1694264,179249,True,96.5,23.75,72.52,113,1218.7,True,False,True,False,False,False,61.4,CLAT,5764
Sri Bose Institute of Information Technology Aizawl,Aizawl,Mizoram,Private,1945,,A+,216,645,5.1,772621,160404,False,62.2,10.42,42.92,320,2106.7,False,True,True,True,False,True,58.8,State Level,3267
Government Polytechnic Bangalore,Bangalore,Karnataka,Government,1934,141,B+,130,1071,0.1,18786,53826,True,78.7,11.83,58.05,667,458.2,True,False,True,False,False,False,15.3,AP EAMCET,71
Babasaheb Academy of Dental Sciences Udaipur,Udaipur,Rajasthan,Deemed,1866,81,A,144,207,36.2,176151,118859,False,70.8,7.96,38.96,472,427.5,True,True,True,False,True,False,44.1,JEE Advanced,7497
Dibrugarh University,Dibrugarh,Assam,Government,1965,361,B++,42,212,3.8,20479,147118,True,36.3,4.11,8.9,619,2335.0,True,False,True,False,True,False,13.9,Own Entrance,800
Shivaji Autonomous Institute Kolhapur,Kolhapur,Maharashtra,Autonomous,2012,405,B+,249,435,15.5,122305,116543,True,34.4,2.89,11.93,675,324.4,True,False,True,True,True,True,68.6,WBJEE,6722
Vijayawada Institute of Veterinary Science (Deemed),Vijayawada,Andhra Pradesh,Deemed,2015,,B+,95,208,24.6,259409,128904,True,52.3,3.93,17.23,265,2157.9,True,False,True,True,True,False,2.7,TNEA,5110
Saraswati College of Fashion Design and Research Raipur,Raipur,Chhattisgarh,Private,1937,28,B++,166,1307,4.7,2334111,54961,True,89.6,25.35,130.89,402,1065.0,True,False,False,True,False,False,2.3,TS EAMCET,6139
Deemed Institute of Education Kota,Kota,Rajasthan,Deemed,1871,204,B++,123,497,4.7,272378,83177,True,42.0,5.51,11.28,603,2274.9,True,True,True,True,True,True,61.2,University Entrance,2348
Devi Ahilya Institute of Homeopathy New Delhi,New Delhi,Delhi,Private,1965,93,A,202,1180,5.8,706991,156496,False,80.3,5.8,28.11,169,,True,True,False,False,True,False,83.2,JEE Main,6842
Aryabhata University Dharwad,Dharwad,Karnataka,Private,1977,,A++,154,1314,3.6,422460,30904,False,73.6,4.53,10.2,247,677.2,True,False,True,False,False,True,35.1,KCET,4729
Sonipat Institute of Journalism,Sonipat,Haryana,Private,2013,446,B+,150,447,14.0,251627,46146,False,27.7,4.24,12.82,110,1567.7,False,False,False,False,False,False,20.7,BITSAT,6259
Government Homeopathy College Bathinda,Bathinda,Punjab,Government,2010,237,B++,110,357,0.4,40953,91630,False,63.8,4.91,21.29,126,,False,False,True,False,False,False,66.8,MHT CET,145
Sri Guru Gobind Singh Institute of Pharmacy Rewa,Rewa,Madhya Pradesh,Private,2005,,B++,227,487,12.3,276338,147142,False,54.7,2.82,19.3,263,1496.4,True,True,False,False,True,False,66.0,MHT CET,5974
Guru Gobind Singh University Gwalior,Gwalior,Madhya Pradesh,Private,1905,493,B,212,282,2.5,321079,143640,True,35.3,4.73,23.24,145,77.2,False,False,True,False,False,False,51.8,BITSAT,711
Aurobindo Foundation Science College Dimapur,Dimapur,Nagaland,Private,1985,262,B,121,823,3.5,330367,59576,False,36.5,5.36,31.44,87,563.2,True,True,True,False,True,True,12.2,University Entrance,2856
Autonomous College of Management Prayagraj,Prayagraj,Uttar Pradesh,Autonomous,1850,154,A++,24,1258,3.1,56926,145357,False,70.9,6.85,28.33,286,889.8,True,True,True,False,True,True,50.3,MHT CET,3936
Bharati Academy of Social Work Prayagraj,Prayagraj,Uttar Pradesh,Deemed,1968,204,A,228,440,1.2,590022,151446,False,53.0,4.83,25.45,497,,False,False,True,False,True,False,84.5,State Level,514
Autonomous College of Nursing Agartala,Agartala,Tripura,Autonomous,1913,,B,20,378,1.4,72824,97369,True,47.0,,,227,1462.9,True,False,False,True,False,False,9.8,SRMJEEE,520
Chandigarh Engineering Autonomous College,Chandigarh,Chandigarh,Autonomous,1968,161,B,141,1404,2.1,97932,133314,False,55.4,8.31,34.77,616,1677.9,True,True,True,True,True,True,50.9,CAT,2883
Government College of Fashion Design Tezpur,Tezpur,Assam,Government,1860,21,A++,52,689,10.5,80112,117920,True,90.2,32.71,140.96,127,2460.2,True,False,True,True,True,True,35.5,CAT,7213
Margao Government Dental Sciences College,Margao,Goa,Government,1995,161,B,150,1397,3.5,78568,113130,False,83.8,12.85,45.26,25,628.7,True,False,True,True,False,True,23.2,CUET,4845
Modern Institute of Physical Education Alappuzha,Alappuzha,Kerala,Private,1984,168,A,190,372,1.4,253571,69558,True,27.7,4.16,21.52,78,2263.2,True,True,True,False,True,True,38.6,University Entrance,516
All India Institute of Medical Sciences Delhi,New Delhi,Delhi,Government,1956,172,A++,59,71,2.8,77835,74759,True,85.0,8.33,56.52,204,2405.3,False,False,False,False,True,True,10.9,NEET UG,200
Aligarh Autonomous College of Veterinary Science,Aligarh,Uttar Pradesh,Autonomous,1986,154,B+,186,1440,3.2,175748,79736,True,62.3,6.19,19.62,358,411.0,False,True,True,True,True,True,60.2,Own Entrance,4599
Shri Ram Institute of Hotel Management Meerut,Meerut,Uttar Pradesh,Private,1985,450,A,9,223,33.2,397147,25121,False,34.2,4.03,20.29,254,101.8,True,True,True,True,True,True,18.6,GATE,7408
Patel Foundation Pharmacy College Silchar,Silchar,Assam,Private,1994,243,B++,11,1432,4.1,592194,62404,True,61.2,11.89,52.32,226,1817.8,False,False,False,True,False,True,31.3,TS EAMCET,5805
Amrita University Margao,Margao,Goa,Private,1988,,A,77,1058,1.7,,37364,True,56.3,7.23,39.33,498,,True,True,True,True,True,True,25.5,AP EAMCET,1837
Government College of Management Erode,Erode,Tamil Nadu,Government,1900,238,B+,184,571,13.6,,65288,True,85.8,11.51,47.39,597,1129.2,True,True,True,True,True,True,21.1,JEE Main,7763
University of Madras,Chennai,Tamil Nadu,Government,1857,,A++,121,1014,3.0,15753,179379,True,85.3,7.38,36.49,429,1105.8,True,True,True,True,True,True,51.5,Own Entrance,3000
Durgapur Institute of Social Work (Deemed),Durgapur,West Bengal,Deemed,1987,345,B+,107,,,113015,59831,False,45.6,4.53,20.37,184,1626.7,True,False,False,True,True,False,33.0,CAT,3479
Global Academy of Law Purnia,Purnia,Bihar,Private,1872,,B++,50,1366,5.4,567054,146204,True,63.7,5.42,20.2,524,1779.7,False,False,False,False,False,False,57.0,AP EAMCET,7311
Amrita College of Management and Research Bhagalpur,Bhagalpur,Bihar,Private,1914,296,B++,183,1328,1.4,289581,130238,True,40.9,3.61,9.04,12,870.1,True,False,False,False,False,True,56.4,SRMJEEE,1893
Panaji Institute of Science (Deemed),Panaji,Goa,Deemed,1917,495,B++,166,773,6.2,188229,112267,True,37.5,5.42,25.95,398,688.0,True,True,True,True,True,True,63.2,JEE Main,4768
Bombay College of Pharmacy,Mumbai,Maharashtra,Government,1957,,A+,247,414,0.5,38394,144926,True,72.2,7.19,35.0,204,1248.5,False,False,True,False,True,True,17.8,MHT CET,200
Patel College of Fine Arts and Research Kakinada,Kakinada,Andhra Pradesh,Private,2022,215,B,43,808,2.8,728818,147253,False,59.6,7.08,22.94,547,829.1,False,True,True,True,True,True,60.4,GATE,2231
Global Academy of Physical Education Shillong,Shillong,Meghalaya,Private,1956,46,A,23,774,8.2,998451,163349,True,96.8,26.24,172.13,635,1953.3,False,False,True,False,False,True,22.6,CAT,6357
Agartala Government Management College,Agartala,Tripura,Government,1908,168,A,241,628,1.5,12291,115892,True,45.4,3.87,15.61,144,505.4,True,True,True,True,False,True,45.6,AP EAMCET,962
Modern Institute of Commerce Hyderabad,Hyderabad,Telangana,Private,1993,124,B++,207,1071,6.9,670267,50783,True,79.6,4.54,18.59,32,419.0,True,False,False,False,False,True,24.0,WBJEE,7391
Raman College of Computer Science and Research Shimoga,Shimoga,karnataka,Private,1851,169,A++,218,318,11.1,624803,110960,True,72.6,5.51,12.41,32,1605.2,False,False,True,True,False,False,14.4,JEE Main,3529
State Institute of Engineering Aizawl,Aizawl,Mizoram,Government,1878,,A+,75,502,9.1,136339,43324,True,90.1,19.67,66.21,20,246.7,False,True,True,False,False,False,83.3,University Entrance,4552
Government Polytechnic Pilani,Pilani,Rajasthan,Government,2019,,B+,41,933,7.4,116447,144001,True,89.4,18.71,74.44,291,2274.1,False,False,False,True,False,False,45.4,NEET UG,6910
Prime College of Hotel Management Shillong,Shillong,Meghalaya,Private,1869,,B++,189,1453,5.3,149728,43693,True,44.7,5.02,10.92,661,2073.4,True,True,False,True,True,True,67.3,TS EAMCET,7759
Indira Institute of Social Work Gwalior,Gwalior,M.P.,Private,1880,,A++,227,1270,3.5,523314,159795,True,71.5,9.09,31.8,73,618.7,False,False,False,False,False,True,72.5,CLAT,4383
University of Delhi,New Delhi,Delhi,Government,1922,132,A++,244,1377,5.8,33018,21358,True,87.2,14.78,41.23,497,1194.7,True,True,False,False,True,True,17.8,CUET,8000
Dayanand Institute of Fashion Design Sagar,Sagar,Madhya Pradesh,Private,1874,,B,127,822,4.1,364020,46477,True,41.6,4.71,9.98,610,2172.3,True,True,True,True,True,True,4.1,TNEA,3396
Modern Institute of Information Technology Namchi,Namchi,Sikkim,Private,1946,474,B,154,1202,0.8,301185,84574,True,41.2,,,375,1838.2,False,False,True,False,True,True,55.0,JEE Advanced,961
Indian Institute of Management Kozhikode,Kozhikode,Kerala,Government,1996,113,A++,155,292,1.4,95750,135968,True,84.8,5.87,14.69,403,880.1,True,True,False,True,True,True,37.1,CAT,400
Dhanbad Institute of Arts,Dhanbad,Jharkhand,Private,1986,,A,10,832,5.8,660103,76942,False,77.8,8.33,57.93,359,2113.1,True,False,False,True,True,True,14.6,JEE Advanced,4865
Global Academy of Journalism Baramulla,Baramulla,Jammu & Kashmir,Private,2003,140,A+,186,1246,3.1,636979,37573,True,72.5,8.9,59.23,191,2000.2,True,False,False,False,True,False,54.6,NEET UG,3812
Bilaspur Institute of Agriculture,Bilaspur,Chhattisgarh,Private,1918,,B+,235,554,10.3,348557,173929,False,80.7,7.67,38.12,492,278.7,True,True,False,False,True,False,51.8,AP EAMCET,5694
Sri Ramanujan Institute of Agriculture Coimbatore,Coimbatore,Tamil Nadu,Private,1883,,B,174,570,0.9,261330,135172,True,77.0,9.78,64.37,569,1157.5,True,False,False,True,False,True,66.2,KCET,486
Tilak Academy of Commerce Jamshedpur,Jamshedpur,Jharkhand,Deemed,1850,85,B++,7,1384,5.3,247288,52359,True,71.6,,,683,575.9,True,True,True,False,False,True,54.3,CLAT,7382
New Delhi College of Veterinary Science,New Delhi,Delhi,Private,2018,184,A,16,1425,0.5,417555,33297,True,57.9,,,192,2171.4,False,True,True,False,True,False,35.0,State Level,663
Hyderabad Government Arts College,Hyderabad,Telangana,Government,1871,155,A,181,583,12.5,,171512,True,87.0,,,113,1362.9,True,True,True,True,True,False,30.2,WBJEE,7267
District Law College Delhi,Delhi,Delhi,Government,1954,416,,73,1261,6.2,36496,84126,True,44.4,3.1,15.92,75,1922.6,True,False,True,False,False,True,14.7,COMEDK,7808
Chanakya Foundation Architecture College Vellore,Vellore,Tamil Nadu,Private,1995,234,B+,181,1427,3.5,133907,139559,True,40.9,3.3,9.13,293,748.7,False,True,True,True,True,True,67.7,CUET,5033
Tiruchirappalli Institute of Fine Arts (Deemed),Tiruchirappalli,Tamil Nadu,Deemed,1980,119,A+,43,263,6.2,257896,47638,True,73.2,5.12,29.07,594,,False,True,True,True,True,False,59.3,JEE Main,1619
Prime College of Veterinary Science Aizawl,Aizawl,Mizoram,Private,2020,11,B++,122,1436,5.5,1694305,52330,False,96.0,22.55,77.84,289,973.2,True,True,True,True,True,True,15.6,SRMJEEE,7848
Aizawl Institute of Applied Sciences (Deemed),Aizawl,Mizoram,Deemed,1890,12,A,239,1324,1.5,,152187,True,77.4,16.08,63.68,276,2093.7,True,False,False,False,False,False,14.4,TS EAMCET,1952
Silchar Institute of Applied Sciences,Silchar,Assam,Private,1985,,A,192,938,2.1,611223,56028,True,74.9,9.49,24.4,334,18.0,True,True,True,True,True,True,79.7,SRMJEEE,1982
New Delhi Institute of Commerce (Deemed),New Delhi,Delhi,Deemed,2004,,A,24,197,37.3,303308,54004,True,67.0,6.61,17.26,266,2346.0,False,False,False,True,False,False,18.3,State Level,7354
State Institute of Fashion Design Bhavnagar,Bhavnagar,Gujarat,Government,1900,257,B+,134,539,13.5,36862,130277,True,59.7,2.57,9.64,107,858.7,True,True,True,True,True,True,24.7,Own Entrance,7279
Babasaheb Institute of Management Tura,Tura,Meghalaya,Private,1877,213,B++,157,473,1.5,551767,27352,True,61.5,,,21,,False,True,False,True,True,False,27.0,CUET,697
Varanasi College of Social Work,Varanasi,Uttar Pradesh,Private,1983,,B++,129,539,7.1,356730,88583,True,77.5,8.43,27.33,404,2216.2,True,False,False,False,True,True,14.2,NEET UG,3827
Deemed Institute of Education Chandigarh,Chandigarh,Chandigarh,Deemed,1934,161,B++,76,1437,3.8,426147,60789,True,68.7,8.93,44.19,618,1946.2,True,False,True,True,False,False,21.6,State Level,5507
Subhas Institute of Ayurveda Karaikal,Karaikal,Puducherry,Private,1924,,A,15,,,454182,111919,True,73.3,,,81,1697.8,False,True,False,False,True,False,43.6,State Level,5390
Pantnagar College of Applied Sciences,Pantnagar,Uttarakhand,Private,1854,299,A,30,1068,4.4,200479,102677,True,56.2,2.15,4.87,642,2391.6,True,True,False,False,True,True,17.1,KCET,4747
Modern Institute of Information Technology Aurangabad,Aurangabad,Maharashtra,Private,2002,11,,53,1147,6.6,1582836,70568,True,93.8,18.4,61.34,399,334.4,False,True,False,False,True,True,50.3,UPSEE,7517
University of Kerala,Thiruvananthapuram,Kerala,Government,1937,147,A++,97,1225,1.6,52274,175967,True,78.2,10.62,72.55,46,234.6,False,True,False,False,False,False,26.1,Own Entrance,2000
Modern Institute of Social Work Udaipur,Udaipur,Rajasthan,Private,1956,304,B+,70,481,3.2,221328,103775,True,48.2,4.15,20.42,285,2166.4,True,True,True,False,False,False,7.1,VITEEE,1529
Gandhi Foundation Dental Sciences College Chandigarh,Chandigarh,Chandigarh,Private,2012,74,B++,148,848,1.9,1546452,58609,True,80.8,20.91,130.22,60,1642.6,True,False,True,True,True,False,9.7,TS EAMCET,1579
Rajendra Prasad College of Nursing and Research Silchar,Silchar,Assam,Private,2000,,B++,124,372,5.4,557234,176231,True,79.1,9.78,37.35,158,1375.9,True,True,True,True,True,True,70.6,CUET,2010
Tamil Nadu Agricultural University,Coimbatore,Tamil Nadu,Government,1971,242,A+,92,1295,0.6,49039,69060,True,77.6,7.37,32.11,384,461.4,False,False,True,True,True,True,36.6,TNAU Entrance,800
Guru Gobind Singh College of Fashion Design and Research Aizawl,Aizawl,Mizoram,Private,1937,,B++,172,728,2.1,231042,177921,True,63.4,5.32,17.55,421,466.5,False,False,True,True,False,False,53.6,TNEA,1540
Manipal College of Pharmaceutical Sciences,Manipal,Karnataka,Private,1963,199,A+,240,180,2.2,614337,126286,True,70.8,8.14,46.27,102,1374.9,False,False,False,True,True,True,62.0,MET,400
Namchi Institute of Arts (Deemed),Namchi,Sikkim,Deemed,1918,,A,191,619,10.0,,54130,True,37.9,2.83,8.71,203,1047.0,False,False,False,True,True,True,35.3,KCET,6174
Nashik Information Technology Autonomous College,Nashik,Maharashtra,Autonomous,1863,52,A++,232,1127,1.8,153759,82575,True,58.0,3.05,6.77,666,221.1,True,True,False,False,True,True,54.2,AP EAMCET,1997
Dimapur Autonomous College of Veterinary Science,Dimapur,Nagaland,Autonomous,1958,416,A,209,406,3.5,,80540,True,48.6,2.57,13.76,18,2212.1,True,True,False,True,False,False,12.9,KCET,1432
State Institute of Medical Sciences Haridwar,Haridwar,Uttarakhand,Government,1899,213,B,28,249,8.7,25648,52028,True,,2.89,7.82,106,1778.8,True,True,False,False,True,True,39.2,SRMJEEE,2171
Deemed Institute of Applied Sciences Bhubaneswar,Bhubaneswar,Odisha,Deemed,1908,372,B+,214,390,16.8,293198,179832,True,35.1,4.87,10.33,150,23.9,True,True,True,False,True,True,14.3,University Entrance,6540
Shillong Autonomous College of Physical Education,Shillong,Meghalaya,Autonomous,1896,281,,182,857,0.2,132652,114008,True,45.4,4.64,15.39,631,2415.2,False,False,False,False,False,True,4.5,MHT CET,164
Sri Rajendra Prasad Institute of Engineering Hazaribagh,Hazaribagh,Jharkhand,Private,1963,323,B+,182,87,53.7,149060,51168,True,50.3,3.52,12.9,693,1975.9,False,True,True,True,True,True,24.4,MHT CET,4676
Lucknow Institute of Veterinary Science,Lucknow,Uttar Pradesh,Private,1916,231,A+,33,238,22.1,383429,153536,True,60.5,6.37,24.53,16,1477.3,True,True,True,True,True,True,36.8,Own Entrance,5253
Saraswati Foundation Management College Ambala,Ambala,Haryana,Private,2001,350,A,85,,,,152650,True,47.2,3.06,13.69,215,1727.3,False,False,True,False,True,True,68.7,COMEDK,3831
Radhakrishnan College of Ayurveda and Research Hamirpur,Hamirpur,Himachal Pradesh,Private,1996,,,178,411,4.4,244067,68683,True,34.1,4.35,21.85,301,683.2,False,True,True,True,False,True,35.2,VITEEE,1822
Government College of Fine Arts Prayagraj,Prayagraj,Uttar Pradesh,Government,1909,453,B++,229,672,7.0,14962,68583,False,35.3,2.16,12.07,80,2023.9,True,True,True,True,True,True,36.8,JEE Main,4695
Vadodara Government Fine Arts College,Vadodara,Gujarat,Government,1983,73,B,121,93,8.9,25923,45409,True,65.0,13.83,90.47,486,2169.7,True,False,False,True,False,True,8.2,TS EAMCET,829
Academy of Fine Arts Kochi,Kochi,Kerala,Deemed,1882,79,A+,140,71,67.4,470452,75206,False,53.2,6.33,31.0,373,1052.3,False,False,False,False,False,False,73.0,TNEA,4785
Modern Institute of Fashion Design Thanjavur,Thanjavur,Tamil Nadu,Private,1883,270,,212,938,5.9,150749,150520,False,26.7,5.08,22.91,154,690.2,False,False,False,False,False,False,80.9,COMEDK,5521
Global Academy of Computer Science Itanagar,Itanagar,Arunachal Pradesh,Private,1904,367,B++,107,313,17.7,342999,83633,True,,2.34,6.18,344,2245.3,True,True,True,True,True,False,69.9,VITEEE,5535
Kalyani Institute of Fine Arts (Deemed),Kalyani,West Bengal,Deemed,1983,,B+,109,203,25.9,1344340,97225,True,86.5,15.43,51.3,153,2200.9,True,True,True,True,False,True,72.2,KCET,5259
Academy of Pharmacy Jabalpur,Jabalpur,Madhya Pradesh,Deemed,1957,,A,144,1193,4.6,509478,91730,True,64.9,4.15,9.25,281,,True,True,False,True,True,True,6.2,VITEEE,5440
New Delhi Institute of Pharmacy,New Delhi,Delhi,Private,1985,106,A++,112,806,1.4,373151,71464,True,62.2,8.05,17.54,585,1987.2,False,True,False,True,True,False,83.3,Own Entrance,1167
Kasturba Medical College Manipal,Manipal,Karnataka,Private,1953,,A++,44,,,458421,39269,False,57.2,5.23,29.07,408,793.1,False,True,True,True,False,True,10.0,NEET UG,250
Bangalore University,Bangalore,Karnataka,Government,1964,135,A+,248,1293,1.9,26181,157315,True,81.3,12.27,84.37,173,947.9,True,True,True,False,True,True,33.0,Own Entrance,2500
Lakshmi College of Education and Research Kharagpur,Kharagpur,West Bengal,Private,1991,450,B,55,394,6.3,359942,134311,True,41.9,3.4,10.08,297,2404.8,False,False,True,False,True,True,9.6,State Level,2471
Academy of Homeopathy Bhubaneswar,Bhubaneswar,Odisha,Deemed,2005,91,B++,109,66,4.1,169961,106010,False,72.0,5.67,19.09,72,607.8,True,True,False,True,False,False,28.7,KCET,270
Bhabha Foundation Pharmacy College Thane,Thane,Maharashtra,Private,2016,337,A,195,1065,5.4,396325,92755,False,32.3,2.78,7.88,454,2283.9,True,True,False,False,True,False,40.2,CUET,5725
Gandhi University Gulbarga,Gulbarga,Karnataka,Private,1879,215,B++,55,521,8.7,230927,51180,True,30.9,3.52,15.76,368,1517.4,False,True,True,True,False,False,46.4,NATA,4529
Punjab State Architecture College Jalandhar,Jalandhar,Punjab,Government,1858,237,B+,97,261,16.6,83482,100976,True,78.8,13.79,58.79,67,850.0,False,True,False,False,True,False,13.6,JEE Main,4328
Jain University,Bangalore,Karnataka,Deemed,1990,214,A++,48,917,3.3,513571,173136,True,54.3,7.18,43.36,14,784.4,False,False,True,True,True,False,67.0,SET,3000
National Institute of Fashion Technology Delhi,New Delhi,Delhi,Government,1986,199,A+,60,556,0.7,99245,92188,True,74.7,8.76,32.79,487,756.8,True,False,False,False,False,False,44.7,NIFT,400
Padmavati University Khammam,Khammam,Telangana,Private,1879,358,A,127,526,4.8,102599,158362,True,57.5,4.73,17.56,693,,False,False,False,False,True,False,62.9,NATA,2550
Jawaharlal Deemed University Kullu,Kullu,Himachal Pradesh,Deemed,1988,315,B++,135,865,2.3,151680,84359,False,49.5,3.42,17.21,336,1548.2,True,False,True,False,True,False,43.3,SRMJEEE,1996
Great Lakes Institute of Management,Chennai,Tamil Nadu,Private,2004,439,A,205,823,0.5,375678,85312,True,45.8,4.81,28.74,377,1200.3,True,False,True,True,True,True,66.6,CAT/XAT,400
Autonomous College of Physical Education Bardhaman,Bardhaman,West Bengal,Autonomous,1872,115,A+,124,815,9.6,117413,102303,True,57.9,4.8,22.48,416,1933.6,True,True,True,True,False,True,79.3,University Entrance,7791
Prime College of Commerce Shillong,Shillong,Meghalaya,Private,2012,,A,250,1158,4.9,241165,122599,True,52.4,2.78,18.63,596,2336.5,False,False,True,False,False,False,29.6,CAT,5659
Academy of Hotel Management Ranchi,Ranchi,Jharkhand,Deemed,1920,46,B+,131,193,13.9,450778,165110,True,77.0,17.95,99.58,44,7.9,False,True,True,True,True,False,82.3,JEE Main,2676
District Law College Cuttack,Cuttack,Odisha,Government,2007,239,B+,136,506,10.8,93737,35687,True,82.4,11.39,26.03,113,2007.4,True,False,True,True,True,True,38.2,VITEEE,5444
Government Polytechnic Chandigarh,Chandigarh,Chandigarh,Govt,1881,124,B++,227,798,4.1,15712,24663,True,70.2,7.56,39.05,379,1278.2,True,True,True,True,False,False,57.7,MHT CET,3265
Vellore Institute of Fine Arts,Vellore,Tamil Nadu,Private,1864,,B++,55,1033,5.1,295706,108444,True,57.0,2.09,4.39,116,1941.0,False,True,True,False,False,True,23.0,KCET,5228
Autonomous College of Physical Education Ludhiana,Ludhiana,Punjab,Autonomous,1894,169,B,28,553,3.1,60612,95906,True,39.3,4.34,9.16,190,1993.4,True,False,True,False,False,False,8.4,UPSEE,1700
District Commerce College Kannur,Kannur,Kerala,Government,1973,267,A,145,897,5.6,26853,56233,True,58.1,4.62,14.92,519,1347.8,False,True,True,False,True,True,42.4,TS EAMCET,4989
State Institute of Nursing Sonipat,Sonipat,Haryana,Government,1862,427,A,31,1133,0.1,35656,144153,True,52.5,2.05,9.03,512,266.3,True,False,True,True,False,True,30.2,COMEDK,96
Srinivasa Institute of Education Chandigarh,Chandigarh,Chandigarh,Private,1931,224,B++,56,1350,4.4,378116,54990,False,38.3,3.87,7.89,180,2403.9,False,True,True,True,False,True,84.6,TNEA,5978
Excel Institute of Hotel Management Khammam,Khammam,Telangana,Private,1991,238,A,239,802,8.9,391492,154943,True,40.3,3.73,18.85,454,32.9,False,False,False,True,False,False,11.2,VITEEE,7147
Academy of Dental Sciences Davangere,Davangere,Karnataka,Deemed,1907,93,B++,237,1455,0.8,485885,144621,True,76.0,9.51,27.56,391,397.3,False,True,True,False,True,False,58.7,JEE Main,1134
Deemed Institute of Social Work Rewa,Rewa,Madhya Pradesh,Deemed,1963,245,B++,39,1156,1.1,95596,122273,True,51.7,4.47,17.48,277,1306.0,True,True,True,True,True,False,42.3,Own Entrance,1251
Excel Institute of Information Technology Durg,Durg,Chhattisgarh,Private,1979,194,B+,220,611,7.8,527461,29473,True,69.0,6.95,35.91,154,1689.0,True,True,True,True,True,True,40.8,GATE,4783
Guntur College of Journalism,Guntur,Andhra Pradesh,Private,1930,,,140,1184,6.0,126645,34583,True,48.4,3.46,23.92,506,2405.5,False,False,True,False,False,True,68.4,MHT CET,7090
Aizawl College of Management,Aizawl,Mizoram,Private,1854,477,A,8,1451,0.6,339337,147390,True,46.0,3.4,16.58,17,1748.5,True,True,True,True,True,True,59.0,NATA,860
Saraswati University Itanagar,Itanagar,Arunachal Pradesh,Private,1980,42,A,240,1374,1.3,660117,101622,False,81.2,27.76,187.52,114,1881.9,False,False,False,False,True,False,79.6,COMEDK,1774
Tagore College of Law and Research Silchar,Silchar,Assam,Private,2008,40,B,118,1342,2.4,,36121,False,88.8,24.43,118.96,477,357.8,True,True,False,False,True,True,14.5,UPSEE,3269
Warangal Institute of Pharmacy,Warangal,Telangana,Private,1962,56,B,100,342,9.0,415120,167452,True,74.1,9.32,64.22,469,1350.6,True,False,True,True,False,True,14.7,MHT CET,3088
Tilak University Imphal,Imphal,Manipur,Private,1921,369,,81,1452,3.3,100347,129865,True,44.9,3.5,18.16,377,2234.9,False,True,False,False,False,False,44.7,CLAT,4777
Shri Ram College of Arts and Research Aizawl,Aizawl,Mizoram,Private,1899,18,A,61,292,9.0,1815986,146872,True,88.6,27.94,156.4,51,1071.4,False,False,False,False,False,True,1.9,JEE Advanced,2616
Government College of Physical Education Nashik,Nashik,Maharashtra,Government,1873,464,A,224,693,1.9,45038,163896,True,62.8,4.05,15.7,133,39.9,True,True,True,True,True,True,35.7,State Level,1344
Raman Institute of Hotel Management Hazaribagh,Hazaribagh,Jharkhand,Private,1894,185,A+,186,1413,2.4,489839,94201,True,72.4,4.7,12.31,637,1233.7,True,False,False,False,True,False,17.4,JEE Main,3334
Subhas University Tirunelveli,Tirunelveli,Tamil Nadu,Private,1953,74,A+,142,,,521126,156606,True,59.0,10.55,45.02,223,2288.6,True,False,True,False,True,True,58.4,COMEDK,4808
Global Academy of Computer Science Aizawl,Aizawl,Mizoram,Private,1904,481,B+,87,1027,7.3,168199,121712,True,51.4,4.69,21.86,59,518.6,True,True,False,True,False,True,6.8,MHT CET,7459
Vidyasagar Foundation Applied Sciences College Visakhapatnam,Visakhapatnam,Andhra Pradesh,Private,1984,,A,133,269,16.1,356289,21120,True,47.7,3.98,16.59,457,530.2,True,True,True,True,True,True,32.2,CUET,4338
Autonomous College of Computer Science Sonipat,Sonipat,Haryana,Autonomous,1990,100,A,50,,,181562,51834,False,88.8,6.04,19.31,126,1912.7,True,True,True,True,False,True,29.4,State Level,621
Shri Ram Academy of Physical Education Anantnag,Anantnag,Jammu & Kashmir,Deemed,2001,,B++,209,869,8.2,87669,43751,True,30.3,5.1,18.93,142,153.9,False,False,False,False,False,False,19.2,COMEDK,7109
Kannur Arts Autonomous College,Kannur,Kerala,Autonomous,2005,,B,150,557,11.2,170245,77399,True,48.3,5.57,16.8,645,376.1,True,True,True,True,False,False,71.5,AP EAMCET,6241
Autonomous College of Dental Sciences Sagar,Sagar,Madhya Pradesh,Autonomous,2014,331,,105,483,4.4,89171,90630,True,,,,476,31.6,False,True,True,True,False,False,60.7,CAT,2147
Government Model College Chennai,Chennai,Tamil Nadu,Government,1919,212,B+,24,1357,3.5,35913,90968,True,73.5,12.81,79.43,70,1554.2,False,False,True,True,False,False,61.0,CUET,4688
Aryabhatta University Dimapur,Dimapur,Nagaland,Private,1889,499,B++,202,401,4.2,354933,85285,False,25.2,,,395,111.6,True,True,True,True,True,True,16.3,NEET UG,1691
Prime College of Pharmacy Vijayawada,Vijayawada,Andhra Pradesh,Private,2004,65,A,31,362,16.5,759078,156940,True,70.7,11.47,28.66,18,2494.3,True,True,True,True,True,True,64.9,VITEEE,5987
Maharashtra State Physical Education College Mumbai,Mumbai,Maharashtra,Government,1885,202,B+,182,1153,5.4,34119,62767,True,40.8,3.92,12.62,283,1569.5,True,True,True,True,True,False,11.3,VITEEE,6283
Osmania University,Hyderabad,Telangana,Government,1918,219,A,33,1065,2.8,38880,57287,True,46.2,4.58,11.23,194,1947.3,True,False,True,False,True,False,79.8,OUCET,3000
Shimoga Homeopathy Autonomous College,Shimoga,Karnataka,Autonomous,1861,229,A,188,197,0.4,49956,155010,True,36.4,4.35,10.19,131,1591.6,True,True,True,True,False,False,3.4,Own Entrance,88
District Education College Chandigarh,Chandigarh,Chandigarh,Government,1863,233,A+,214,890,8.8,86363,172966,True,69.5,12.93,36.04,129,,False,False,False,False,False,True,27.6,University Entrance,7872
Government Polytechnic Sikar,Sikar,Rajasthan,Government,2009,56,B++,210,443,5.6,,166444,False,77.4,10.01,64.25,512,408.0,True,True,True,True,False,False,78.0,TNEA,2491
Margao College of Arts,Margao,Goa,Private,1910,8,B+,164,899,4.2,510714,156606,False,89.8,14.19,89.95,307,955.6,False,False,False,True,False,False,1.1,SRMJEEE,3761
Shri Ram College of Law and Research Warangal,Warangal,Telangana,Private,1978,107,B++,118,622,1.2,635748,68662,True,74.3,,,468,1577.8,True,True,True,True,True,True,6.8,TNEA,744
Government College of Homeopathy Aurangabad,Aurangabad,Maharashtra,Government,1974,183,B++,116,788,8.9,23195,132871,True,30.5,2.32,6.05,435,590.2,False,False,False,True,False,False,54.1,CAT,7009
Kohima Engineering Autonomous College,Kohima,Nagaland,Autonomous,1974,95,A+,108,153,9.8,203596,55734,True,59.5,7.71,42.95,535,1627.1,False,False,True,True,True,True,80.8,COMEDK,1498
Sri Ramanujan Institute of Hotel Management Gangtok,Gangtok,Sikkim,Private,1922,,A,209,50,75.2,791690,76053,True,71.2,4.52,24.13,108,1451.5,True,False,True,False,True,True,3.8,SRMJEEE,3762
Kollam Autonomous College of Technology,Kollam,Kerala,Autonomous,1898,174,A+,91,491,9.7,184539,172805,True,66.2,6.4,13.18,627,1135.6,True,True,True,True,True,True,42.4,NEET UG,4740
Jammu & Kashmir State Hotel Management College Baramulla,Baramulla,Jammu & Kashmir,Government,1946,,A++,197,1280,5.8,98569,115496,True,,13.87,84.63,150,303.7,True,True,True,True,True,True,68.4,GATE,7419
Government Model College Shimla,Shimla,Himachal Pradesh,Government,1979,81,B++,139,1207,1.8,84049,161295,False,76.3,11.82,33.2,414,2220.1,False,True,True,True,True,True,59.1,JEE Advanced,2215
Academy of Social Work Jamshedpur,Jamshedpur,Jharkhand,Deemed,1894,216,B+,170,,,395523,151198,True,59.4,5.15,16.05,659,1220.5,False,False,True,False,True,True,9.0,WBJEE,7781
Srinivasa University Jabalpur,Jabalpur,Madhya Pradesh,Private,1872,150,B+,134,1066,5.6,710472,95687,True,71.8,7.38,23.03,374,587.5,True,True,False,False,False,False,22.6,VITEEE,6000
Vasco da Gama Autonomous College of Nursing,Vasco da Gama,Goa,Autonomous,1859,,B,129,332,16.7,101678,20320,True,24.1,4.94,10.08,439,522.9,False,True,False,True,True,False,12.3,GATE,5542
Rajendra Prasad Institute of Information Technology Bardhaman,Bardhaman,West Bengal,Private,1925,,B,75,713,5.4,694185,44015,False,63.5,4.78,25.64,388,1885.0,True,False,False,True,True,True,48.1,SRMJEEE,3861
Government Polytechnic Gulbarga,Gulbarga,Karnataka,Government,1976,,B+,121,916,0.2,47467,133856,True,46.6,5.03,22.79,440,346.0,True,False,True,True,True,True,48.8,MHT CET,211
North Eastern Hill University,Shillong,Meghalaya,Government,1973,445,A,214,1220,0.3,26279,146493,True,36.1,5.3,28.87,107,1488.9,True,True,False,False,False,False,26.2,CUET,400
Autonomous College of Education Imphal,Imphal,Manipur,Autonomous,2016,250,B++,206,981,7.9,,107630,True,49.2,,,269,2195.7,False,False,False,False,False,False,74.0,NATA,7768
Tilak Autonomous Institute Delhi,Delhi,Delhi,Autonomous,1965,214,B,151,1318,3.7,155606,176722,True,66.2,6.74,34.57,394,2174.2,False,True,True,True,True,True,56.2,MHT CET,4835
Government Veterinary Science College Deoghar,Deoghar,Jharkhand,Govt,1906,153,B++,183,984,7.3,39350,61737,False,34.3,4.25,9.01,135,530.6,False,False,False,True,False,False,82.5,UPSEE,7183
Narayana Foundation Pharmacy College Aizawl,Aizawl,Mizoram,Private,1892,395,A,69,753,7.4,116053,94049,True,33.8,4.57,16.84,177,1395.9,True,True,True,True,True,True,31.8,WBJEE,5568
Government College of Engineering Imphal,Imphal,Manipur,Government,2010,,A,216,1038,0.6,39643,87677,True,52.1,3.12,7.18,276,1935.1,False,False,False,False,True,True,51.6,NEET UG,612
Government College of Pharmacy Gwalior,Gwalior,Madhya Pradesh,Government,2004,,A,238,1032,4.3,,173434,True,32.6,3.49,12.4,692,2262.9,False,False,True,False,False,True,12.3,Own Entrance,4393
Government Model College Naharlagun,Naharlagun,Arunachal Pradesh,Government,1999,,B,132,406,13.4,10069,24776,True,36.8,4.1,17.2,508,2184.4,True,True,True,True,True,False,80.7,BITSAT,5458
Excel Institute of Veterinary Science Nanded,Nanded,Maharashtra,Private,1982,,B++,181,1358,5.0,1852098,107552,True,94.3,27.15,132.92,446,474.3,True,True,True,True,True,True,2.0,CAT,6758
Radhakrishnan College of Hotel Management and Research Vasco da Gama,Vasco da Gama,Goa,Private,1945,378,A,7,1359,5.8,174322,82366,True,47.7,2.76,12.9,446,124.3,False,True,True,True,True,True,8.4,SRMJEEE,7861
Andhra Pradesh State Agriculture College Guntur,Guntur,Andhra Pradesh,Government,2013,,B,248,472,12.7,35715,23897,False,32.6,4.47,30.1,611,1871.1,True,True,False,True,True,False,22.5,KCET,5993
Government Model College Imphal,Imphal,Manipur,Government,1963,203,B++,245,1014,4.5,24044,132187,True,36.6,2.28,14.15,386,449.9,False,True,True,False,True,True,84.9,NATA,4597
Surat Autonomous College of Science,Surat,Gujarat,Autonomous,2022,250,B++,238,1152,1.8,245352,91949,True,50.7,6.62,17.8,277,23.3,True,False,True,False,True,True,26.2,TNEA,2108
Rourkela College of Technology,Rourkela,Odisha,Private,1928,,B+,50,605,2.6,290000,115102,True,33.6,3.72,8.42,613,850.2,True,True,True,True,True,False,21.2,JEE Main,1553
Academy of Homeopathy Pantnagar,Pantnagar,Uttarakhand,Deemed,1922,,A,26,163,29.6,117216,93930,True,36.9,2.54,10.71,207,1326.8,False,True,True,False,False,False,59.5,COMEDK,4819
Government Hotel Management College Srinagar,Srinagar,Jammu & Kashmir,Government,1929,,A++,246,60,15.6,275591,132430,False,88.2,29.4,166.72,353,1835.5,False,False,True,True,True,False,22.2,TNEA,938
Jawaharlal Institute of Architecture Bareilly,Bareilly,Uttar Pradesh,Private,2004,478,A,151,1495,2.5,213284,47443,True,42.4,2.76,9.04,26,34.5,True,False,True,True,True,False,25.0,KCET,3687
Devi Ahilya University Karaikal,Karaikal,Puducherry,Private,1894,,B,146,892,4.1,269072,171563,True,29.6,4.69,15.24,214,754.1,False,True,True,True,False,False,8.2,UPSEE,3630
Ramanujan University Rohtak,Rohtak,Haryana,Private,2021,184,B+,35,721,9.8,249446,37054,True,,4.62,26.21,486,782.9,False,True,True,True,True,True,18.1,TS EAMCET,7069
Government College of Pharmacy Vasco da Gama,Vasco da Gama,Goa,Government,1891,206,B+,182,1019,1.0,34943,97099,True,69.2,12.62,53.76,682,1185.9,True,True,False,False,False,False,34.7,CLAT,1030
Sikar Government Law College,Sikar,Rajasthan,Government,1904,50,B,203,1025,6.8,163793,161410,True,92.7,28.49,127.66,356,2303.6,True,True,False,True,True,True,54.8,KCET,7015
Agartala Fashion Design Autonomous College,Agartala,Tripura,Autonomous,1877,440,A,102,238,5.7,131865,150809,False,23.3,,,66,924.0,True,False,True,True,True,False,47.7,SRMJEEE,1365
Global Academy of Architecture Imphal,Imphal,Manipur,Private,1897,,,110,59,76.3,237843,160590,False,64.3,6.34,17.2,349,2391.3,False,False,True,True,True,False,82.0,AP EAMCET,4503
Prime College of Commerce Agartala,Agartala,Tripura,Private,1990,,B++,102,1167,2.9,288073,162737,True,47.3,3.52,11.72,596,947.0,True,True,True,False,False,False,35.2,CAT,3387
Government Medical Sciences College Itanagar,Itanagar,Arunachal Pradesh,Government,2007,18,,207,377,16.0,240387,163671,False,95.9,24.67,113.08,247,1669.4,True,True,True,True,True,True,31.5,WBJEE,6020
Prime College of Education Imphal,Imphal,Manipur,Private,1880,295,B,128,548,3.4,334554,58898,True,53.1,4.58,27.76,620,1175.9,False,False,True,True,False,True,4.2,CAT,1836
Meera University Sonipat,Sonipat,Haryana,Private,1924,90,B,95,50,143.8,2203588,106690,True,80.3,15.72,95.54,52,1399.0,True,False,False,False,True,False,18.7,CAT,7190
Naharlagun Government Fine Arts College,Naharlagun,Arunachal Pradesh,Government,1905,379,A,180,1301,5.9,12631,152576,True,63.7,5.13,34.9,384,880.7,True,False,True,True,False,False,23.9,CAT,7640
Christ University,Bangalore,Karnataka,Deemed,1969,74,A++,12,396,8.8,280138,113255,True,61.1,3.82,13.35,424,2136.8,True,True,True,False,True,True,47.7,CUET,3500
Gandhi College of Science and Research Dimapur,Dimapur,Nagaland,Private,1858,159,A,55,,,,26043,True,66.0,6.82,37.48,48,1473.0,False,True,True,True,True,True,33.4,MHT CET,7087
Nizamabad Autonomous College of Fine Arts,Nizamabad,Telangana,Autonomous,1945,478,B,126,264,25.8,146653,20239,True,22.3,4.68,16.19,363,1968.1,True,False,False,False,True,False,45.6,JEE Advanced,6817
Jharkhand State Engineering College Bokaro,Bokaro,Jharkhand,Government,1894,289,B,40,963,3.9,43981,99318,True,60.0,4.65,18.32,618,1066.6,False,False,True,False,False,True,83.8,CUET,3774
Prime College of Management Shimla,Shimla,Himachal Pradesh,Private,1935,24,B++,236,1179,5.1,588578,85306,True,81.2,10.42,37.31,579,399.5,False,False,False,False,False,False,45.0,State Level,5993
Sri Babasaheb Institute of Computer Science Chandigarh,Chandigarh,Chandigarh,Private,1916,,A+,135,543,9.3,680278,170767,True,85.5,17.3,75.71,428,222.8,True,False,True,True,True,False,55.9,TNEA,5042
Government Model College Visakhapatnam,Visakhapatnam,Andhra Pradesh,Government,1930,,B++,22,899,2.1,56510,42174,True,81.3,7.5,27.5,477,2323.2,False,True,True,False,False,True,73.6,VITEEE,1857
Government Management College Jodhpur,Jodhpur,Rajasthan,Government,1915,,A,199,262,22.6,31096,94660,True,48.8,3.14,15.23,132,988.5,False,False,True,False,True,False,75.4,University Entrance,5917
Prime College of Dental Sciences Baramulla,Baramulla,Jammu & Kashmir,Private,1861,144,B++,203,1148,1.0,,154512,True,80.9,10.03,35.67,159,370.2,False,False,False,False,False,True,26.9,JEE Advanced,1105
Prime College of Social Work Dimapur,Dimapur,Nagaland,Private,1912,186,,104,496,0.3,310412,96194,True,65.1,8.56,53.66,483,1673.5,True,True,True,False,True,True,30.3,COMEDK,125
National Law University Delhi,New Delhi,Delhi,Government,2008,39,A+,221,760,0.2,132157,176492,True,90.4,21.03,54.07,478,1544.2,True,True,True,False,True,True,69.4,AILET,120
Kohima Institute of Agriculture,Kohima,Nagaland,Private,1898,150,B++,240,553,10.8,,169107,False,55.4,5.22,32.87,189,876.6,False,True,True,True,True,True,17.9,GATE,5998
Deemed Institute of Veterinary Science Anantnag,Anantnag,Jammu & Kashmir,Deemed,1968,97,A++,198,971,6.7,173728,41834,False,,8.08,28.84,696,1126.0,False,True,True,True,False,True,68.9,CLAT,6500
Dimapur College of Nursing,Dimapur,Nagaland,Private,1934,32,B++,58,1370,4.7,681218,24719,False,82.3,28.72,101.27,548,2151.2,False,False,True,False,True,True,27.9,UPSEE,6460
Prime College of Hotel Management Indore,Indore,M.P.,Private,1931,,B++,72,872,1.5,177325,150926,True,53.5,2.4,16.44,543,1806.3,True,True,True,True,True,True,84.0,JEE Main,1292
Aizawl College of Ayurveda,Aizawl,Mizoram,Private,1854,28,A+,103,95,82.0,1591057,73262,True,86.5,17.96,90.47,167,1712.9,False,False,True,True,True,False,7.1,JEE Advanced,7792
Alappuzha Government Law College,Alappuzha,Kerala,Government,2015,62,A,83,434,4.2,69947,46130,True,67.5,13.28,29.99,401,1315.5,True,True,True,False,False,True,9.3,University Entrance,1812
Academy of Medical Sciences Chandigarh,Chandigarh,Chandigarh,Deemed,1990,186,B+,34,1366,0.3,,24042,False,48.1,3.78,22.87,283,291.8,True,True,True,True,True,True,44.9,TNEA,378
Deemed Institute of Pharmacy Bokaro,Bokaro,Jharkhand,Deemed,1892,,A++,217,,,191223,98136,False,73.5,4.62,23.77,318,1845.4,False,False,True,True,False,True,2.8,CUET,1825
Vivekananda Academy of Engineering Chandigarh,Chandigarh,Chandigarh,Deemed,1997,,,201,986,4.8,273406,70750,False,29.4,6.0,13.93,288,1004.7,True,True,True,True,True,True,83.1,UPSEE,4738
Deemed Institute of Dental Sciences Sagar,Sagar,Madhya Pradesh,Deemed,1985,95,B,124,209,9.4,321553,118347,False,53.5,5.24,26.42,578,1005.4,False,False,False,True,True,True,9.3,Own Entrance,1960
Chanakya College of Commerce and Research Naharlagun,Naharlagun,Arunachal Pradesh,Private,1972,,A,75,1040,7.1,545771,177207,False,72.0,11.39,62.65,560,1771.9,True,True,True,True,True,True,82.1,TNEA,7410
Imphal College of Commerce,Imphal,Manipur,Private,2017,20,B+,147,967,3.9,927004,80339,True,91.7,20.59,50.82,157,,True,True,True,True,True,True,17.2,JEE Advanced,3819
Srinagar College of Science,Srinagar,Jammu & Kashmir,Private,1908,178,B++,37,1366,3.3,307033,74300,True,38.9,2.87,19.74,112,1287.6,True,False,True,True,False,True,22.8,Own Entrance,4465
Gurugram Homeopathy Autonomous College,Gurugram,Haryana,Autonomous,1895,,B++,33,1177,0.6,71615,62298,True,71.9,4.3,25.76,384,1086.9,False,True,True,False,True,False,7.3,SRMJEEE,688
Mahatma Gandhi Foundation Nursing College Agartala,Agartala,Tripura,Private,2006,,A++,165,1205,3.5,798301,127157,True,80.5,6.6,21.45,493,1711.5,False,True,True,True,True,True,81.0,Own Entrance,4183
Panaji Institute of Physical Education (Deemed),Panaji,Goa,Deemed,1966,,A+,208,638,0.9,563825,124337,False,81.6,11.98,75.13,564,1509.9,True,True,True,True,True,True,43.0,COMEDK,564
BITS Pilani,Pilani,Rajasthan,Private,1964,86,A++,155,162,7.4,1405710,45313,True,93.4,17.45,46.25,585,1405.1,True,False,False,True,False,True,57.3,BITSAT,1200
Namchi College of Hotel Management,Namchi,Sikkim,Private,1946,282,B++,226,45,128.2,254409,70771,True,37.5,4.9,23.16,617,1300.4,False,False,False,True,False,True,51.7,BITSAT,5770
Lakshmi Academy of Law Nainital,Nainital,Uttarakhand,Deemed,1909,99,A+,33,121,44.1,529784,32721,False,67.4,4.29,24.62,544,532.5,False,False,False,True,False,True,14.1,GATE,5342
Ujjain Institute of Engineering (Deemed),Ujjain,Madhya Pradesh,Deemed,1970,441,B++,30,1121,1.6,200883,95175,True,33.7,4.8,14.27,532,493.0,True,True,True,True,True,True,21.1,COMEDK,1844
Sri Guru Gobind Singh Institute of Computer Science Lucknow,Lucknow,Uttar Pradesh,Private,1917,,A+,203,687,7.8,456213,115823,True,77.0,8.48,45.36,444,301.6,True,True,True,True,True,True,70.9,CLAT,5358
Roorkee Institute of Hotel Management,Roorkee,Uttarakhand,private,1947,278,B++,21,700,8.3,173497,28638,True,47.0,5.42,30.16,418,871.5,True,True,True,True,True,False,12.1,MHT CET,5843
Government Polytechnic Howrah,Howrah,West Bengal,Government,2009,60,A,66,146,32.7,26192,137236,False,74.2,11.0,33.47,574,199.7,True,True,False,False,True,False,37.5,UPSEE,4767
National Institute of Technology Durgapur,Durgapur,West Bengal,Government,1960,,A,20,1311,0.6,34014,97949,True,60.1,5.96,21.02,634,2400.4,False,True,True,True,True,False,9.3,JEE Main,800
Hamirpur College of Social Work,Hamirpur,Himachal Pradesh,Private,1860,357,B,6,1244,6.1,148741,107363,True,33.9,2.18,5.11,119,2228.7,True,True,True,True,True,True,4.6,KCET,7587
Usha Institute of Technology Imphal,Imphal,Manipur,Private,1904,6,A+,232,1284,1.8,939320,132671,True,97.6,10.75,60.48,315,439.8,True,True,True,True,True,True,62.2,TNEA,2291
State Institute of Journalism Guwahati,Guwahati,Assam,Govt,1888,363,B,59,840,9.4,12160,164911,True,44.4,3.48,21.71,315,815.9,True,True,True,True,True,True,81.7,AP EAMCET,7860
Loyola College Chennai,Chennai,Tamilnadu,Autonomous,1925,,A++,195,718,4.2,210269,77906,True,64.2,3.62,16.22,89,596.5,False,False,False,False,False,False,83.5,Own Entrance,3000
Darbhanga Government Commerce College,Darbhanga,Bihar,Government,1998,105,A,27,499,12.4,96685,82794,False,77.6,6.48,26.98,254,1372.9,False,False,False,False,True,False,58.8,TS EAMCET,6192
Narayana Foundation Medical Sciences College Prayagraj,Prayagraj,Uttar Pradesh,Private,2014,,B,46,593,4.8,292525,21942,True,45.3,5.16,29.14,547,1603.4,False,True,True,False,False,False,37.6,JEE Main,2867
Raipur Autonomous College of Nursing,Raipur,Chhattisgarh,Autonomous,1973,78,A,58,980,7.8,53413,179615,True,65.8,8.02,54.51,487,1801.2,True,True,True,True,True,False,15.3,Own Entrance,7613
Ajmer College of Commerce,Ajmer,Rajasthan,Private,1958,160,B+,138,372,9.3,572497,114208,True,74.8,10.32,64.96,277,48.2,True,False,True,True,True,True,18.1,TNEA,3469
Government College of Applied Sciences Bilaspur,Bilaspur,Chhattisgarh,Government,1866,193,A,167,1467,0.8,88281,112055,True,67.5,5.38,14.33,14,751.1,False,False,False,True,True,False,29.9,TS EAMCET,1188
Academy of Law Karnal,Karnal,Haryana,Deemed,1953,,A,55,348,18.6,178964,84121,False,32.0,4.15,22.29,237,928.2,True,True,True,True,True,True,58.1,SRMJEEE,6456
Dayananda Sagar College of Engineering,Bangalore,Karnataka,Autonomous,1979,79,A+,159,781,1.9,70208,154883,True,64.3,4.27,12.53,131,1653.5,True,True,True,False,True,True,35.8,KCET,1500
Sambalpur University,Sambalpur,Odisha,Government,1967,,B+,90,835,0.6,21864,62458,True,57.3,3.11,7.19,71,647.1,False,False,False,False,True,True,69.3,Own Entrance,500
Indira Foundation Architecture College Noida,Noida,Uttar Pradesh,Private,1988,171,A+,144,1288,3.3,218739,126816,False,55.4,6.66,34.79,200,1766.8,False,False,False,False,False,False,47.1,MHT CET,4306
Bihar State Ayurveda College Muzaffarpur,Muzaffarpur,Bihar,Government,1979,247,A+,248,831,5.6,63395,115893,False,65.6,11.46,52.65,582,812.3,True,True,False,True,True,True,52.2,CUET,4646
Kamla Nehru Academy of Law Namchi,Namchi,Sikkim,Deemed,2005,,B,53,174,25.3,228213,117805,True,56.9,9.79,48.31,546,808.0,False,False,False,False,False,False,26.9,BITSAT,4400
Guru Nanak Dev University,Amritsar,Punjab,Government,1969,232,A++,219,1329,1.1,26287,131795,False,74.0,12.05,77.8,466,1541.6,True,True,True,False,True,True,27.2,Own Entrance,1500
Government Polytechnic Nellore,Nellore,Andhra Pradesh,Government,1865,,A,86,60,23.7,11939,36461,False,42.4,2.92,10.69,106,678.7,True,True,False,True,True,False,61.5,GATE,1421
Chanakya Autonomous Institute Jorhat,Jorhat,Assam,autonomous,1944,,,234,372,20.1,121968,61130,False,49.9,2.21,8.7,249,970.5,False,True,True,True,False,False,5.4,TS EAMCET,7464
Mahatma Gandhi Institute of Arts Tezpur,Tezpur,Assam,Private,1984,,B++,118,224,13.4,239414,56610,True,37.3,3.72,21.29,510,1885.8,False,False,True,False,False,False,79.5,UPSEE,3001
Global Academy of Hotel Management Kohima,Kohima,Nagaland,Private,1954,224,B++,158,926,7.8,182462,83265,False,44.8,3.01,17.66,41,1044.5,True,True,True,True,True,True,48.2,State Level,7202
NALSAR Hyderabad,Hyderabad,Telangana,Government,1998,152,A++,170,380,0.3,92833,42277,True,67.5,7.48,39.82,637,112.7,True,True,False,True,True,False,83.6,CLAT,100
District Hotel Management College Kurukshetra,Kurukshetra,Haryana,Government,1967,266,A,96,1495,1.7,,50916,False,53.4,2.73,9.38,632,2062.7,False,True,True,True,True,True,63.4,TNEA,2581
Government Polytechnic Korba,Korba,Chhattisgarh,Government,1992,,A,191,366,1.1,78596,70219,True,91.9,20.89,67.6,700,1306.5,True,False,True,True,True,False,20.7,CLAT,394
Jammu & Kashmir State Education College Baramulla,Baramulla,Jammu & Kashmir,Government,1945,340,B+,220,577,1.8,20191,70798,True,30.2,3.63,19.93,529,1140.0,True,True,True,True,True,True,32.0,State Level,1063
JIPMER Puducherry,Puducherry,Puducherry,Government,1823,216,A++,102,1310,0.2,29021,55517,False,72.0,14.49,53.05,347,1101.7,False,True,True,True,True,True,37.2,NEET UG,200
Autonomous College of Education Durg,Durg,Chhattisgarh,Autonomous,1968,387,B,196,1068,1.9,136852,138018,True,23.3,2.43,6.89,605,531.3,False,False,True,False,False,True,71.8,CUET,2068
Prime College of Medical Sciences Karnal,Karnal,Haryana,Private,1934,146,A+,22,1240,1.3,,67628,True,61.3,5.16,14.41,370,2105.7,True,False,False,True,False,True,66.1,KCET,1603
Government Polytechnic Dharamsala,Dharamsala,Himachal Pradesh,Government,2003,196,A,224,479,4.7,,84283,True,48.0,3.13,15.53,508,446.5,False,True,False,True,True,False,31.9,SRMJEEE,2232
Tilak College of Technology and Research Chandigarh,Chandigarh,Chandigarh,Private,1996,494,B,15,751,4.3,202303,67021,True,,,,416,2234.2,True,True,True,True,True,True,33.6,TNEA,3252
Ahmedabad Science Autonomous College,Ahmedabad,Gujarat,Autonomous,1895,145,B+,165,1284,4.7,234516,33429,True,46.0,8.51,20.42,482,293.6,True,True,True,True,True,True,43.4,JEE Advanced,6002
Tezpur University,Tezpur,Assam,Government,1994,,A,147,412,1.2,10232,135953,True,35.3,5.76,39.46,560,,True,True,True,False,False,True,76.0,CUET,500
Sri Babasaheb Institute of Fashion Design Aurangabad,Aurangabad,maharashtra,Private,1992,222,B,105,1174,3.8,368140,79463,True,46.1,2.39,6.84,91,662.2,True,True,False,True,False,True,60.0,Own Entrance,4492
Government Polytechnic Haridwar,Haridwar,Uttarakhand,Government,1951,,A++,101,627,7.0,16145,171107,False,80.3,14.82,40.76,141,44.8,True,True,False,False,True,False,70.2,State Level,4359
Subhas Institute of Homeopathy Itanagar,Itanagar,Arunachal Pradesh,Private,1941,53,B,108,446,14.7,762716,45421,True,85.6,24.55,78.55,396,1039.9,False,True,False,True,False,True,24.5,JEE Advanced,6563
Government Social Work College Agartala,Agartala,Tripura,Government,1885,,A,69,1115,0.9,37784,51625,True,48.3,5.32,35.9,518,2211.6,False,True,False,False,True,True,21.0,NATA,976
Tamil Nadu State Hotel Management College Madurai,Madurai,Tamil Nadu,Government,1980,113,,144,1041,6.4,22249,62083,True,75.6,9.13,39.57,113,423.5,False,False,True,True,True,False,59.0,JEE Main,6680
National Institute of Technology Rourkela,Rourkela,Odisha,Government,1961,152,A+,18,417,2.3,28446,23215,True,78.2,9.69,40.72,268,2352.8,True,True,True,True,False,True,41.1,JEE Main,950
Deemed Institute of Science Jammu,Jammu,Jammu & Kashmir,Deemed,1951,,A++,109,644,1.2,470318,27015,False,94.9,16.44,85.82,106,416.0,True,False,False,True,False,False,20.0,NATA,777
Lakshmi University Imphal,Imphal,Manipur,Private,1958,211,B++,62,1425,3.6,655193,131677,True,57.5,8.11,55.69,673,1716.2,True,True,True,True,False,True,14.0,WBJEE,5088
Aryabhata College of Social Work and Research Bhilai,Bhilai,Chhattisgarh,Private,1870,318,B+,220,1446,3.2,179296,23372,True,56.9,4.92,23.13,449,,True,True,True,True,False,True,57.5,CUET,4621
Excel Institute of Medical Sciences Baramulla,Baramulla,Jammu & Kashmir,Private,1898,53,B,89,675,4.6,211190,71337,True,66.9,8.21,16.65,106,2277.8,True,False,True,True,True,False,77.9,AP EAMCET,3125
Kakinada Information Technology Autonomous College,Kakinada,Andhra Pradesh,Autonomous,1922,76,A,10,625,9.8,177422,77776,True,47.2,6.08,16.44,280,195.6,True,True,True,True,True,True,76.2,CUET,6152
Government Model College Udaipur,Udaipur,Rajasthan,Government,1984,,A+,223,1436,3.8,45154,112616,True,86.7,8.07,34.02,337,2193.6,False,False,False,False,False,True,81.2,Own Entrance,5416
Karaikal Technology Autonomous College,Karaikal,Puducherry,Autonomous,1971,89,B++,46,784,4.6,366838,157625,True,77.4,14.97,41.08,127,977.6,True,True,False,False,False,False,76.5,NATA,3599
National Institute of Technology Trichy,Tiruchirappalli,Tamil Nadu,Government,1964,169,A++,66,352,3.1,20276,28134,True,86.8,6.99,14.69,139,1185.0,True,True,True,True,True,True,10.6,JEE Main,1100
Babasaheb Deemed University Rajahmundry,Rajahmundry,Andhra Pradesh,Deemed,1909,453,A,169,643,11.7,144513,55100,True,43.1,3.98,21.99,304,569.7,True,True,True,True,True,True,66.2,JEE Main,7517
Government Science College Dimapur,Dimapur,Nagaland,Government,1867,308,A,86,1155,5.5,6599,120882,True,47.3,,,189,1692.5,False,True,False,True,True,True,39.2,NEET UG,6332
Autonomous College of Education Tiruchirappalli,Tiruchirappalli,Tamil Nadu,Autonomous,1971,24,B++,174,1499,0.2,462297,130093,True,73.8,11.84,57.45,600,839.8,True,True,True,True,True,True,60.6,BITSAT,337
Ahmedabad Autonomous College of Ayurveda,Ahmedabad,Gujarat,Autonomous,2022,166,A,211,370,21.6,162542,92853,True,71.7,,,116,2244.8,True,True,True,True,True,True,43.2,VITEEE,7976
Raman Institute of Fashion Design Berhampur,Berhampur,Odisha,Private,1865,292,B,71,1194,5.3,370798,73410,True,25.1,3.4,20.75,538,309.3,True,False,True,True,True,True,38.1,SRMJEEE,6351
Prime College of Hotel Management Nagaon,Nagaon,Assam,Private,2014,100,A,202,106,20.6,228296,82134,True,66.9,10.52,35.75,503,1313.4,True,True,True,True,True,True,32.5,Own Entrance,2179
Kullu Institute of Nursing (Deemed),Kullu,Himachal Pradesh,Deemed,1941,140,B,25,202,34.7,250906,94566,False,64.0,6.69,41.8,431,39.2,False,False,False,False,False,True,43.7,JEE Advanced,7001
Jharkhand State Commerce College Jamshedpur,Jamshedpur,Jharkhand,Government,1983,246,B+,31,465,8.3,43719,150362,True,80.5,6.86,39.48,46,584.2,True,True,True,True,True,True,20.3,NATA,3872
Deemed Institute of Fine Arts Chandigarh,Chandigarh,Chandigarh,Deemed,2010,51,B++,6,810,4.0,1372171,101722,True,82.6,15.76,98.75,545,1671.9,True,False,True,False,True,False,32.2,University Entrance,3277
Modern Institute of Information Technology Aizawl,Aizawl,Mizoram,Private,1885,131,B++,107,678,10.7,438685,158975,True,80.0,11.79,41.53,80,229.7,False,True,False,False,False,True,48.7,CLAT,7264
Shri Ram University Tirunelveli,Tirunelveli,Tamilnadu,Private,1913,,A,37,144,0.7,588999,116919,False,63.7,11.52,56.48,427,532.2,False,True,False,True,True,True,29.0,University Entrance,95
Academy of Fine Arts Vasco da Gama,Vasco da Gama,Goa,Deemed,1934,292,A,115,1493,0.9,,88314,True,44.3,3.92,18.28,650,1488.9,True,True,True,False,True,True,34.1,JEE Advanced,1277
Telangana State Education College Hyderabad,Hyderabad,Telangana,Government,1961,,A,58,272,6.9,30262,74987,True,43.7,5.9,28.08,643,359.1,True,True,True,True,True,False,56.4,AP EAMCET,1871
Bhagat Singh Deemed University Imphal,Imphal,Manipur,deemed,2011,196,B+,112,1396,5.5,377308,41641,True,77.4,8.55,33.87,291,1209.6,False,False,True,False,False,False,84.2,MHT CET,7660
Government Model College Durg,Durg,Chhattisgarh,Government,2017,427,,91,871,5.3,17969,85443,True,36.4,3.19,19.85,557,1946.2,True,True,True,True,True,True,25.6,JEE Advanced,4642
Autonomous College of Law Imphal,Imphal,Manipur,Autonomous,2017,,B+,123,1446,4.6,60169,144796,True,29.0,1.96,5.25,13,322.8,True,True,False,True,True,False,43.0,University Entrance,6624
Rajendra Prasad Academy of Law Gwalior,Gwalior,Madhya Pradesh,Deemed,1883,,B,36,512,13.1,86986,110916,False,41.9,4.96,34.72,139,2079.5,True,False,False,False,False,True,67.2,JEE Main,6710
Phagwara Institute of Arts,Phagwara,Punjab,Private,1958,381,A,26,1226,2.4,291981,162012,True,33.3,2.99,15.49,670,157.3,False,True,False,True,False,False,70.3,TS EAMCET,2987
Meera Institute of Education Aizawl,Aizawl,Mizoram,Private,2021,,A,140,1246,4.5,168318,106825,True,36.9,4.84,27.66,629,930.2,True,True,True,True,False,True,55.6,JEE Main,5654
Sri Rajendra Prasad Institute of Technology Phagwara,Phagwara,Punjab,Private,1979,113,B+,119,796,0.7,594895,30222,False,63.3,5.56,18.56,670,988.9,True,True,True,True,True,True,66.3,Own Entrance,587
Jharkhand State Technology College Jamshedpur,Jamshedpur,Jharkhand,Govt,1878,,B+,231,163,5.7,62565,119548,False,68.2,8.73,20.1,151,703.0,False,True,False,True,True,False,6.5,NATA,934
Vijayawada Institute of Social Work (Deemed),Vijayawada,Andhra Pradesh,Deemed,2010,,B,209,727,3.3,,157823,True,44.7,,,677,21.4,True,True,True,False,True,False,21.2,TS EAMCET,2373
Autonomous College of Management Nanded,Nanded,Maharashtra,Autonomous,1919,,B,39,969,6.4,79330,82162,True,69.9,7.6,35.63,512,310.0,True,True,True,True,True,True,23.3,TNEA,6240
Srinivasa University Chandigarh,Chandigarh,Chandigarh,Private,1976,60,A+,170,774,5.8,652682,42661,True,71.3,11.08,40.6,487,1128.0,False,False,True,False,False,True,46.3,University Entrance,4502
Global Academy of Journalism Shillong,Shillong,Meghalaya,Private,1978,118,B+,236,1331,3.0,729413,43178,True,64.7,8.72,22.65,449,349.2,False,False,False,False,False,False,51.6,COMEDK,4055
Government Management College Haridwar,Haridwar,Uttarakhand,Government,1872,197,B++,164,98,14.9,36626,111923,False,47.2,2.8,18.49,463,2135.8,False,False,True,True,True,False,62.3,GATE,1463
Ranchi University,Ranchi,Jharkhand,Government,1960,340,B++,186,684,2.2,44006,50630,True,,5.01,27.69,42,680.2,True,True,True,True,True,False,8.3,Own Entrance,1500
Aryabhata Foundation Technology College Mapusa,Mapusa,Goa,private,1934,,B,50,1288,0.3,,90901,True,31.7,5.48,22.7,215,1817.9,False,True,False,True,True,False,35.0,University Entrance,337
Faridabad Institute of Physical Education,Faridabad,Haryana,Private,1993,,B+,82,1292,3.6,235299,160207,True,56.7,3.69,22.66,117,1735.6,False,False,True,False,False,True,77.7,University Entrance,4597
Galgotias Foundation Agriculture College Namchi,Namchi,Sikkim,Private,1954,,B++,234,626,4.7,515836,123303,False,79.8,6.65,43.44,72,1535.2,True,True,True,True,True,True,67.6,JEE Main,2947
Government College of Agriculture Kullu,Kullu,Himachal Pradesh,Government,1935,,A,42,573,10.9,53567,64747,True,80.9,8.6,50.81,385,723.9,True,True,False,False,True,True,38.8,CLAT,6254
Tura Autonomous College of Technology,Tura,Meghalaya,Autonomous,2017,,B,79,1021,5.6,148215,167635,False,22.8,2.17,9.83,46,804.0,True,True,True,True,True,True,73.8,GATE,5718
Central University of Punjab,Bathinda,Punjab,Government,2009,294,B++,43,79,5.1,45483,138690,True,39.5,4.49,13.2,60,2424.4,True,True,True,False,True,False,2.9,CUET,400
Maulana Azad Medical College,New Delhi,Delhi,Government,1958,208,A++,204,939,0.3,,35831,True,69.8,13.73,46.69,92,18.3,False,True,False,False,True,False,36.3,NEET UG,250
Government Commerce College Puducherry,Puducherry,Puducherry,Government,1936,176,B+,233,486,12.4,31272,144751,True,44.6,2.55,12.8,551,1079.2,True,False,False,True,False,True,43.3,GATE,6012
Deemed Institute of Ayurveda Agartala,Agartala,Tripura,Deemed,2011,280,,85,105,27.1,,158998,False,35.3,5.82,33.01,188,,False,False,False,False,True,False,63.7,University Entrance,2849
Government Polytechnic Chennai,Chennai,Tamil Nadu,Government,1889,167,B,57,487,13.1,,59465,True,62.0,,,87,1036.6,True,True,False,True,False,True,62.0,CLAT,6396
Indian Institute of Technology Roorkee,Roorkee,Uttarakhand,Government,1847,117,A++,201,1130,1.1,89364,40645,False,67.0,9.86,23.13,138,322.7,False,False,True,True,True,True,40.9,JEE Advanced,1200
Aizawl Hotel Management Autonomous College,Aizawl,Mizoram,Autonomous,1971,,A,16,1418,4.9,115968,115542,True,,2.2,13.81,638,1143.3,True,True,True,True,True,True,30.5,CUET,6882
New Delhi Government Dental Sciences College,New Delhi,Delhi,Government,1982,327,B++,112,396,11.2,36696,90896,False,50.5,2.17,4.82,198,1382.5,True,True,True,True,True,True,66.5,KCET,4451
Modern Institute of Physical Education Nagpur,Nagpur,Maharashtra,Private,1949,202,A+,138,1262,0.8,,161595,True,65.8,4.06,11.97,140,676.6,True,True,True,True,True,False,80.1,NEET UG,1050
Chandigarh State Science College Chandigarh,Chandigarh,Chandigarh,Government,1911,406,A,153,690,5.8,11176,114235,True,47.0,3.04,7.4,96,55.7,True,False,True,True,True,False,32.7,UPSEE,4025
Government College of Science Agra,Agra,Uttar Pradesh,Government,1915,164,B,161,1145,4.6,89631,33248,True,75.0,9.73,61.04,669,2213.5,True,True,True,False,True,True,43.4,NATA,5274
Autonomous College of Journalism Nagpur,Nagpur,Maharashtra,Autonomous,1878,208,B,74,406,1.9,,175163,True,26.4,3.99,16.13,69,1300.0,True,True,True,False,True,True,45.2,TS EAMCET,768
Excel Institute of Education Imphal,Imphal,Manipur,Private,1883,466,B+,96,1102,3.6,192470,165723,True,40.5,2.83,12.58,454,634.5,True,False,True,True,True,True,53.4,NATA,3989
Prime College of Hotel Management Junagadh,Junagadh,Gujarat,Private,1867,146,A,68,427,13.3,580720,174576,True,57.3,7.03,41.09,676,185.9,True,False,False,True,False,True,50.5,JEE Advanced,5676
Government College of Agriculture Jammu,Jammu,Jammu & Kashmir,Government,1943,250,B,207,949,7.8,46241,140215,False,86.6,14.83,86.56,443,1991.0,True,True,True,True,False,True,34.2,NEET UG,7436
Itanagar Institute of Fine Arts,Itanagar,Arunachal Pradesh,private,2003,433,B,212,337,2.4,247926,78289,True,27.6,,,409,947.7,True,False,True,False,True,False,9.1,Own Entrance,819
Autonomous College of Technology Gangtok,Gangtok,Sikkim,Autonomous,1938,257,B,147,1277,5.3,36461,33620,True,45.7,2.56,8.12,689,1568.3,True,True,True,False,False,False,76.8,GATE,6802
Guru Gobind Singh Deemed University Ludhiana,Ludhiana,Punjab,Deemed,1908,,A+,245,44,137.1,348480,159707,True,87.3,17.53,112.46,447,,False,True,True,True,False,True,80.2,SRMJEEE,6031
Academy of Social Work Agartala,Agartala,Tripura,Deemed,1955,341,B+,187,803,6.9,284989,120505,True,41.4,2.59,13.13,146,923.4,False,False,False,False,False,True,29.8,AP EAMCET,5558
Government Technology College Chandigarh,Chandigarh,Punjab,Government,1984,214,A+,220,1087,1.1,65048,165430,False,,5.23,35.79,626,700.1,True,False,False,True,False,True,53.3,Own Entrance,1189
Tirupati Institute of Management,Tirupati,Andhra Pradesh,Private,1942,233,A+,201,1126,4.6,684543,49270,False,59.3,8.37,39.21,582,1507.3,False,True,True,True,False,True,8.1,SRMJEEE,5139
CMR Institute of Technology,Bangalore,Karnataka,Autonomous,2000,216,B++,14,1268,0.6,138332,59206,False,38.2,2.37,15.42,554,1259.3,True,False,True,True,True,True,10.9,KCET,800
Government Polytechnic Bhilai,Bhilai,Chhattisgarh,Government,1880,500,B++,190,1243,6.2,39661,43339,True,38.5,4.14,27.61,242,611.1,True,True,True,True,True,True,18.8,MHT CET,7694
Meera Deemed University Kohima,Kohima,Nagaland,Deemed,1982,145,A,123,773,4.8,228409,89504,True,54.3,3.89,25.11,70,1867.5,True,True,True,True,False,True,37.2,KCET,3683
Raman College of Information Technology and Research Patna,Patna,Bihar,private,1900,443,,85,152,27.2,364151,40140,False,28.1,5.4,28.94,460,2441.4,True,True,True,True,True,True,82.6,University Entrance,4135
Sardar College of Arts and Research Imphal,Imphal,Manipur,Private,1854,174,B++,175,376,0.9,115296,112764,True,56.9,4.19,15.53,217,1343.2,False,True,False,False,False,True,57.0,CLAT,353
Prime College of Fine Arts Imphal,Imphal,Manipur,Private,1856,250,,104,146,13.0,,99487,True,78.6,,,655,1197.9,True,False,False,True,False,False,49.0,NEET UG,1895
Aizawl Institute of Pharmacy,Aizawl,Mizoram,Private,1854,,A,132,857,0.8,371580,75850,True,,5.52,17.33,173,1069.3,False,True,False,False,False,False,24.8,University Entrance,705
Gandhi Autonomous Institute Junagadh,Junagadh,Gujarat,Autonomous,1917,41,B++,84,1033,2.6,248636,98920,True,75.7,11.05,66.35,539,172.4,False,False,False,False,False,False,25.6,AP EAMCET,2727
Kalam Foundation Architecture College Mandi,Mandi,Himachal Pradesh,Private,1929,39,B,103,317,3.0,1447701,125641,True,90.5,26.57,151.96,665,1928.4,True,True,True,True,False,True,29.8,MHT CET,963
International Institute of Information Technology Hyderabad,Hyderabad,Telangana,Deemed,1998,79,A++,223,120,5.0,305200,89238,True,63.0,4.15,11.93,307,901.8,True,False,False,False,False,False,57.8,JEE Main,600
Prime College of Agriculture Thane,Thane,Maharashtra,Private,1976,,,53,,,790438,23230,True,55.7,7.69,39.04,45,1636.6,True,False,False,False,False,True,15.4,NATA,1178
Modern Institute of Law Korba,Korba,Chhattisgarh,Private,1868,295,A,85,730,7.8,359737,20834,True,50.9,3.38,21.49,500,527.0,True,False,False,False,False,True,61.2,JEE Main,5675
Bhagat Singh Foundation Agriculture College Aizawl,Aizawl,Mizoram,Private,2020,51,A++,125,894,2.1,1380932,59296,True,,10.24,30.13,221,1603.7,True,True,True,True,True,True,30.6,WBJEE,1913
Lakshmi Academy of Social Work Margao,Margao,Goa,deemed,1998,169,B++,131,126,63.1,,98546,True,61.7,4.55,19.44,234,2300.0,True,True,True,False,True,True,54.7,UPSEE,7949
Raman Deemed University Vasco da Gama,Vasco da Gama,Goa,Deemed,1944,,B,223,71,21.4,1442394,163168,False,78.8,20.43,60.78,677,196.7,False,False,False,True,False,False,49.3,CUET,1521
Madhya Pradesh State Arts College Satna,Satna,Madhya Pradesh,Government,1885,161,,26,1059,6.4,38870,94575,False,52.6,3.47,10.77,95,716.6,True,False,False,False,True,False,13.8,AP EAMCET,6767
Kamla Nehru College of Education and Research New Delhi,New Delhi,New Delhi,Private,2010,321,B++,211,128,16.7,309904,103762,True,47.7,3.25,22.18,523,,True,True,True,True,True,False,22.9,CLAT,2136
Srishti Manipal Institute of Art,Bangalore,Karnataka,Private,1996,384,A,56,,,300104,158893,True,34.8,2.19,13.73,360,1024.2,False,True,True,False,False,False,48.8,SUAT,500
MS Ramaiah Institute of Technology,Bangalore,Karnataka,Autonomous,1962,,A+,12,1333,1.1,242294,40044,False,66.8,8.35,52.17,605,1448.1,False,False,False,True,False,False,65.6,KCET,1400
Deemed Institute of Journalism Palakkad,Palakkad,Kerala,Deemed,1917,,B++,141,169,25.8,298562,157823,True,,2.8,5.65,98,2439.2,True,True,True,True,False,True,34.9,BITSAT,4354
Sri Jawaharlal Institute of Nursing Aizawl,Aizawl,Mizoram,Private,1936,42,A,96,1195,2.9,2459384,124619,True,88.5,17.43,116.26,469,1962.1,True,True,True,False,False,True,62.7,University Entrance,3449
Government Polytechnic Nainital,Nainital,Uttarakhand,Government,2011,242,A+,46,192,23.0,38544,98710,False,73.7,10.06,65.35,649,279.9,False,False,True,True,False,True,83.2,COMEDK,4413
Shri Ram Autonomous Institute Rewa,Rewa,Madhya Pradesh,Autonomous,1871,166,B++,200,,,,143514,True,40.0,3.5,23.72,538,145.3,False,True,True,True,True,True,9.7,VITEEE,6398
Laxmi University Rewa,Rewa,Madhya Pradesh,Private,1929,,B++,248,1001,4.8,294765,104465,True,56.0,4.53,15.2,128,414.7,True,False,False,False,False,False,4.1,CLAT,4851
Government Model College Bareilly,Bareilly,Uttar Pradesh,Government,1868,386,B++,143,1155,5.7,32572,150128,False,41.0,2.81,12.99,649,1714.4,True,True,True,True,False,True,71.8,State Level,6540
Narayana University Madurai,Madurai,Tamil Nadu,Private,1907,220,B,11,1356,2.9,280881,39740,True,33.6,2.04,4.53,680,479.7,True,True,False,False,True,True,57.7,NEET UG,3950
Government Journalism College Mandi,Mandi,Himachal Pradesh,Government,1997,158,A,121,1234,0.9,41495,85030,True,79.9,6.65,38.98,54,1146.5,True,True,True,True,False,True,17.6,BITSAT,1129
Government College of Pharmacy Mangalore,Mangalore,karnataka,Government,1965,53,A,241,249,6.3,25330,116721,True,76.9,12.37,75.83,538,2127.4,True,True,False,False,False,False,14.9,CUET,1571
Rewa Government Computer Science College,Rewa,Madhya Pradesh,Government,1987,20,A+,105,276,25.3,111247,22168,True,87.4,20.11,74.82,74,1506.7,True,True,False,True,False,True,61.0,KCET,6991
Government Arts College Ghaziabad,Ghaziabad,Uttar Pradesh,Government,1958,385,A,142,683,11.6,8536,120924,True,54.9,5.6,24.28,36,475.1,True,False,True,True,True,True,9.4,COMEDK,7894
Cuttack Autonomous College of Commerce,Cuttack,Odisha,Autonomous,1863,45,A+,231,1444,1.1,,89549,True,86.7,11.87,71.86,486,1297.5,True,True,True,True,True,True,43.5,COMEDK,1603
Modern Institute of Law Kollam,Kollam,Kerala,Private,1918,,A,70,,,283699,143363,True,29.1,3.69,14.47,24,2347.2,True,True,True,True,True,True,15.0,UPSEE,540
State Institute of Law Chandigarh,Chandigarh,Chandigarh,Government,1964,475,B+,234,901,6.2,25722,85971,True,31.1,3.64,16.68,477,23.1,False,False,False,False,True,False,83.1,NEET UG,5583
Government Model College Palakkad,Palakkad,Kerala,Government,1977,58,A+,236,882,6.3,30515,27840,False,72.5,9.11,58.29,192,2110.0,False,False,False,False,False,False,36.5,COMEDK,5594
Academy of Hotel Management Chandigarh,Chandigarh,Chandigarh,Deemed,1986,63,B,85,285,25.2,573978,103461,True,59.1,,,286,265.2,True,False,True,True,True,False,25.5,TNEA,7172
State Institute of Medical Sciences Madurai,Madurai,Tamil Nadu,Government,1883,47,A,75,1404,2.3,171023,127126,True,97.9,18.22,39.21,51,696.9,False,True,True,False,False,False,78.5,VITEEE,3234
Jalandhar Government Education College,Jalandhar,Punjab,Government,1895,219,A,91,267,0.9,49313,46526,True,65.5,11.77,45.84,225,764.1,False,True,False,False,False,True,21.2,GATE,236
Deemed Institute of Computer Science Jaipur,Jaipur,Rajasthan,Deemed,2016,,,149,1231,3.0,450120,21366,True,62.7,9.89,59.61,652,1664.5,False,False,True,True,True,True,71.9,CUET,3736
Thanjavur Institute of Ayurveda,Thanjavur,Tamil Nadu,Private,2001,,B+,193,1232,2.2,446194,126826,True,56.1,9.38,62.04,680,1533.5,True,True,True,True,True,True,21.0,CAT,2661
Excel Institute of Architecture Puducherry,Puducherry,Puducherry,Private,1972,365,A,37,474,1.0,166737,170439,False,33.2,4.72,28.92,410,1274.3,False,True,True,False,True,False,17.4,JEE Main,466
Sri Lakshmi Institute of Information Technology Hisar,Hisar,Haryana,Private,1887,231,B++,133,345,19.6,190301,56282,False,30.2,3.48,23.18,263,1604.9,True,True,True,False,True,True,19.4,KCET,6768
Naharlagun Institute of Engineering (Deemed),Naharlagun,Arunachal Pradesh,Deemed,1986,,A,120,170,1.2,283300,81179,True,50.1,5.28,33.46,30,2395.9,True,True,True,True,True,True,35.3,TS EAMCET,199
Khammam Institute of Law (Deemed),Khammam,Telangana,Deemed,1933,259,B++,227,179,25.3,148345,165928,True,40.9,3.17,6.69,331,2393.1,False,False,False,False,True,False,31.3,UPSEE,4537
Autonomous College of Engineering Shillong,Shillong,Meghalaya,Autonomous,1981,231,B+,156,387,15.8,115704,138813,True,65.7,6.65,34.45,25,2161.3,True,True,True,True,True,True,15.7,SRMJEEE,6109
Government Model College Chandigarh,Chandigarh,Chandigarh,Government,1978,237,B++,180,197,6.3,28631,98403,False,55.9,2.57,5.2,577,,True,False,True,False,True,True,4.4,VITEEE,1236
Prime College of Agriculture Pilani,Pilani,Rajasthan,Private,1852,216,B++,219,432,10.9,568010,152203,False,77.1,4.49,11.46,48,216.5,True,True,True,True,True,True,62.9,JEE Advanced,4694
Government Model College Mapusa,Mapusa,Goa,Government,2003,231,B,150,87,70.5,15460,92940,True,79.1,8.21,42.97,321,2431.2,False,True,True,False,True,False,45.6,TS EAMCET,6133
Global Academy of Homeopathy Chandigarh,Chandigarh,Chandigarh,Private,1927,27,B,68,661,5.4,1236298,179283,False,94.3,26.42,80.21,101,1260.4,True,True,True,True,True,True,78.0,WBJEE,3591
Government College of Social Work Nashik,Nashik,Maharashtra,Government,2020,66,A,227,175,12.3,41860,100422,True,72.0,6.04,24.5,56,2012.4,False,True,False,True,False,False,25.7,VITEEE,2155
Symbiosis International University,Pune,Maharashtra,Deemed,2002,,A++,106,791,3.2,1077968,117521,True,83.9,9.08,24.41,331,1624.6,True,True,True,True,True,True,22.0,SET,2500
Modern Institute of Fashion Design Agartala,Agartala,Tripura,Private,1934,,A,69,1465,5.0,936264,85586,True,96.2,20.09,101.79,216,896.9,False,False,True,False,False,True,63.1,Own Entrance,7315
Amrita Deemed University Kohima,Kohima,Nagaland,Deemed,1863,64,A++,61,844,3.4,1295769,105087,True,94.4,14.49,41.5,141,699.7,True,True,True,True,True,True,26.7,NATA,2853
Ramjas College Delhi,New Delhi,Delhi,Government,1917,200,A+,138,605,2.5,23783,42813,True,73.9,8.97,32.57,479,2293.1,True,True,True,True,False,True,2.0,CUET,1500
Indian Agricultural Research Institute,New Delhi,Delhi,Government,1905,106,A++,130,,,63653,102684,True,76.3,14.85,96.3,197,2461.0,True,True,True,True,True,False,77.9,ICAR AIEEA,300
Nehru Institute of Technology Davangere,Davangere,Karnataka,Private,1861,375,B++,58,934,3.2,233951,89607,True,35.9,3.98,19.45,197,647.6,True,True,True,True,True,True,65.2,University Entrance,2972
Imphal Arts Autonomous College,Imphal,Manipur,Autonomous,1892,154,A,222,1268,6.0,123261,48150,True,45.1,7.03,29.36,405,1116.5,True,True,True,True,True,True,20.5,CLAT,7577
Deemed Institute of Arts Delhi,Delhi,Delhi,Deemed,1931,,B+,41,44,57.4,323365,139050,True,73.5,6.14,29.1,448,2055.3,True,True,True,True,True,True,56.1,TS EAMCET,2527
State Institute of Science Amravati,Amravati,Maharashtra,Government,1967,66,A+,109,1031,7.3,204932,71670,False,94.7,21.43,119.92,379,1268.7,True,True,False,False,False,False,43.6,NEET UG,7485
Karaikal Arts Autonomous College,Karaikal,Puducherry,Autonomous,1855,,A,175,206,12.0,51968,70664,False,31.0,3.23,13.63,318,1450.8,False,True,True,False,True,True,31.8,CLAT,2475
Modern Institute of Fashion Design New Delhi,New Delhi,Delhi,Private,1962,317,A,83,548,1.2,295088,29599,True,43.5,2.48,5.76,57,860.5,True,True,True,True,False,True,33.7,CLAT,637
Deemed Institute of Ayurveda Jodhpur,Jodhpur,Rajasthan,Deemed,1909,237,A+,176,133,44.5,508754,90383,True,51.0,4.35,22.64,535,2217.5,True,False,True,True,True,True,19.9,University Entrance,5916
Bharathidasan University,Tiruchirappalli,Tamil Nadu,Government,1982,124,A+,166,165,7.3,,176666,True,82.2,12.27,59.12,494,1446.2,True,True,True,True,True,True,49.1,Own Entrance,1200
Deemed Institute of Technology Agartala,Agartala,Tripura,Deemed,1927,31,B,139,951,5.6,1414016,150731,True,89.5,8.12,44.77,187,2306.0,True,True,True,False,False,True,55.0,NATA,5305
Autonomous College of Physical Education Khammam,Khammam,Telangana,Autonomous,1927,,A,168,1125,2.7,57828,145742,True,,8.83,36.39,467,1361.8,False,True,True,False,True,True,3.3,CAT,3051
Deemed Institute of Law Chandigarh,Chandigarh,Chandigarh,Deemed,1982,,B+,167,1386,2.6,315435,148784,False,71.4,4.48,28.07,460,134.9,False,False,True,True,False,False,13.5,TNEA,3629
Sri Bharati Institute of Engineering Pune,Pune,Maharashtra,Private,1969,,B+,158,225,35.3,148571,118246,True,43.4,3.35,22.02,312,1519.7,True,False,False,True,False,True,65.7,CUET,7949
Plaksha University,Mohali,Punjab,Private,2021,174,,126,1152,0.2,204579,30985,True,35.4,3.09,12.33,269,93.5,False,True,True,True,True,True,55.3,Own Test,200
District Dental Sciences College Karaikal,Karaikal,Puducherry,Government,1999,,B+,36,648,7.7,186147,145548,True,92.3,17.33,113.76,562,1732.4,True,True,True,True,True,True,28.2,AP EAMCET,4995
Shillong Government Management College,Shillong,Meghalaya,Government,1971,311,A,99,661,7.5,22654,79958,True,62.6,,,158,767.0,True,False,True,True,True,True,62.0,State Level,4936
PEC Chandigarh,Chandigarh,Chandigarh,Government,1921,153,A+,92,314,2.5,83195,176334,True,,9.34,50.75,511,899.4,False,False,False,False,True,False,16.8,JEE Main,800
Kurukshetra Government Education College,Kurukshetra,Haryana,Government,1953,,A,116,1186,0.8,40154,27262,True,70.6,13.27,57.34,442,1618.0,True,False,False,True,False,False,4.1,NATA,990
Excel Institute of Law Namchi,Namchi,Sikkim,Private,1886,,A,39,396,5.4,1182835,84750,True,97.3,12.7,63.37,483,1015.4,True,True,True,True,True,True,59.8,AP EAMCET,2124
Government Technology College Nanded,Nanded,Maharashtra,Government,1922,229,B,171,43,40.0,18199,91293,False,87.2,6.88,37.48,55,2184.1,True,True,True,True,True,True,71.2,VITEEE,1720
Malaviya National Institute of Technology Jaipur,Jaipur,Rajasthan,Government,1963,243,A+,60,844,1.0,68636,48039,True,,6.96,18.12,478,2061.7,True,True,False,True,False,True,17.0,JEE Main,850
Shri Ram Institute of Arts Chandigarh,Chandigarh,Chandigarh,Private,1934,448,B++,243,60,17.9,,173425,True,44.3,,,121,142.0,True,True,True,True,True,True,32.8,JEE Main,1077
GD Goenka University,Gurugram,Haryana,Private,2013,184,A,222,151,5.3,215756,86254,True,31.4,2.63,15.78,572,1154.2,False,True,False,False,True,True,47.2,Own Entrance,800
Agartala Social Work Autonomous College,Agartala,Tripura,Autonomous,1935,223,A,186,739,3.2,51321,20851,False,47.4,4.88,30.02,266,1983.0,True,True,True,True,True,True,53.3,TNEA,2385
Autonomous College of Architecture New Delhi,New Delhi,Delhi,Autonomous,1914,305,B++,40,374,0.2,39598,67828,True,40.6,3.2,17.58,207,2041.9,False,False,True,True,True,True,82.7,JEE Main,93
Aryabhata Foundation Computer Science College Aizawl,Aizawl,Mizoram,Private,1851,,A+,60,1394,4.0,2315500,82322,True,87.7,14.81,48.16,483,625.0,False,False,False,True,True,False,4.8,CLAT,5636
Sri Kamla Nehru Institute of Architecture Durg,Durg,Chhattisgarh,Private,1938,,B++,26,1299,4.5,306328,126451,True,58.1,8.02,35.66,469,168.3,True,True,True,True,True,True,29.2,CAT,5899
Nehru Institute of Social Work Agartala,Agartala,Tripura,Private,1981,343,B+,227,611,1.5,395973,48149,True,36.8,4.4,12.94,400,1242.4,False,True,False,False,False,True,62.8,JEE Advanced,891
State Institute of Science Hisar,Hisar,Haryana,Government,1880,95,A,48,429,5.5,71849,127621,True,83.9,7.75,34.06,644,148.6,True,True,True,True,True,False,76.7,TS EAMCET,2377
Autonomous College of Journalism Bardhaman,Bardhaman,West Bengal,Autonomous,1859,,A,186,580,0.5,98250,61808,True,,1.98,9.12,450,1663.2,True,True,False,True,False,False,38.1,Own Entrance,263
Tilak Deemed University Kullu,Kullu,Himachal Pradesh,Deemed,2008,,A,61,1269,1.6,344993,115717,True,79.3,15.25,79.71,113,,True,True,True,True,True,True,53.3,BITSAT,2068
Shiv Nadar University,Greater Noida,Uttar Pradesh,Private,2011,227,A,120,124,6.5,147341,175734,True,41.7,3.62,17.27,595,1630.3,False,True,False,False,False,False,28.0,SNUSAT,800
State Institute of Technology Delhi,Delhi,Delhi,Government,1953,193,B,123,1112,1.3,6580,110367,True,62.5,5.21,27.79,486,2058.6,False,False,True,False,False,True,72.5,University Entrance,1436
Motilal Nehru National Institute of Technology,Prayagraj,Uttar Pradesh,Government,1961,79,A+,219,86,8.7,47693,28013,True,67.5,5.1,22.93,566,196.3,True,False,False,False,False,False,17.8,JEE Main,750
Visakhapatnam College of Arts,Visakhapatnam,Andhra Pradesh,Private,1951,40,B++,82,1456,5.1,1587450,69498,True,,13.32,55.07,522,2419.3,True,True,True,True,True,True,56.3,UPSEE,7440
State Institute of Dental Sciences Chandigarh,Chandigarh,Punjab,Government,1983,91,B,25,431,16.9,78344,69607,True,90.7,15.0,30.41,634,,False,False,False,True,True,True,58.1,NEET UG,7266
Utkal University,Bhubaneswar,Odisha,Government,1943,,A+,145,,,92165,71098,True,77.0,11.78,82.06,20,1682.7,False,True,False,False,False,False,70.9,Own Entrance,1500
Saraswati Autonomous Institute Noida,Noida,UP,Autonomous,1935,,B+,209,1499,3.0,393505,32929,False,91.2,11.45,78.24,290,1548.8,False,True,False,True,False,False,61.8,BITSAT,4487
Indian Institute of Technology Madras,Chennai,Tamil Nadu,Government,1959,,A++,176,469,2.0,51434,138858,True,,8.65,33.31,283,1755.1,False,True,True,True,True,True,58.4,JEE Advanced,950
District Homeopathy College Guntur,Guntur,Andhra Pradesh,Government,1890,66,B,212,824,4.0,216413,164535,False,95.0,16.19,80.4,427,823.9,True,False,True,True,True,True,26.6,NATA,3267
Kharagpur Institute of Information Technology (Deemed),Kharagpur,West Bengal,deemed,1962,63,A++,67,145,27.9,,141950,False,60.4,4.83,12.81,159,2242.8,False,True,False,True,False,False,78.5,MHT CET,4047
District Arts College Karimnagar,Karimnagar,Telangana,Government,1886,,A,118,1152,2.2,39063,128555,False,37.5,5.65,31.48,191,133.3,True,True,True,True,True,True,81.4,COMEDK,2562
Government Model College Kolhapur,Kolhapur,Maharashtra,Government,1958,481,B+,192,,,11422,138604,True,47.3,2.33,13.43,426,2374.9,True,False,False,True,False,False,12.1,SRMJEEE,3290
Rani Autonomous Institute Korba,Korba,Chhattisgarh,Autonomous,1984,220,A,158,1106,1.3,55317,171157,True,50.1,,,676,1600.4,False,True,False,False,True,True,34.2,COMEDK,1492
Sri Raman Institute of Education Aizawl,Aizawl,Mizoram,Private,1855,298,A,191,680,9.0,103783,38076,True,45.3,2.85,13.87,583,1437.1,False,False,True,True,False,False,7.7,MHT CET,6130
Khammam Autonomous College of Nursing,Khammam,Telangana,Autonomous,1963,,B,158,1497,4.6,38825,28277,True,35.3,4.31,27.91,562,245.1,True,True,True,True,False,True,55.4,TS EAMCET,6900
Sri Aryabhata Institute of Homeopathy Namchi,Namchi,Sikkim,Private,1889,126,B+,131,610,2.2,495018,123105,True,64.1,10.53,58.12,395,557.9,True,False,True,False,True,True,7.5,UPSEE,1368
Patel University Imphal,Imphal,Manipur,Private,2000,416,B+,169,536,6.8,252926,118277,True,48.1,3.62,11.49,659,1600.9,False,False,False,False,False,False,54.8,TS EAMCET,3649
Chandigarh College of Applied Sciences,Chandigarh,Chandigarh,Private,1896,98,B++,197,1372,1.7,674605,92129,True,65.1,6.79,43.79,628,377.1,False,False,False,True,True,False,32.2,BITSAT,2338
Government Ayurveda College Aizawl,Aizawl,Mizoram,Government,1963,44,B++,66,923,1.5,204443,35521,True,90.9,17.38,87.2,30,1975.7,True,False,False,False,False,False,20.7,AP EAMCET,1368
Devi Ahilya Institute of Technology Begusarai,Begusarai,Bihar,Private,1973,122,B,153,1133,3.4,768664,44385,False,58.3,6.41,30.33,27,,True,False,True,False,False,True,49.3,GATE,3894
Puducherry Medical Sciences Autonomous College,Puducherry,Puducherry,Autonomous,1925,37,A+,80,850,2.6,480626,64222,True,89.0,9.88,26.72,532,109.4,False,False,False,False,True,False,69.7,KCET,2227
District Ayurveda College Dibrugarh,Dibrugarh,Assam,Govt,1981,,A+,14,812,4.5,85952,168261,True,85.8,6.9,35.17,298,328.1,True,True,True,False,True,False,23.4,GATE,3662
Namchi Government Engineering College,Namchi,Sikkim,Government,1872,,B+,148,783,4.8,38680,111773,True,76.0,8.21,47.08,652,665.5,True,True,True,True,True,True,12.4,University Entrance,3795
Government Model College Bilaspur,Bilaspur,Chhattisgarh,Government,1962,,A+,174,312,20.1,97299,165394,False,75.3,11.48,62.48,44,226.4,False,False,True,False,True,True,75.6,WBJEE,6283
Modern Institute of Technology Delhi,Delhi,Delhi,Private,1983,294,B+,76,1345,5.4,332424,127776,True,45.7,2.18,8.38,286,44.0,True,True,True,False,False,False,42.6,GATE,7202
District Fine Arts College Imphal,Imphal,Manipur,Government,1955,250,B+,195,1171,6.6,43601,80706,True,69.6,12.14,63.29,629,2248.9,True,False,False,False,False,False,44.7,VITEEE,7758
Bose University Naharlagun,Naharlagun,Arunachal Pradesh,Private,2016,22,A+,114,485,15.1,2456620,152976,True,88.1,11.1,25.96,676,221.6,False,False,True,False,True,True,51.6,CAT,7311
Deemed Institute of Information Technology Gaya,Gaya,Bihar,Deemed,2013,,A,69,1439,1.3,145784,110376,True,47.1,4.12,21.73,298,1886.2,True,True,False,False,False,True,6.4,KCET,1847
Fergusson College,Pune,Maharashtra,Autonomous,1885,197,A+,94,815,3.1,242042,130009,True,74.1,8.31,37.11,569,939.6,True,True,True,True,True,True,70.6,Own Entrance,2500
Guru Gobind Singh Institute of Applied Sciences Aizawl,Aizawl,Mizoram,Private,1926,207,B,19,1283,1.7,789526,130601,True,65.9,5.4,15.62,484,406.7,True,True,False,True,False,False,83.5,CAT,2215
Ghaziabad College of Education,Ghaziabad,UP,Private,1875,,A,174,1157,2.0,382046,101174,True,32.0,5.45,31.26,86,2339.2,False,False,False,False,True,False,27.1,NATA,2324
Laxmi Academy of Computer Science Ranchi,Ranchi,Jharkhand,Deemed,2018,208,A,70,795,7.7,117600,177180,False,52.1,3.66,18.23,98,1650.3,True,False,False,True,False,False,71.5,SRMJEEE,6120
District Physical Education College Chandigarh,Chandigarh,Punjab,Government,1977,354,B++,5,208,17.9,10745,29165,True,49.9,2.09,13.0,50,50.9,True,True,True,False,False,False,76.3,Own Entrance,3733
Sikkim State Architecture College Namchi,Namchi,Sikkim,Government,1978,59,B,157,1443,0.3,124119,59308,False,85.9,12.09,81.65,600,1216.8,True,True,False,False,True,True,59.5,KCET,367
Government Polytechnic Silchar,Silchar,Assam,Government,1955,473,B++,38,108,10.7,8585,60333,True,37.2,3.86,19.96,547,1859.5,True,False,False,True,True,True,4.7,GATE,1156
District Dental Sciences College Imphal,Imphal,Manipur,Government,1939,139,B,214,,,58880,155854,True,75.2,12.41,48.71,607,1583.3,False,False,False,True,True,True,82.7,Own Entrance,3285
Deemed Institute of Social Work Haridwar,Haridwar,Uttarakhand,Deemed,2021,299,A,161,1338,3.6,170200,141082,False,27.9,2.88,18.68,371,1161.0,True,True,True,True,False,False,4.8,AP EAMCET,4875
Excel Institute of Commerce Imphal,Imphal,Manipur,Private,1940,413,B++,24,1360,0.6,350525,111266,False,,4.96,10.72,438,2211.7,False,False,False,False,True,False,68.6,JEE Advanced,840
District Physical Education College Warangal,Warangal,Telangana,Government,1922,171,A++,151,1025,1.5,15273,52067,True,77.6,,,327,1415.3,True,True,True,True,True,True,76.6,GATE,1559
Autonomous College of Fashion Design Dimapur,Dimapur,Nagaland,Autonomous,1861,190,B+,154,67,78.4,35005,133734,True,31.5,,,670,222.0,False,True,True,False,True,True,64.5,SRMJEEE,5250
Raman University Thanjavur,Thanjavur,Tamil Nadu,Private,1861,,B++,226,496,10.1,312036,106701,True,57.6,2.64,12.62,88,862.7,False,True,False,False,False,True,79.6,CAT,5016
Prime College of Information Technology Shillong,Shillong,Meghalaya,Private,1868,203,A,180,451,4.6,634263,105555,True,70.7,6.24,12.8,513,1528.6,True,False,False,False,True,True,61.2,State Level,2077
Korba Government Arts College,Korba,Chhattisgarh,Government,1977,181,B+,70,921,8.2,81030,149207,True,87.2,12.38,28.02,431,296.4,False,False,False,False,False,False,32.5,WBJEE,7566
Jaipur College of Management,Jaipur,Rajasthan,Private,1987,420,B++,235,965,5.7,138786,56086,True,34.9,3.89,20.21,93,1156.4,False,True,False,True,True,False,78.8,Own Entrance,5469
State Institute of Journalism Pune,Pune,Maharashtra,Government,1905,73,B,93,900,5.2,,21928,False,85.7,23.27,141.16,577,774.6,True,True,True,True,True,True,62.8,JEE Main,4689
Global Academy of Architecture Dimapur,Dimapur,Nagaland,Private,2015,,B+,185,1396,0.9,194619,80001,True,54.2,2.24,5.91,77,1375.4,False,False,True,True,True,True,70.2,GATE,1286
Government Polytechnic Imphal,Imphal,Manipur,Government,1890,181,A+,8,795,1.5,,69709,False,82.3,,,624,,False,False,False,False,False,True,73.8,JEE Advanced,1216
Academy of Applied Sciences Solan,Solan,Himachal Pradesh,Deemed,1895,1,B+,122,1037,6.0,975029,97572,True,94.2,13.42,54.93,691,472.1,True,True,False,True,True,True,66.7,NEET UG,6182
Prime College of Management Bellary,Bellary,Karnataka,Private,1854,132,B+,115,899,5.9,708354,24699,True,67.5,9.81,50.52,62,1818.9,False,False,False,False,True,True,42.4,KCET,5313
Bose Institute of Management Mohali,Mohali,Punjab,Private,1870,179,A+,170,1091,0.3,449189,69160,True,64.4,10.6,63.5,274,1339.7,True,False,True,False,True,False,71.6,WBJEE,291
Ashoka University,Sonipat,Haryana,Private,2014,295,A,170,1332,0.4,248317,121558,True,38.5,3.18,15.87,352,166.6,False,True,True,False,False,True,8.9,Ashoka Aptitude,500
Government Model College Kannur,Kannur,Kerala,Government,1941,151,B++,26,911,4.5,16844,142100,True,79.6,14.58,99.78,254,470.0,False,False,True,False,True,False,26.5,CLAT,4101
National Institute of Technology Silchar,Silchar,Assam,Government,1967,383,A,142,954,0.6,,173862,False,50.3,4.64,29.35,505,864.1,False,False,False,False,True,True,47.4,JEE Main,600
Srinivasa College of Management and Research Aizawl,Aizawl,Mizoram,Private,1964,394,B++,223,439,1.9,,52237,True,30.9,4.01,19.46,681,2179.7,False,False,False,False,False,False,67.2,BITSAT,850
District Social Work College Hyderabad,Hyderabad,Telangana,Government,1976,,B+,208,195,17.9,62684,175596,False,,7.49,41.29,162,325.4,False,True,False,True,True,False,51.8,SRMJEEE,3489
District Veterinary Science College Patiala,Patiala,Punjab,Govt,1893,498,B++,5,190,41.8,,163613,True,42.1,3.32,9.67,124,2455.0,False,False,False,True,False,True,59.7,NATA,7947
Chandigarh Government Architecture College,Chandigarh,Chandigarh,Government,2011,,B++,240,1001,3.4,48869,163890,True,65.2,12.07,50.3,633,548.5,True,False,True,False,False,False,17.7,GATE,3379
Radhakrishnan College of Computer Science and Research Bareilly,Bareilly,Uttar Pradesh,Private,1892,,B+,143,351,3.9,,63420,True,91.4,27.18,85.11,634,1061.2,False,True,False,True,False,True,18.0,WBJEE,1360
Aurobindo Institute of Veterinary Science Berhampur,Berhampur,Odisha,Private,1919,241,A+,37,875,4.1,444659,108621,True,60.6,8.64,47.06,659,2202.0,False,False,True,True,True,False,49.4,AP EAMCET,3617
Vidyasagar College of Applied Sciences and Research Silchar,Silchar,Assam,Private,2019,71,B++,213,1378,5.1,1497005,114753,True,90.9,,,190,716.5,False,False,True,False,True,True,17.4,BITSAT,7088
Bharati Institute of Nursing Kozhikode,Kozhikode,Kerala,Private,1981,443,A,19,289,10.6,143490,21316,True,32.6,5.08,17.74,70,607.5,False,True,True,True,False,True,27.2,University Entrance,3061
Sri Laxmi Institute of Arts Namchi,Namchi,Sikkim,Private,1931,,A++,131,591,9.5,250004,106497,False,65.4,5.42,15.82,677,90.6,False,False,False,False,True,False,15.2,UPSEE,5627
Autonomous College of Ayurveda Rewa,Rewa,Madhya Pradesh,Autonomous,1899,427,A,149,128,4.2,131532,157851,True,49.3,2.27,6.7,481,75.8,True,False,False,True,False,False,52.1,SRMJEEE,534
Academy of Fine Arts Itanagar,Itanagar,Arunachal Pradesh,Deemed,1881,173,A,174,1132,0.6,150103,177146,False,67.3,9.57,39.27,497,1396.8,True,True,True,False,True,False,13.9,TS EAMCET,735
Autonomous College of Social Work Shillong,Shillong,Meghalaya,Autonomous,1875,,A+,155,777,8.7,195910,73734,True,56.4,6.61,45.55,383,1346.2,True,True,True,True,True,True,14.5,CLAT,6754
Lakshmi Academy of Architecture Jorhat,Jorhat,Assam,Deemed,1961,,B++,44,667,1.8,214728,151104,True,,5.81,16.07,418,1307.1,False,True,False,False,False,False,67.8,NEET UG,1225
Indian Institute of Technology Kanpur,Kanpur,Uttar Pradesh,Government,1959,199,A++,68,325,2.8,80435,123712,True,85.3,11.43,31.03,584,1348.4,True,True,True,False,True,True,63.7,JEE Advanced,900
Government Model College Karaikal,Karaikal,Puducherry,Government,1889,5,B+,107,897,2.0,181984,162508,True,92.4,21.06,83.98,245,611.2,True,True,True,True,True,False,26.2,COMEDK,1772
Modern Institute of Commerce Jamshedpur,Jamshedpur,Jharkhand,Private,1867,120,A,38,582,0.5,314802,60464,True,56.7,8.95,21.53,206,1353.6,False,False,True,False,True,False,7.6,TS EAMCET,293
Government Architecture College Thrissur,Thrissur,Kerala,Government,1927,101,B++,39,895,7.7,55981,77650,True,80.8,11.99,79.36,495,467.8,False,True,True,True,False,False,72.0,WBJEE,6849
Global Academy of Dental Sciences Imphal,Imphal,Manipur,Private,1974,248,B++,129,222,21.2,578410,166538,True,,5.67,33.33,273,2496.1,True,True,True,True,True,True,7.1,WBJEE,4712
Academy of Homeopathy Nainital,Nainital,Uttarakhand,Deemed,1923,23,B++,174,492,0.2,567613,159769,True,94.9,18.3,57.14,473,2164.2,True,True,True,True,True,True,8.9,CLAT,120
Excel Institute of Law Khammam,Khammam,Telangana,Private,1923,62,B++,130,148,44.7,216349,138976,True,56.1,6.26,31.08,323,,False,True,True,True,False,False,30.6,NEET UG,6611
Chandra College of Commerce and Research Baramulla,Baramulla,Jammu & Kashmir,Private,1971,,B+,49,53,6.5,714720,38597,True,71.4,7.11,20.77,250,1375.4,True,False,True,False,True,True,37.9,WBJEE,342
State Institute of Applied Sciences Puducherry,Puducherry,Puducherry,Government,1995,,A,73,1464,0.4,24346,38209,True,58.3,3.53,13.72,225,2373.6,False,True,True,False,True,False,47.2,JEE Advanced,546
Government College of Law Kurukshetra,Kurukshetra,Haryana,Government,2020,,B++,186,1375,1.7,10291,43672,False,45.2,5.99,19.59,237,2146.4,True,True,False,False,False,False,58.1,VITEEE,2364
Anantnag Government Medical Sciences College,Anantnag,Jammu & Kashmir,Government,1921,191,A++,207,361,2.7,69817,64879,False,82.5,7.2,25.03,663,2382.0,False,True,False,False,True,False,77.1,CAT,970
Prime College of Technology Gangtok,Gangtok,Sikkim,Private,1879,374,B+,119,105,30.4,154790,53948,True,55.1,2.15,10.94,149,1808.1,True,False,False,True,True,True,56.6,CUET,3194
Government Model College Shillong,Shillong,Meghalaya,Government,1853,188,B,197,801,4.8,72657,46483,True,78.6,13.01,67.76,126,1194.8,False,False,False,False,False,False,36.4,MHT CET,3867
Academy of Ayurveda Nagpur,Nagpur,Maharashtra,Deemed,1891,79,B+,217,1452,1.3,413917,77963,True,73.3,8.67,41.56,548,2115.5,True,True,True,False,False,False,60.9,CUET,1844
Government Model College Puducherry,Puducherry,Puducherry,Government,2015,40,B+,6,523,8.4,121186,124023,True,94.6,23.31,58.8,507,1673.2,False,False,True,False,False,False,20.2,CUET,4414
Bhilai Institute of Science,Bhilai,Chhattisgarh,private,1923,274,A,133,805,4.6,328299,131391,True,28.1,2.68,14.72,62,151.3,False,True,False,True,True,True,61.7,NATA,3671
Netaji Subhas University of Technology,New Delhi,Delhi,Government,1983,171,A+,17,80,12.5,85088,32736,True,78.7,5.48,13.92,128,1043.1,True,True,True,True,True,True,32.9,JEE Main,1000
Uttar Pradesh State Agriculture College Lucknow,Lucknow,Uttar Pradesh,Government,1909,,A,167,1215,2.1,37515,94201,True,38.5,3.61,17.55,43,1387.1,True,True,False,True,True,True,24.2,State Level,2591
Sri Aryabhata Institute of Ayurveda Nagaon,Nagaon,Assam,Private,1883,,A,112,1208,2.2,372629,123922,False,48.0,4.82,16.3,172,613.2,True,True,False,True,True,False,65.4,Own Entrance,2681
Rewa Institute of Fashion Design,Rewa,Madhya Pradesh,Private,1990,268,B++,126,,,123337,94576,True,36.0,3.43,17.61,437,2322.8,True,False,False,True,True,True,77.8,KCET,4473
Deemed Institute of Law Imphal,Imphal,Manipur,Deemed,2016,50,A,205,316,8.2,548091,90690,True,56.0,5.5,24.9,167,61.1,True,True,True,True,False,True,11.7,AP EAMCET,2583
Puducherry Technology Autonomous College,Puducherry,Puducherry,Autonomous,1865,420,B++,92,1451,1.5,145019,54915,True,22.8,3.07,9.15,191,2430.8,True,False,True,True,True,True,35.9,CUET,2204
Deemed Institute of Fine Arts Itanagar,Itanagar,Arunachal Pradesh,Deemed,1867,151,,9,303,10.5,184479,148478,False,,5.56,30.56,387,2445.7,True,True,False,False,False,True,26.4,NATA,3167
Nashik Government Commerce College,Nashik,Maharashtra,Government,1979,176,A+,162,69,51.5,23914,165459,True,74.3,13.65,87.4,325,201.4,False,True,False,True,False,False,64.3,SRMJEEE,3554
Academy of Engineering Visakhapatnam,Visakhapatnam,Andhra Pradesh,Deemed,1925,16,A+,118,1160,6.2,1443667,126709,False,81.4,15.98,98.53,188,812.4,True,True,False,False,True,True,3.9,NEET UG,7239
Cuttack Autonomous College of Architecture,Cuttack,Odisha,Autonomous,1898,,A,204,1478,3.2,63240,114762,False,,4.05,16.09,80,1056.4,False,True,False,False,True,True,46.9,CLAT,4702
Puducherry State Science College Puducherry,Puducherry,Puducherry,Govt,1913,153,B++,191,1185,1.4,,46265,True,42.4,3.36,9.03,490,1093.7,True,False,False,True,True,False,66.4,CLAT,1700
Indian Institute of Management Ahmedabad,Ahmedabad,Gujarat,Government,1961,,A++,150,161,2.5,71120,63511,True,79.2,12.85,77.97,369,1331.6,True,True,True,True,True,True,51.1,CAT,400
Government Dental Sciences College Vasco da Gama,Vasco da Gama,Goa,Government,1985,169,A,78,496,3.9,60972,119327,True,73.1,6.17,16.89,219,2298.0,True,True,True,True,True,True,24.1,MHT CET,1932
Government Physical Education College Ludhiana,Ludhiana,Punjab,Government,1895,278,B++,53,554,12.4,30663,105249,True,50.9,2.18,12.18,413,629.5,False,True,True,False,False,True,19.1,JEE Advanced,6885
Chandigarh Institute of Law,Chandigarh,Chandigarh,Private,1926,,B+,15,1308,2.1,401494,67944,False,63.0,4.9,14.74,498,87.5,True,True,True,True,True,True,72.4,VITEEE,2705
Government Pharmacy College Meerut,Meerut,Uttar Pradesh,Government,1959,,B++,209,1415,2.8,243721,84552,False,90.3,17.57,87.12,103,2113.1,False,False,True,False,False,False,83.5,UPSEE,3904
Deemed Institute of Agriculture Sambalpur,Sambalpur,Odisha,Deemed,2018,231,A,231,566,9.2,245002,32869,True,74.0,5.2,11.27,276,1238.2,True,True,True,True,True,True,34.4,KCET,5207
Autonomous College of Hotel Management Siliguri,Siliguri,West Bengal,Autonomous,2013,105,A,215,61,121.3,239895,169710,True,68.3,8.02,33.74,433,1985.3,False,False,False,False,False,True,38.1,CAT,7402
Autonomous College of Dental Sciences Sikar,Sikar,Rajasthan,Autonomous,1885,220,B+,146,1360,1.8,108921,68464,True,43.5,2.11,11.32,158,702.3,False,False,True,True,False,True,52.1,VITEEE,2491
Government Model College Dharamsala,Dharamsala,Himachal Pradesh,Government,1923,,B,94,279,27.4,15814,93859,True,,4.34,11.49,186,2314.3,True,False,True,False,False,False,74.2,COMEDK,7646
Gwalior Institute of Law (Deemed),Gwalior,Madhya Pradesh,Deemed,1993,115,A++,114,747,5.0,554485,90076,True,52.2,6.73,20.83,353,1990.7,True,True,True,True,True,True,43.1,NATA,3707
National Institute of Technology Kurukshetra,Kurukshetra,Haryana,Government,1963,461,A,158,1386,0.5,16613,171664,True,36.1,5.26,13.24,630,2207.0,True,True,True,True,True,True,43.3,JEE Main,750
Christian Medical College Vellore,Vellore,Tamil Nadu,Private,1900,199,A++,226,1192,0.1,692296,103947,True,79.7,6.97,28.37,236,1853.6,False,True,True,True,True,True,2.4,NEET UG,150
Gandhi Academy of Education Baramulla,Baramulla,J&K,Deemed,1909,,A+,196,1099,4.2,,97839,False,74.7,4.07,15.73,633,1429.0,True,True,True,True,True,True,79.8,AP EAMCET,4593
Modern Institute of Dental Sciences Imphal,Imphal,Manipur,Private,1915,,B+,205,114,51.5,1068293,100065,True,80.0,11.18,63.4,465,925.2,True,False,False,True,False,False,4.8,COMEDK,5876
Jammu Autonomous College of Journalism,Jammu,Jammu & Kashmir,Autonomous,1926,91,A,113,1314,6.0,207848,164722,True,51.5,5.15,13.61,86,1375.5,True,True,True,True,True,False,22.9,GATE,7903
Modern Institute of Social Work Coimbatore,Coimbatore,Tamil Nadu,Private,1870,,B+,139,830,8.2,1769290,116451,True,97.0,24.84,162.65,98,186.8,False,True,True,True,True,True,20.2,TNEA,6792
Korba Autonomous College of Management,Korba,Chhattisgarh,Autonomous,1945,,B++,16,1111,0.1,122990,87902,False,45.7,2.84,10.31,322,1955.3,False,False,True,False,False,True,15.3,JEE Main,160
Vivekananda Deemed University Chennai,Chennai,Tamil Nadu,Deemed,1912,243,A+,204,1269,4.6,321954,126546,True,51.6,9.77,43.08,205,1997.5,True,False,True,True,True,True,60.0,NEET UG,5857
Academy of Science Berhampur,Berhampur,Odisha,Deemed,2013,143,A+,26,1143,4.8,205486,117963,False,75.4,,,238,297.2,False,True,False,False,True,False,55.9,CLAT,5498
Maulana Azad National Institute of Technology,Bhopal,Madhya Pradesh,Government,1960,,A+,65,585,1.2,30418,60716,True,76.7,8.0,35.34,575,1693.5,True,False,False,True,False,False,82.7,JEE Main,700
Padmavati College of Pharmacy and Research Naharlagun,Naharlagun,Arunachal Pradesh,Private,1985,491,A,178,1307,0.4,240404,83498,True,30.1,2.23,12.23,312,1815.5,True,True,True,True,True,True,44.8,State Level,585
Chanakya Institute of Arts Tura,Tura,Meghalaya,Private,1932,397,,111,144,21.5,153958,162562,True,47.4,4.36,23.66,419,1636.6,True,True,True,True,True,False,30.9,WBJEE,3090
Autonomous College of Ayurveda Dimapur,Dimapur,Nagaland,Autonomous,2014,,B+,226,461,14.3,135158,152644,False,49.7,4.95,19.87,498,521.0,True,True,False,True,False,False,19.4,AP EAMCET,6602
Galgotias Foundation Fine Arts College Jorhat,Jorhat,Assam,Private,1932,83,A,186,406,13.1,1094186,98992,True,84.7,10.34,61.38,210,310.5,True,True,True,True,True,True,23.1,UPSEE,5321
District Social Work College Tura,Tura,Meghalaya,Government,1927,86,A,182,790,1.8,39256,141736,True,75.1,10.23,44.38,455,2104.0,True,True,True,True,True,False,75.4,CAT,1393
Anantnag Institute of Physical Education,Anantnag,Jammu & Kashmir,Private,2002,,B++,27,253,17.9,1679444,156627,False,87.2,25.1,159.76,391,1387.9,False,False,True,False,False,False,52.1,State Level,4524
Patel University Warangal,Warangal,Telangana,Private,1853,2,A,200,1344,3.5,1848785,130560,True,95.1,,,563,1390.4,False,True,False,False,False,False,35.8,JEE Advanced,4740
Rani Foundation Management College Kollam,Kollam,Kerala,Private,1930,192,B+,187,1006,6.4,768141,72951,False,72.3,7.87,42.28,377,2148.9,True,False,True,False,True,False,56.3,WBJEE,6399
Korba Government Medical Sciences College,Korba,Chhattisgarh,Government,2020,60,B++,49,876,3.8,72133,84058,True,75.7,12.2,33.8,647,1807.4,True,True,False,True,False,False,56.8,UPSEE,3355
Deemed Institute of Physical Education Durg,Durg,Chhattisgarh,Deemed,1851,435,A,55,1216,5.2,206642,149142,True,26.2,3.97,15.53,223,2201.8,True,True,True,False,True,True,64.6,KCET,6381
Babasaheb Foundation Applied Sciences College Anantnag,Anantnag,Jammu & Kashmir,Private,1924,15,B++,214,533,3.7,1148392,55153,True,95.9,15.7,103.55,97,1722.0,True,False,True,True,True,True,36.2,TNEA,1961
Saraswati Deemed University New Delhi,New Delhi,Delhi,Deemed,1900,229,B+,17,834,4.4,154326,154951,False,50.3,3.27,19.42,17,15.4,False,True,False,False,False,False,6.6,UPSEE,3631
IISER Thiruvananthapuram,Thiruvananthapuram,Kerala,Government,2008,84,A,159,1075,0.1,193748,105245,True,90.3,25.74,89.43,450,249.7,False,False,False,True,True,True,59.9,IAT,150
Prime College of Information Technology Korba,Korba,Chhattisgarh,Private,1977,4,B++,106,495,1.2,1809344,94764,True,89.5,27.18,146.02,224,1543.3,False,True,False,True,False,False,69.6,TNEA,611
Jawaharlal Nehru University,New Delhi,Delhi,Government,1969,123,A++,214,848,2.9,,95442,True,67.8,11.77,45.89,363,2386.6,True,True,True,True,True,True,68.6,JNUEE,2500
Kashmir University,Srinagar,Jammu & Kashmir,Government,1948,,A,16,1306,0.6,9720,29667,False,55.7,3.96,8.3,258,1753.8,False,True,False,True,False,False,12.0,CUET,800
Government Model College Patna,Patna,Bihar,Government,1852,438,B++,88,687,6.9,23147,135180,True,43.1,5.03,26.37,503,1732.4,False,True,False,True,True,False,42.6,NATA,4710
Kalam Academy of Fashion Design Madurai,Madurai,Tamil Nadu,deemed,1988,,B+,159,1027,5.2,295958,94834,False,30.9,3.44,7.85,417,2005.3,True,False,True,True,True,False,37.3,CLAT,5314
Modern Institute of Hotel Management Mapusa,Mapusa,Goa,Private,1932,,B++,182,1010,5.9,397902,48192,True,35.9,,,331,1665.0,True,True,True,True,True,True,52.1,State Level,5936
Lucknow University,Lucknow,Uttar Pradesh,Government,1920,183,A+,178,1097,2.3,57904,57563,True,82.7,5.98,41.33,145,,True,False,False,True,False,False,4.1,Own Entrance,2500
Phagwara Autonomous College of Hotel Management,Phagwara,Punjab,Autonomous,1922,203,A++,239,1116,5.3,172301,173026,False,61.3,7.23,24.43,377,1065.9,True,True,False,False,False,True,51.8,VITEEE,5963
Autonomous College of Physical Education Agartala,Agartala,Tripura,Autonomous,1979,,B+,7,1389,4.6,89656,71802,True,33.8,3.59,7.64,279,2209.1,False,True,False,False,False,False,49.8,SRMJEEE,6353
Gujarat University,Ahmedabad,Gujarat,Government,1949,59,A+,245,1292,1.5,20482,179365,True,81.9,8.8,31.37,595,1485.3,True,True,False,True,True,True,45.1,Own Entrance,2000
Agartala Science Autonomous College,Agartala,Tripura,Autonomous,1931,435,B,221,796,9.2,88429,151606,True,40.3,4.06,10.75,441,902.6,True,False,False,True,False,True,12.0,SRMJEEE,7314
Modern Institute of Architecture Gwalior,Gwalior,M.P.,Private,1868,187,B++,162,842,3.8,489305,140624,True,57.0,11.52,43.05,208,1573.1,True,True,True,True,True,True,64.6,JEE Main,3160
Galgotias College of Pharmacy and Research Roorkee,Roorkee,Uttarakhand,Private,1945,,A+,164,337,2.1,724366,68665,True,60.9,5.88,31.21,45,1771.8,True,True,True,True,True,True,83.4,AP EAMCET,697
Patel Institute of Commerce Imphal,Imphal,Manipur,Private,2022,,A+,186,1130,5.2,525888,67512,True,58.0,6.41,17.29,532,,True,True,True,True,True,True,33.6,JEE Advanced,5856
Government College of Architecture Dharamsala,Dharamsala,Himachal Pradesh,Government,1890,23,B++,8,886,1.6,254735,70327,True,98.9,29.95,171.21,21,267.2,False,True,True,True,False,True,28.1,CUET,1382
Deemed Institute of Applied Sciences Srinagar,Srinagar,Jammu & Kashmir,Deemed,1890,,A,146,481,6.9,140118,96070,True,49.0,5.64,20.63,264,2350.2,True,True,True,True,False,True,4.0,COMEDK,3300
Modern Institute of Technology Chandigarh,Chandigarh,Chandigarh,Private,1944,,B+,26,1409,3.2,198018,97026,True,31.3,5.03,28.4,491,944.4,True,True,False,True,True,True,35.5,TNEA,4512
Cochin University of Science and Technology,Kochi,Kerala,Government,1971,192,A+,211,335,3.6,85507,144130,True,70.5,7.25,45.59,484,2287.0,True,True,True,True,True,True,48.2,CUSAT CAT,1200
Modern Institute of Dental Sciences Dimapur,Dimapur,Nagaland,Private,1968,269,B,68,,,304441,47109,False,56.2,3.0,17.67,31,1183.0,True,True,True,True,True,False,78.4,NEET UG,537
Kharagpur Government Commerce College,Kharagpur,West Bengal,Government,1894,80,B+,20,387,9.6,42849,109443,True,66.2,11.02,48.67,599,1448.4,True,False,True,False,True,False,18.4,MHT CET,3720
Government Journalism College Puri,Puri,Odisha,Government,1911,100,B++,110,1296,3.0,134639,101215,True,92.7,28.19,119.98,107,27.7,False,True,False,False,False,False,11.8,Own Entrance,3904
Government Model College Sambalpur,Sambalpur,Odisha,Government,1930,110,,30,45,45.7,51807,118381,False,66.4,10.45,29.24,250,1339.5,True,True,False,False,True,False,46.9,CUET,2056
Gujarat National Law University,Gandhinagar,Gujarat,Government,2003,,A,163,963,0.1,95412,165467,False,87.3,18.64,54.72,64,2164.1,False,False,False,False,True,True,81.0,CLAT,100
Government Polytechnic Karaikal,Karaikal,Puducherry,Government,2013,81,B++,112,291,0.3,66850,63174,True,94.9,17.04,93.38,475,1450.1,False,False,True,True,True,True,33.0,JEE Advanced,75
Government College of Applied Sciences Anantnag,Anantnag,Jammu & Kashmir,Government,1958,88,B+,102,472,12.8,50376,47247,True,,27.03,69.09,166,684.4,True,False,True,False,False,False,16.7,Own Entrance,6031
Nehru Autonomous Institute Chandigarh,Chandigarh,Chandigarh,Autonomous,2009,320,,231,973,3.5,80897,20254,False,37.3,2.72,9.57,389,67.5,True,False,True,True,False,False,39.2,CAT,3386
Odisha State Computer Science College Bhubaneswar,Bhubaneswar,Odisha,Government,1974,,B++,52,1339,1.5,59170,173799,True,98.8,23.27,135.48,343,344.7,True,True,True,True,True,True,56.2,TS EAMCET,1995
Autonomous College of Ayurveda Kochi,Kochi,Kerala,Autonomous,1939,231,B,179,1181,1.1,97530,51025,True,45.9,5.33,16.92,100,1185.7,True,True,True,True,True,True,60.4,CUET,1321
Bilaspur Institute of Engineering (Deemed),Bilaspur,Chhattisgarh,Deemed,1937,,A,243,323,24.4,167301,31329,True,46.8,2.9,16.89,412,789.0,True,True,True,True,True,True,14.3,CAT,7874
Visvesvaraya National Institute of Technology,Nagpur,Maharashtra,Government,1960,168,A+,226,867,0.9,87102,29619,True,75.5,8.15,29.47,536,,True,False,False,False,True,True,1.1,JEE Main,800
JSS College of Pharmacy,Mysore,Karnataka,Deemed,1980,167,A++,202,1030,0.3,432016,170704,True,,6.38,24.79,259,1894.2,True,True,True,True,False,True,81.7,Own Entrance,300
Ramanujan Institute of Education Patiala,Patiala,Punjab,Private,1970,216,A,111,1460,3.7,329695,38192,True,28.4,4.94,19.11,549,,False,False,True,True,True,True,18.7,TNEA,5418
National Institute of Technology Meghalaya,Shillong,Meghalaya,Government,2010,495,B++,148,761,0.4,38023,162210,True,54.3,3.29,8.48,501,1457.9,True,True,True,True,True,True,80.2,JEE Main,300
Tiruchirappalli Institute of Education (Deemed),Tiruchirappalli,Tamil Nadu,Deemed,1858,238,A+,65,461,3.3,433350,81973,True,70.4,5.63,25.51,182,1185.9,False,True,False,True,True,False,3.0,University Entrance,1507
Autonomous College of Engineering Agartala,Agartala,Tripura,Autonomous,1861,94,A++,245,916,6.1,418118,147018,True,78.8,13.35,32.13,497,2467.2,True,True,True,True,True,True,73.0,TNEA,5613
Government College of Pharmacy Dimapur,Dimapur,Nagaland,Government,1858,82,B++,88,1166,5.4,49093,35955,True,68.6,8.5,47.96,121,1747.8,True,True,True,True,True,False,19.4,AP EAMCET,6255
Autonomous College of Ayurveda Aizawl,Aizawl,Mizoram,Autonomous,2010,73,A+,96,1157,6.5,442853,108292,False,89.4,13.4,38.48,364,1900.4,True,True,True,False,True,False,21.5,Own Entrance,7513
Kharagpur Institute of Architecture (Deemed),Kharagpur,West Bengal,Deemed,1889,70,A+,29,95,25.4,611769,80670,True,88.8,18.84,42.93,205,325.3,True,False,True,True,True,True,45.2,CLAT,2413
Bharati Foundation Law College Tezpur,Tezpur,Assam,Private,1882,180,A,236,770,2.5,621050,28898,True,74.1,5.08,25.23,75,206.9,True,True,True,True,True,True,42.0,COMEDK,1894
Solan College of Computer Science,Solan,Himachal Pradesh,Private,1889,,B++,206,1381,4.6,323268,70703,True,66.1,5.91,33.74,663,756.3,False,False,False,True,False,True,1.2,SRMJEEE,6395
Excel Institute of Medical Sciences New Delhi,New Delhi,Delhi,Private,1980,,B++,154,1384,3.3,443476,58835,True,61.4,6.97,16.43,346,1776.4,True,True,True,True,True,True,15.5,University Entrance,4587
Hyderabad College of Pharmacy,Hyderabad,Telangana,Private,2005,335,A,234,1030,7.6,278380,88323,True,42.4,4.15,18.42,145,1871.5,False,True,True,True,False,False,84.7,Own Entrance,7829
Kolhapur Institute of Homeopathy,Kolhapur,Maharashtra,Private,2001,,B,63,391,14.5,927827,124664,True,95.1,23.64,64.67,496,807.3,True,False,True,False,True,False,29.2,WBJEE,5684
Sardar Deemed University Ajmer,Ajmer,Rajasthan,Deemed,1976,,B+,189,1081,4.7,1467302,96170,True,91.3,8.96,24.79,288,2479.7,True,True,False,True,False,True,63.9,UPSEE,5095
Aryabhatta College of Architecture and Research Shillong,Shillong,Meghalaya,Private,2012,71,B,76,220,17.9,509711,43566,True,80.3,7.86,43.49,427,2088.9,False,False,False,False,True,True,30.0,NEET UG,3940
Meera Deemed University Anantnag,Anantnag,Jammu & Kashmir,Deemed,1882,262,A,152,1494,4.7,,53116,True,50.3,3.47,21.35,28,2345.4,True,True,True,True,True,True,5.2,JEE Main,6981
Sri Nehru Institute of Homeopathy Aligarh,Aligarh,Uttar Pradesh,Private,1879,202,,102,928,1.7,384265,20553,True,55.4,9.53,37.45,127,115.2,True,True,True,True,True,True,3.5,JEE Main,1576
Prime College of Social Work Vasco da Gama,Vasco da Gama,Goa,Private,1972,35,B++,50,836,1.6,1399232,120182,True,97.6,11.18,66.69,338,1410.3,True,True,True,False,True,True,17.5,BITSAT,1342
Pilani Pharmacy Autonomous College,Pilani,Rajasthan,autonomous,1923,151,B++,8,533,10.6,111943,81596,True,32.4,4.58,17.2,260,669.9,False,False,True,False,True,False,55.6,WBJEE,5634
Excel Institute of Agriculture Margao,Margao,Goa,Private,1902,155,B++,82,930,4.4,591784,26132,True,67.2,4.0,25.18,12,1047.9,True,False,True,False,False,False,42.6,UPSEE,4067
Autonomous College of Dental Sciences Naharlagun,Naharlagun,Arunachal Pradesh,Autonomous,1897,431,A,61,462,10.7,83521,70982,False,20.1,4.32,23.56,145,1221.5,True,True,True,False,False,False,66.1,AP EAMCET,4941
Prime College of Homeopathy Gandhinagar,Gandhinagar,Gujarat,Private,1920,88,A,187,192,36.9,405045,125004,True,64.9,9.96,23.87,446,127.7,False,True,True,False,True,False,54.8,JEE Advanced,7085
Kakinada College of Management,Kakinada,Andhra Pradesh,Private,1851,358,A,238,346,1.9,311235,95651,True,38.3,3.25,16.06,468,632.2,True,True,True,True,True,True,32.2,AP EAMCET,649
Government College of Management Coimbatore,Coimbatore,Tamil Nadu,Government,1957,375,B,111,1202,3.5,26236,56006,True,55.9,3.08,12.45,29,1617.5,False,False,True,True,False,False,75.4,WBJEE,4182
Sri Jai Prakash Institute of Journalism Aizawl,Aizawl,Mizoram,Private,1976,489,A,165,1437,4.5,378994,103428,True,47.5,2.0,10.44,253,923.0,True,False,False,False,False,True,59.4,JEE Advanced,6536
Government Model College Gandhinagar,Gandhinagar,Gujarat,Government,1855,,A+,155,633,8.7,80370,137808,True,79.3,6.2,20.26,261,1294.3,False,True,False,False,True,False,60.7,NATA,5503
Modern Institute of Ayurveda Jammu,Jammu,Jammu & Kashmir,Private,2003,,A,216,761,2.1,354090,84521,True,36.4,4.52,30.88,685,1707.8,False,False,False,False,True,True,77.4,State Level,1587
Madras Christian College,Chennai,Tamilnadu,Autonomous,1837,,A+,45,929,2.2,176546,28124,True,57.9,6.92,34.85,64,254.9,True,True,True,True,True,True,18.3,Own Entrance,2000
Modern Institute of Veterinary Science Dehradun,Dehradun,Uttarakhand,Private,2018,34,B++,135,1296,0.2,1750818,170026,True,88.0,15.83,109.57,179,1448.2,False,True,True,False,False,False,21.8,NEET UG,238
Kullu Autonomous College of Management,Kullu,Himachal Pradesh,Autonomous,1934,125,B+,208,1225,2.3,157621,156631,True,63.1,7.74,41.95,470,2231.1,False,True,False,False,False,False,83.6,TNEA,2826
Government College of Social Work Chandigarh,Chandigarh,Chandigarh,Government,1853,,B++,182,,,35637,179404,True,81.0,5.91,38.45,457,1773.8,True,False,True,False,True,False,18.4,CAT,3269
Usha Foundation Medical Sciences College Sambalpur,Sambalpur,Odisha,Private,1937,,B+,19,623,2.6,549385,150855,True,73.8,4.62,28.52,233,1895.3,True,True,False,True,True,False,23.1,MHT CET,1624
Banaras Hindu University,Varanasi,Uttar Pradesh,Government,1916,137,A++,139,1019,4.9,23163,56197,True,76.9,10.61,74.17,395,785.8,False,True,True,True,True,True,15.5,UET/PET,5000
Government College of Information Technology Nashik,Nashik,Maharashtra,Government,1966,5,B,85,1024,0.1,166527,147477,True,98.3,29.6,92.04,597,2268.8,True,True,False,False,False,True,51.0,BITSAT,92
Chandra University Puducherry,Puducherry,Puducherry,Private,1966,79,,113,1004,5.7,860278,138350,True,88.2,22.03,112.32,343,2129.0,True,True,True,False,True,True,27.9,COMEDK,5712
Prime College of Commerce Raipur,Raipur,Chhattisgarh,Private,1872,206,,113,1283,4.3,679736,85386,True,75.7,4.98,17.11,254,526.5,True,True,True,True,True,True,72.5,VITEEE,5527
Puri Government Veterinary Science College,Puri,Odisha,Government,1929,,B,57,838,0.3,14996,98856,True,35.1,2.18,10.98,118,141.9,False,True,False,True,True,True,32.6,NEET UG,290
Government College of Arts Kohima,Kohima,Nagaland,Government,1852,,A,121,719,6.8,203685,45714,True,95.3,25.68,111.44,603,2238.0,True,False,False,False,False,False,57.7,MHT CET,4910
Government Education College Haridwar,Haridwar,Uttarakhand,Govt,1920,,B++,140,859,3.6,20551,169736,False,54.5,5.29,31.88,676,844.9,True,True,True,False,True,True,53.6,CAT,3069
Shri Ram College of Engineering and Research Sonipat,Sonipat,Haryana,Private,1973,336,B,165,858,4.0,389001,168920,True,31.3,2.65,12.17,599,2221.7,False,False,False,False,True,True,83.2,BITSAT,3455
Babasaheb University Ramagundam,Ramagundam,Telangana,Private,1998,345,B,14,516,13.4,154868,91890,True,52.7,4.38,14.32,101,2154.9,True,True,True,True,True,True,83.9,CAT,6920
National Institute of Technology Jamshedpur,Jamshedpur,Jharkhand,Government,1960,299,A,123,272,2.4,15379,101461,True,49.3,4.21,10.38,130,1620.0,False,True,False,True,True,True,13.9,JEE Main,650
Kamla Nehru College of Veterinary Science and Research Chennai,Chennai,Tamil Nadu,Private,1862,,A+,199,531,8.8,531651,109723,True,92.3,21.64,135.16,288,1585.8,False,False,True,False,False,True,65.1,VITEEE,4649
Central University of Kerala,Kasaragod,Kerala,Government,2009,,A,47,70,5.7,8413,77091,False,64.1,2.94,12.26,292,1462.6,False,False,False,False,False,True,34.2,CUET,400
State Institute of Veterinary Science Karnal,Karnal,Haryana,Government,1999,185,B+,221,77,44.3,55251,86761,True,71.9,7.1,23.12,389,2490.6,True,True,False,True,True,True,29.3,CLAT,3412
Aizawl Autonomous College of Medical Sciences,Aizawl,Mizoram,Autonomous,1851,59,A,163,58,71.0,214524,169889,False,65.6,3.74,10.29,439,2321.5,False,False,False,False,False,False,78.7,GATE,4120
Acharya Autonomous Institute Gwalior,Gwalior,Madhya Pradesh,Autonomous,1991,52,A+,226,1094,5.6,117865,133094,True,70.5,8.0,18.92,552,2296.7,True,True,True,True,True,True,77.0,VITEEE,6145
Subhas College of Pharmacy and Research Delhi,Delhi,Delhi,Private,1880,,A,234,1113,1.5,723019,140408,True,70.4,9.11,18.78,243,1854.0,True,True,False,True,True,True,31.5,State Level,1673
Nagaland University,Zunheboto,Nagaland,Government,1994,315,B++,162,1189,0.2,36517,166616,True,36.9,3.58,17.39,546,617.1,True,True,True,True,True,True,7.0,CUET,200
Government Polytechnic Pantnagar,Pantnagar,Uttarakhand,Government,2010,237,B+,191,,,10194,131763,True,,4.59,25.07,110,1235.5,True,True,True,True,False,True,28.0,MHT CET,3990
Alappuzha Government Applied Sciences College,Alappuzha,Kerala,Government,1992,416,B,44,81,97.6,42612,38192,False,38.7,5.25,18.97,474,,False,False,False,True,False,True,2.5,CLAT,7906
Chandigarh University,Mohali,Punjab,Private,2012,65,A+,146,209,19.1,,132314,False,78.6,9.84,41.66,439,1463.4,False,False,True,False,False,False,35.5,CUCET,4000
Bose Autonomous Institute Dehradun,Dehradun,Uttarakhand,Autonomous,2023,,A+,125,1074,4.0,211743,78675,False,71.5,5.97,38.14,527,2056.5,False,False,False,False,True,False,79.1,KCET,4259
Jammu & Kashmir State Management College Baramulla,Baramulla,Jammu & Kashmir,Government,1959,239,B++,81,612,0.9,91489,152760,True,74.6,12.54,58.87,181,347.3,True,False,True,True,True,True,60.3,TS EAMCET,538
Mahatma Gandhi College of Social Work and Research Shillong,Shillong,Meghalaya,Private,2007,375,B,116,1332,0.4,306889,141555,True,30.1,4.52,18.27,199,1337.4,True,False,False,True,True,True,76.5,WBJEE,531
Rajendra Prasad Academy of Law Karnal,Karnal,Haryana,Deemed,1987,2,B,49,1260,2.4,940892,103657,True,91.0,13.06,73.18,554,674.3,False,False,False,True,True,False,39.9,JEE Advanced,2976
Deemed Institute of Commerce Nainital,Nainital,Uttarakhand,Deemed,1921,114,A,248,716,5.7,238714,95990,True,59.3,4.24,28.16,384,679.7,True,True,True,True,False,False,64.9,KCET,4076
IIT Bombay IDC School of Design,Mumbai,Maharashtra,Government,1969,24,A++,191,897,0.1,207045,156804,False,91.9,22.94,115.74,575,1917.5,False,False,False,True,False,True,11.4,CEED,100
Academy of Agriculture Margao,Margao,Goa,Deemed,2021,,A,237,435,12.1,1495477,102602,False,94.9,17.16,90.43,183,1613.1,True,True,True,True,True,True,58.1,MHT CET,5279
Bhagat Singh Deemed University Namchi,Namchi,Sikkim,Deemed,1910,,B+,111,1242,2.5,445023,59497,False,53.1,4.48,24.72,269,910.9,True,True,True,False,True,True,44.8,NATA,3162
Government Polytechnic Delhi,Delhi,Delhi,Government,1907,,B+,158,404,3.2,28574,174076,False,87.3,11.17,61.12,335,1838.6,False,False,True,False,False,False,76.4,Own Entrance,1297
Sri Ramanujan Institute of Technology Surat,Surat,Gujarat,Private,1870,403,A,104,202,4.0,148017,21006,True,39.3,4.4,13.42,338,1564.4,True,True,True,True,True,True,17.2,CLAT,811
Sri Gandhi Institute of Dental Sciences Kullu,Kullu,Himachal Pradesh,Private,1987,174,B++,116,431,2.7,375361,114866,False,52.6,3.7,18.31,502,1412.3,True,False,True,False,False,False,71.4,KCET,1185
Deemed Institute of Fashion Design Puducherry,Puducherry,Puducherry,Deemed,1893,51,B++,124,522,9.2,618649,24144,True,89.3,11.73,46.34,182,292.3,True,False,True,True,True,False,16.0,WBJEE,4787
State Institute of Nursing Bokaro,Bokaro,Jharkhand,Government,1990,108,B++,81,519,6.1,65344,97510,True,73.9,,,464,1107.8,False,False,True,False,False,True,63.5,TS EAMCET,3147
District Science College Itanagar,Itanagar,Arunachal Pradesh,Government,1936,188,A+,240,1309,0.3,,67429,True,74.7,13.64,84.49,525,1297.1,True,True,True,True,True,True,53.0,COMEDK,448
Excel Institute of Hotel Management Jamshedpur,Jamshedpur,Jharkhand,Private,1915,440,B,74,1425,2.9,146926,89970,True,51.6,2.69,17.18,657,1715.6,True,False,False,False,True,True,24.6,NATA,4154
Excel Institute of Dental Sciences Nanded,Nanded,Maharashtra,Private,1929,330,B++,174,644,2.4,215440,116462,True,56.6,3.15,17.2,383,1491.5,True,True,False,False,True,True,16.2,CAT,1518
Guru Gobind Singh Academy of Physical Education Itanagar,Itanagar,Arunachal Pradesh,Deemed,1956,188,B++,225,1205,4.2,259983,106985,True,44.2,4.82,19.46,606,125.0,True,True,True,True,True,True,31.2,GATE,5067
Chandra Deemed University Agartala,Agartala,Tripura,Deemed,1905,123,A++,196,1479,2.1,424035,87640,True,75.0,4.52,28.22,125,1550.8,True,True,True,True,True,True,73.7,GATE,3041
Government Polytechnic Siliguri,Siliguri,West Bengal,Government,1914,78,,159,435,1.8,37554,147209,False,68.1,13.05,48.73,375,714.2,False,True,True,True,False,True,9.2,VITEEE,798
Tagore Academy of Ayurveda Aizawl,Aizawl,Mizoram,Deemed,2022,,B++,83,486,5.7,254586,164746,True,27.2,,,49,1223.0,True,True,False,False,False,True,81.2,VITEEE,2762
Government Model College Bhubaneswar,Bhubaneswar,Odisha,Government,1868,,B+,104,1394,1.6,215662,133465,True,94.6,23.06,138.82,203,2046.8,False,False,True,False,True,False,71.0,VITEEE,2163
Global Academy of Fashion Design Kalyani,Kalyani,West Bengal,Private,1988,,A,117,67,79.0,1570708,91793,True,91.7,20.51,58.65,170,1178.1,True,False,True,False,True,True,13.7,SRMJEEE,5291
Autonomous College of Medical Sciences Vijayawada,Vijayawada,Andhra Pradesh,Autonomous,1919,94,A+,113,986,7.8,169582,105735,True,,4.6,27.64,539,1044.3,False,False,True,False,True,True,72.0,CUET,7660
District Social Work College Namchi,Namchi,Sikkim,Government,1924,,A,151,1022,3.4,11525,58912,True,37.6,3.15,7.07,282,622.1,False,False,False,False,True,True,70.8,CUET,3425
Meghalaya State Pharmacy College Tura,Tura,Meghalaya,Government,1977,,A,117,1232,4.8,12633,67306,False,61.3,4.41,27.52,12,468.6,False,False,False,False,True,False,15.6,Own Entrance,5921
Tamil Nadu State Law College Vellore,Vellore,Tamil Nadu,Government,1921,70,B+,66,304,17.5,33749,93321,True,72.9,14.21,36.13,84,715.3,False,True,True,True,False,False,58.4,NEET UG,5309
Government Model College Bardhaman,Bardhaman,West Bengal,Government,1977,39,A+,152,,,115954,61289,True,96.3,25.05,149.95,125,1185.8,True,False,False,False,True,False,57.0,GATE,6829
Ramagundam Institute of Medical Sciences (Deemed),Ramagundam,Telangana,Deemed,1895,294,,126,1428,4.2,158407,61731,True,54.7,4.19,15.45,366,1894.8,False,True,True,False,True,False,33.8,VITEEE,6018
Guru Gobind Singh College of Fashion Design and Research Karaikal,Karaikal,Puducherry,Private,1869,163,B+,147,512,0.5,705258,34107,True,66.4,6.89,19.36,516,696.3,True,True,True,True,True,True,15.0,CAT,270
Sharda University,Greater Noida,Uttar Pradesh,Private,2009,,A+,100,1366,1.8,609985,163058,True,63.0,9.07,31.66,21,1384.7,False,False,False,False,False,True,47.6,Own Entrance,2500
Bhubaneswar Institute of Education,Bhubaneswar,Odisha,Private,1999,21,A+,94,846,7.5,1502709,79576,True,82.0,25.3,106.07,430,1229.2,True,False,True,True,True,False,16.6,JEE Advanced,6382
Government Polytechnic Durgapur,Durgapur,West Bengal,Government,1870,9,A+,136,1391,4.1,54929,146944,True,,12.98,32.96,617,150.0,True,True,False,False,True,True,11.0,TS EAMCET,5719
Deemed Institute of Journalism Delhi,Delhi,Delhi,Deemed,2001,356,B++,146,855,9.0,132305,139564,True,44.0,4.33,22.27,546,706.3,True,True,True,True,True,True,2.2,CUET,7719
NMIMS Mumbai,Mumbai,Maharashtra,Deemed,1981,,A++,204,318,4.7,984199,103376,True,84.1,11.27,75.71,608,274.2,True,True,True,True,True,True,9.9,NMAT,1500
Mumbai College of Information Technology,Mumbai,Maharashtra,Private,1911,158,,44,131,51.3,385658,122214,True,77.3,6.97,43.14,155,1497.7,True,True,True,True,True,True,53.2,University Entrance,6725
Kerala State Physical Education College Kollam,Kollam,Kerala,Government,1992,437,B,238,290,10.0,41957,171630,True,48.1,4.84,11.94,112,1997.9,False,False,False,False,True,False,51.5,SRMJEEE,2899
Imphal Autonomous College of Pharmacy,Imphal,Manipur,Autonomous,1873,84,B+,167,679,8.1,93250,129534,True,66.9,6.87,34.71,318,309.7,True,False,True,False,False,False,1.7,MHT CET,5529
Rani Deemed University Chandigarh,Chandigarh,Chandigarh,Deemed,1935,181,,206,464,0.7,373295,90723,True,69.5,7.48,36.47,92,1551.9,True,True,True,False,True,True,29.2,SRMJEEE,327
Indian Institute of Science,Bangalore,Karnataka,Government,1909,,A++,211,1026,0.4,62953,159159,False,76.5,7.73,21.82,312,1866.9,False,False,True,False,True,False,29.5,KVPY/JEE,400
Government College of Science Jammu,Jammu,Jammu & Kashmir,Government,1986,9,A++,89,416,7.4,129295,162036,False,89.5,32.51,112.7,346,995.3,True,True,True,True,True,True,24.1,GATE,3098
Jorhat College of Information Technology,Jorhat,Assam,Private,1958,234,B,30,753,7.5,243397,176541,True,54.4,3.6,21.66,215,1284.7,True,False,True,True,True,True,22.9,VITEEE,5665
Radhakrishnan Foundation Dental Sciences College Jamshedpur,Jamshedpur,Jharkhand,Private,1885,259,B++,144,718,4.1,142399,91514,True,25.8,3.34,20.58,18,2070.1,True,False,False,True,False,False,79.1,BITSAT,2921
State Institute of Ayurveda Itanagar,Itanagar,Arunachal Pradesh,Government,2019,,B,191,1355,3.3,19615,78511,True,46.8,5.12,33.37,154,2177.6,True,True,False,True,True,False,18.6,University Entrance,4501
Government College of Education Hamirpur,Hamirpur,Himachal Pradesh,Government,1892,101,B+,21,837,7.4,15128,21707,True,80.4,,,66,293.7,False,True,False,False,True,True,83.3,VITEEE,6223
Ambala Fashion Design Autonomous College,Ambala,Haryana,Autonomous,1993,,,79,899,3.6,324391,33893,True,90.5,14.6,33.57,38,888.3,True,True,True,True,True,True,8.4,JEE Advanced,3206
District Veterinary Science College Hisar,Hisar,Haryana,Government,1960,,A+,50,1341,1.3,277546,26014,False,98.3,27.72,92.84,95,356.1,True,True,True,True,True,True,24.0,VITEEE,1808
Amrita Foundation Homeopathy College Alappuzha,Alappuzha,Kerala,Private,1875,158,B+,238,325,4.9,674554,81534,True,68.0,10.87,30.51,433,500.6,False,True,False,False,False,False,65.0,TNEA,1583
National Institute of Technology Surathkal,Mangalore,Karnataka,Government,1960,160,A+,170,1076,0.8,89177,30766,False,73.0,9.28,35.75,359,33.6,False,False,True,True,False,False,36.3,JEE Main,900
Rajendra Prasad University Aizawl,Aizawl,Mizoram,Private,1942,,B,209,1396,4.2,523141,25524,False,72.4,11.24,24.44,65,1727.3,True,True,False,True,True,False,67.3,VITEEE,5922
Autonomous College of Education Tura,Tura,Meghalaya,Autonomous,1952,158,B,161,744,1.9,60123,119045,True,49.3,7.67,19.82,621,1091.6,True,True,True,False,False,True,41.1,WBJEE,1410
Chanakya Autonomous Institute Delhi,Delhi,Delhi,Autonomous,1960,363,B++,43,149,21.4,42104,121249,True,,3.32,20.21,158,1827.1,True,True,False,False,True,False,7.7,NEET UG,3196
Tilak Autonomous Institute Aizawl,Aizawl,Mizoram,Autonomous,1914,211,A++,237,609,1.4,88841,31016,True,71.5,4.44,22.29,217,1802.5,True,True,False,False,True,True,36.1,TS EAMCET,823
Excel Institute of Pharmacy Rewa,Rewa,Madhya Pradesh,Private,1933,,A+,232,259,4.9,1392576,32747,True,80.7,22.7,106.63,199,2294.8,True,True,False,False,False,False,21.5,NATA,1276
Aurobindo Academy of Architecture Rajahmundry,Rajahmundry,Andhra Pradesh,Deemed,1953,313,B+,97,384,0.5,213146,89763,False,36.9,2.5,12.31,322,2310.1,True,True,True,True,True,True,73.4,CLAT,207
Guru Gobind Singh Academy of Hotel Management Margao,Margao,Goa,Deemed,2019,86,,154,1294,2.8,941258,167682,False,84.3,16.72,87.82,540,2341.5,True,True,True,True,True,False,59.4,CAT,3561
Government Veterinary Science College Puducherry,Puducherry,Puducherry,Government,1995,,A,84,701,0.2,206576,47886,True,91.0,20.18,107.56,357,2357.0,False,True,False,False,False,False,79.6,NEET UG,112
MICA Ahmedabad,Ahmedabad,Gujarat,Private,1991,201,A+,50,395,0.5,258624,77517,True,70.5,11.86,46.75,252,1482.1,False,False,False,False,False,False,68.7,MICAT,200
Government College of Physical Education Raipur,Raipur,Chhattisgarh,Government,1927,487,B,107,821,6.3,9311,46693,True,53.7,,,108,1544.0,True,True,True,False,True,True,35.5,Own Entrance,5189
Government Model College Thrissur,Thrissur,Kerala,Government,1892,18,A+,206,299,20.6,104522,133401,False,98.2,24.03,165.83,463,2323.8,False,False,True,True,True,True,63.9,GATE,6169
St Johns Medical College,Bangalore,Karnataka,Private,1963,85,A+,236,1185,0.1,603951,23235,True,62.9,7.1,17.21,258,1430.8,False,True,True,True,False,False,15.2,NEET UG,150
Alappuzha Social Work Autonomous College,Alappuzha,Kerala,Autonomous,1986,158,B,60,469,13.7,92714,72508,True,29.7,4.21,11.18,166,355.8,True,True,True,True,False,True,14.6,MHT CET,6444
Thapar Institute of Engineering,Patiala,Punjab,Private,1956,234,A+,212,1319,1.1,337414,176564,True,65.2,5.3,32.63,179,1803.5,False,False,False,True,True,True,4.7,JEE Main,1500
Government College of Technology Bathinda,Bathinda,Punjab,Government,1944,228,A,71,299,25.6,55845,40403,False,78.5,12.49,73.37,226,1045.6,True,False,False,False,False,True,34.0,TS EAMCET,7663
Jai Prakash Autonomous Institute Naharlagun,Naharlagun,Arunachal Pradesh,Autonomous,1896,,B++,229,1160,6.7,133068,177975,False,20.8,4.52,25.72,569,251.2,True,True,True,False,True,False,79.0,CUET,7724
Government Model College Amravati,Amravati,Maharashtra,Government,1946,362,B++,139,679,2.1,28068,39910,True,56.7,2.42,4.86,447,201.3,True,True,True,True,True,True,33.1,CAT,1393
Prime College of Science Hubli,Hubli,Karnataka,Private,1964,120,B++,194,524,0.3,603155,133132,True,55.6,6.69,33.17,76,1460.6,False,True,False,False,False,True,24.4,Own Entrance,175
Sri Nehru Institute of Arts Vasco da Gama,Vasco da Gama,Goa,Private,1868,230,A,22,1170,1.3,391036,78546,True,55.9,9.29,58.21,621,1673.2,True,True,True,True,False,True,19.3,TS EAMCET,1561
Autonomous College of Fashion Design Hubli,Hubli,Karnataka,Autonomous,1925,221,,194,1319,4.2,67052,36529,False,,2.8,11.88,613,92.8,False,False,False,False,False,False,58.4,CLAT,5481
Anand College of Physical Education,Anand,Gujarat,Private,1930,,A,169,779,5.1,668014,162447,False,77.4,11.95,81.13,349,1837.0,True,True,True,True,True,True,17.2,CLAT,4005
Institute of Hotel Management Mumbai,Mumbai,Maharashtra,Government,1970,93,A+,68,509,0.5,49400,60704,True,66.9,14.32,56.55,300,1109.0,True,False,False,False,False,False,11.6,NCHM JEE,250
Radhakrishnan Deemed University Ahmedabad,Ahmedabad,Gujarat,Deemed,1945,200,B++,178,1423,3.0,469605,177023,False,52.4,7.51,34.33,162,296.2,True,False,False,True,True,False,73.2,University Entrance,4214
Sapru Academy of Law Bhavnagar,Bhavnagar,Gujarat,Deemed,1876,166,,11,697,3.2,95093,56305,True,53.6,5.82,20.08,683,146.4,True,False,False,True,True,True,29.7,CAT,2211
Deemed Institute of Nursing Kurukshetra,Kurukshetra,Haryana,Deemed,1942,168,A,131,1145,4.7,489908,24474,True,57.8,9.47,44.71,379,98.7,True,False,False,False,False,True,74.5,State Level,5381
Nehru Autonomous Institute Kannur,Kannur,Kerala,Autonomous,1935,176,A,80,437,8.4,146935,45641,True,46.5,5.3,35.19,203,1007.9,True,True,True,False,True,True,50.9,JEE Advanced,3675
Government Medical Sciences College Berhampur,Berhampur,Odisha,Government,1904,268,,138,1177,4.3,40732,46705,True,30.2,4.28,26.19,139,434.9,True,True,True,True,True,False,57.5,SRMJEEE,5094
Autonomous College of Law Aizawl,Aizawl,Mizoram,Autonomous,1881,99,B,154,642,8.2,249836,120873,False,61.1,5.68,31.42,164,2439.1,False,False,False,False,True,False,25.3,UPSEE,5258
Academy of Law Patna,Patna,Bihar,Deemed,1942,,B++,66,491,9.5,297512,57485,True,45.7,4.07,14.1,699,1232.2,True,False,True,False,True,True,80.9,UPSEE,4666
Aizawl Autonomous College of Technology,Aizawl,Mizoram,Autonomous,1868,444,A,212,454,1.6,98491,43936,True,45.5,3.25,17.68,194,2429.7,True,False,False,True,True,False,31.7,CLAT,741
State Institute of Homeopathy Dimapur,Dimapur,Nagaland,Government,1983,,B++,142,928,7.0,14807,110570,True,47.9,5.84,17.82,114,2277.8,True,False,False,False,True,True,32.8,UPSEE,6539
Government Veterinary Science College Hamirpur,Hamirpur,Himachal Pradesh,Government,1985,482,B++,230,215,15.9,46060,60255,False,58.1,3.46,7.66,375,2424.7,True,True,True,True,True,True,61.7,WBJEE,3408
Global Academy of Social Work Imphal,Imphal,Manipur,Private,1912,170,A,118,278,11.8,707879,143346,True,60.5,7.22,25.11,569,837.9,True,False,True,False,False,False,84.1,COMEDK,3278
Sri Bhagat Singh Institute of Science Haridwar,Haridwar,Uttarakhand,Private,1932,157,A+,129,1180,5.8,232039,30726,True,67.8,6.74,26.53,144,2346.5,False,True,False,False,True,True,5.8,TNEA,6870
Autonomous College of Journalism Nainital,Nainital,Uttarakhand,Autonomous,1880,362,B+,63,1219,4.2,,65668,False,31.6,2.38,15.65,671,954.3,True,False,True,False,False,True,22.2,SRMJEEE,5123
Government College of Pharmacy Margao,Margao,Goa,Government,1911,267,A,128,1469,0.8,32692,171948,True,,3.02,15.85,680,,False,False,False,False,False,True,42.7,CAT,1204
Sri Kalam Institute of Commerce Bellary,Bellary,Karnataka,Private,1858,167,A+,70,1292,2.5,591286,138150,True,72.4,11.93,34.98,211,500.3,False,False,False,False,False,False,9.4,GATE,3177
Shivaji Foundation Science College Imphal,Imphal,Manipur,Private,2017,92,,76,507,12.5,1803293,94172,True,80.4,,,427,258.2,True,True,True,True,True,True,62.0,WBJEE,6339
Government Model College Silchar,Silchar,Assam,Government,1993,218,B+,224,824,5.8,99818,24506,True,73.3,14.3,35.4,226,599.4,False,False,True,False,True,False,57.8,CUET,4777
State Institute of Engineering Jaipur,Jaipur,Rajasthan,Government,1899,,A++,221,1382,3.2,67074,157335,False,81.9,11.3,67.01,652,388.2,True,True,True,True,False,False,77.3,BITSAT,4467
FLAME University,Pune,Maharashtra,Private,2015,,A,132,366,1.4,183728,105835,False,55.8,4.52,13.33,537,1168.1,True,False,True,False,True,True,74.8,FLAME Entrance,500
Autonomous College of Agriculture Nainital,Nainital,Uttarakhand,Autonomous,1874,43,B+,231,363,12.1,314029,178899,False,88.5,10.18,36.54,137,265.3,False,True,False,False,False,True,59.5,CAT,4400
Ramagundam Government Nursing College,Ramagundam,Telangana,Government,1975,92,A+,20,183,19.5,195603,59903,True,96.3,34.24,78.65,60,362.9,False,True,False,True,True,False,27.6,BITSAT,3570
Government Polytechnic Dibrugarh,Dibrugarh,Assam,Government,1931,,A+,125,169,1.9,52899,91722,False,65.6,10.67,42.79,505,2241.6,True,False,True,True,True,True,79.2,State Level,318
Government Model College Agartala,Agartala,Tripura,Government,1852,280,B+,128,750,7.3,46367,179030,True,59.9,2.47,9.17,638,,True,False,False,False,True,True,1.4,CLAT,5463
Indian Institute of Management Indore,Indore,Madhya Pradesh,Government,1996,143,A++,97,64,8.6,65578,49555,False,70.5,11.38,26.8,334,331.7,True,True,True,True,False,True,73.3,CAT,550
Indian Institute of Technology Bhilai,Bhilai,Chhattisgarh,Government,2016,367,,172,342,0.8,42727,70970,True,55.1,3.54,14.15,15,2231.9,True,False,True,False,False,False,73.3,JEE Advanced,260
Goa State Veterinary Science College Mapusa,Mapusa,Goa,Government,1977,,B+,17,372,5.1,60537,156460,False,67.7,9.09,25.6,93,1571.2,True,True,True,True,True,True,29.1,NATA,1886
Ujjain College of Management,Ujjain,Madhya Pradesh,Private,1854,410,B++,186,1116,3.9,130900,22996,True,37.8,3.38,6.98,516,2468.0,True,False,False,False,True,False,83.3,KCET,4361
Bhavnagar Government Social Work College,Bhavnagar,Gujarat,Government,1870,29,A+,149,1164,1.8,126948,164757,True,96.5,14.39,58.63,146,2183.0,False,False,True,False,True,False,33.3,NEET UG,2092
Bhubaneswar Institute of Information Technology (Deemed),Bhubaneswar,Odisha,Deemed,1965,,,35,560,13.6,160420,148799,True,51.0,4.96,24.42,636,2457.3,True,True,True,True,False,True,82.8,CAT,7604
Mahatma Gandhi Deemed University Kharagpur,Kharagpur,West Bengal,Deemed,1931,,B++,73,722,4.4,565529,96177,False,74.6,4.14,21.98,20,71.7,True,True,True,True,True,True,28.3,NEET UG,3209
Raman Autonomous Institute Baramulla,Baramulla,J&K,Autonomous,1901,16,B++,193,1050,1.2,124445,141451,True,90.1,9.21,34.06,141,636.7,False,True,False,True,False,True,17.1,CLAT,1254
Sri Usha Institute of Technology Vellore,Vellore,Tamil Nadu,private,1942,205,B++,84,1426,1.6,201227,127406,False,47.9,2.57,8.67,482,153.8,True,True,False,True,True,True,15.5,BITSAT,2265
Autonomous College of Nursing Kalyani,Kalyani,West Bengal,Autonomous,1981,9,A,86,260,20.8,457592,73520,True,79.6,6.26,34.23,369,84.0,True,False,False,True,True,True,69.3,CLAT,5412
Kolkata Autonomous College of Education,Kolkata,West Bengal,Autonomous,1903,287,B,162,429,0.5,82284,88079,True,47.6,2.6,18.14,181,105.5,False,False,False,False,True,False,26.0,UPSEE,230
Global Academy of Management Bhavnagar,Bhavnagar,Gujarat,Private,1864,,B++,192,803,8.5,261043,94706,True,61.1,,,463,1493.6,True,True,False,False,False,False,39.1,VITEEE,6834
Government College of Dental Sciences Aligarh,Aligarh,Uttar Pradesh,Government,1922,80,B++,36,660,11.9,79599,48172,True,78.8,5.32,20.48,271,954.8,True,True,True,True,True,False,46.2,Own Entrance,7878
Academy of Social Work Chandigarh,Chandigarh,Chandigarh,Deemed,1960,203,A,156,1263,4.9,320674,99580,True,53.4,7.13,48.97,110,355.1,True,True,True,True,False,False,79.9,NATA,6198
District Fine Arts College Bhopal,Bhopal,Madhya Pradesh,Government,1981,31,A+,17,265,8.0,261206,111048,True,87.0,22.36,67.9,79,1647.4,True,True,True,True,True,True,69.9,CAT,2121
Chandigarh Law Autonomous College,Chandigarh,Chandigarh,Autonomous,1865,,A+,179,709,4.6,224510,29993,True,76.8,17.6,37.91,286,2175.7,True,True,True,True,True,True,44.7,State Level,3240
Academy of Education Howrah,Howrah,West Bengal,Deemed,1987,72,A,154,847,4.5,,174022,True,86.1,12.12,52.01,193,425.5,True,True,True,True,True,True,36.8,CLAT,3776
Global Academy of Engineering Sambalpur,Sambalpur,Odisha,Private,1962,4,B++,73,1217,3.7,700735,78545,True,94.3,18.91,101.28,415,424.3,True,False,True,True,True,True,71.8,NATA,4514
Bose Deemed University Gaya,Gaya,Bihar,Deemed,1943,93,A+,127,184,30.0,391820,76223,True,75.5,18.86,118.72,14,969.0,False,False,True,True,False,False,79.1,NEET UG,5520
Aryabhatta Autonomous Institute Jammu,Jammu,Jammu & Kashmir,Autonomous,1953,,,143,1472,2.7,163433,143324,True,46.8,3.51,21.87,132,2353.7,True,True,True,True,True,True,51.4,SRMJEEE,3913
Kamla Nehru Deemed University Haldwani,Haldwani,Uttarakhand,Deemed,1987,,B++,208,754,9.7,534295,110127,True,58.7,5.32,36.29,437,2177.3,False,True,False,False,False,False,39.0,VITEEE,7316
Autonomous College of Ayurveda Vellore,Vellore,Tamil Nadu,Autonomous,1961,162,A+,52,229,2.4,,110495,True,63.2,8.29,29.66,356,643.0,True,True,True,True,True,True,74.5,JEE Main,560
Mapusa Government Information Technology College,Mapusa,Goa,Government,1888,379,B++,31,876,4.7,37443,33718,True,41.0,3.63,7.48,440,2101.2,False,False,False,True,False,False,27.0,CUET,4101
Government Polytechnic Thane,Thane,Maharashtra,Government,1992,,A++,164,467,1.1,68621,127630,False,72.6,14.55,34.72,264,2379.2,False,False,False,True,True,True,32.8,JEE Advanced,529
District Homeopathy College Gandhinagar,Gandhinagar,Gujarat,Government,1854,151,B+,106,624,11.9,65672,92115,True,78.2,6.18,42.62,211,1481.2,False,False,True,True,False,True,26.0,COMEDK,7401
Sri Rani Institute of Veterinary Science Kannur,Kannur,Kerala,Private,2001,300,B+,48,1188,5.8,245461,161658,True,37.8,3.93,22.57,366,2009.5,False,True,True,False,False,False,29.3,VITEEE,6834
Prime College of Applied Sciences Imphal,Imphal,Manipur,Private,2002,262,B+,106,812,3.3,341477,113320,True,38.8,3.33,13.69,461,2011.4,True,True,False,True,False,True,82.0,BITSAT,2644
Government Applied Sciences College Sambalpur,Sambalpur,Odisha,Government,1936,53,A+,99,782,4.3,28061,117165,True,85.0,6.03,30.83,264,394.4,False,True,True,False,True,True,79.5,VITEEE,3381
Guru Gobind Singh Institute of Fine Arts Kolkata,Kolkata,West Bengal,Private,1880,243,A+,220,961,1.4,569970,53116,True,61.4,9.64,66.01,13,2078.7,False,True,True,True,False,True,49.3,COMEDK,1327
District Nursing College Nizamabad,Nizamabad,Telangana,Government,1972,184,A,92,885,6.7,28537,148683,False,80.2,7.02,38.01,593,180.8,True,True,False,True,False,False,83.8,COMEDK,5905
District Commerce College Alappuzha,Alappuzha,Kerala,Government,1953,146,A+,240,1379,0.2,16047,144888,False,65.5,5.43,18.84,291,279.9,True,False,True,True,False,True,19.7,WBJEE,272
Vellore Institute of Technology,Vellore,Tamil Nadu,Private,1984,57,A++,147,1356,3.7,649956,167053,True,81.3,10.55,53.47,36,1523.3,False,False,False,True,False,False,56.3,VITEEE,5000
Naharlagun Management Autonomous College,Naharlagun,Arunachal Pradesh,Autonomous,1912,,B++,246,100,77.9,,75738,True,30.0,2.22,10.4,642,238.0,True,True,True,True,True,True,66.9,JEE Advanced,7792
Government Agriculture College Anantnag,Anantnag,Jammu & Kashmir,Government,1904,225,B+,210,1032,7.5,46534,152621,True,63.1,,,430,1362.2,False,False,True,False,False,False,82.0,NATA,7734
Amrita Autonomous Institute Ahmedabad,Ahmedabad,Gujarat,Autonomous,1883,87,B+,76,1154,3.0,129385,136228,True,84.0,6.75,16.79,208,1638.5,True,False,True,False,True,True,62.9,NEET UG,3497
Government College of Architecture Dibrugarh,Dibrugarh,Assam,Government,1893,,B++,75,1441,3.9,14280,162826,False,30.7,4.85,33.17,284,77.2,True,False,False,False,True,True,5.4,Own Entrance,5615
Indian Institute of Technology Jodhpur,Jodhpur,Rajasthan,Government,2008,354,A,226,610,0.7,25000,79662,True,37.8,4.64,18.52,81,2417.3,True,True,True,True,False,True,24.4,JEE Advanced,400
Sardar University Namchi,Namchi,Sikkim,Private,1877,162,A,173,360,15.0,257454,128034,False,26.7,2.76,13.13,403,2342.9,True,True,True,True,True,True,37.3,COMEDK,5403
Government Polytechnic Kolhapur,Kolhapur,Maharashtra,Government,1936,75,B,107,1402,2.6,,109935,True,88.0,13.17,88.3,397,1527.8,False,False,False,False,False,False,82.9,Own Entrance,3578
Government Model College Ramagundam,Ramagundam,Telangana,Government,1862,97,A,115,1052,2.0,276897,140321,True,96.0,19.42,41.68,24,202.7,True,False,False,False,False,False,70.9,TNEA,2120
Jammu & Kashmir State Dental Sciences College Srinagar,Srinagar,J&K,Government,1941,436,B,7,75,21.8,25419,61882,True,63.3,2.89,20.17,311,219.8,False,True,False,False,False,False,53.1,State Level,1638
Bangalore Veterinary Science Autonomous College,Bangalore,Karnataka,Autonomous,1921,,B,218,645,1.4,44415,117853,False,49.8,4.67,14.82,522,1802.2,True,True,True,True,False,True,21.8,CUET,902
Delhi Government Education College,Delhi,Delhi,Government,1978,158,A,250,82,1.6,26890,23810,True,33.7,2.79,12.52,204,1627.6,True,True,True,False,True,True,49.0,GATE,128
Indian Institute of Technology Mandi,Mandi,Himachal Pradesh,Government,2009,,A,163,872,0.4,18767,85412,True,53.3,3.41,16.37,168,2314.6,True,False,True,False,False,False,20.9,JEE Advanced,350
Vivekananda University Aizawl,Aizawl,Mizoram,Private,1897,71,B,132,1381,4.1,539762,147114,False,57.2,8.65,36.3,62,113.1,True,True,True,True,True,True,83.7,UPSEE,5711
Global Academy of Pharmacy Dehradun,Dehradun,Uttarakhand,Private,1882,57,A,247,410,9.7,637334,110665,True,95.8,20.36,59.62,77,1394.3,True,False,False,False,False,True,70.4,KCET,3978
Modern Institute of Technology Imphal,Imphal,Manipur,Private,1929,205,,201,671,5.3,713832,136154,True,64.2,11.14,54.1,336,2412.0,False,False,True,False,True,False,17.2,TNEA,3530
Rani University Sonipat,Sonipat,Haryana,Private,1980,189,A,27,1022,4.7,350541,56321,True,77.7,8.2,42.53,46,1372.5,True,False,False,True,True,True,13.0,University Entrance,4761
Academy of Engineering Imphal,Imphal,Manipur,Deemed,1875,157,A,44,41,163.4,273264,164596,True,50.2,5.52,20.75,406,2059.8,True,True,True,False,True,False,51.0,AP EAMCET,6699
Sapru College of Pharmacy and Research Mandi,Mandi,Himachal Pradesh,Private,1891,90,A,213,398,6.8,2293588,78432,True,97.3,,,100,84.6,True,True,False,True,True,True,14.5,WBJEE,2701
Puducherry Law Autonomous College,Puducherry,Puducherry,Autonomous,2007,183,A,226,750,8.9,228069,107161,True,55.8,5.84,40.07,140,1043.7,False,True,True,True,True,True,65.4,TS EAMCET,6701
Autonomous College of Medical Sciences Shimla,Shimla,Himachal Pradesh,Autonomous,2020,261,B++,120,879,1.8,84212,120471,True,41.6,3.61,8.82,698,65.9,True,True,False,False,True,True,58.3,CUET,1547
Ramanujan University Darbhanga,Darbhanga,Bihar,Private,1863,151,B++,5,1374,5.6,474632,74733,False,63.8,11.19,40.12,75,2456.6,True,False,False,False,False,True,8.4,BITSAT,7737
Government College of Arts Naharlagun,Naharlagun,Arunachal Pradesh,Government,1899,,B++,178,1132,3.8,18808,151352,False,52.4,3.42,21.5,609,1563.6,True,True,True,False,False,False,1.4,TS EAMCET,4293
Government Model College Puri,Puri,Odisha,Government,1916,,B++,120,435,2.7,54015,143495,True,82.5,7.83,20.14,289,1647.4,False,True,True,True,True,True,1.5,JEE Main,1158
Chandigarh Institute of Technology (Deemed),Chandigarh,Chandigarh,Deemed,1871,500,B+,249,1307,0.2,223909,112963,True,43.8,4.8,16.23,538,2197.2,True,True,False,True,True,True,37.6,UPSEE,227
Deemed Institute of Management Srinagar,Srinagar,Jammu & Kashmir,Deemed,1963,247,A,243,136,37.4,465674,136088,True,63.3,,,278,1270.5,True,False,True,True,False,True,50.2,UPSEE,5087
Global Academy of Information Technology Phagwara,Phagwara,Punjab,Private,1885,235,A,200,912,4.6,392263,104875,False,56.0,5.07,19.27,403,669.9,True,True,True,True,True,True,82.3,TNEA,4229
Meera University Baramulla,Baramulla,Jammu & Kashmir,Private,1898,157,B+,123,,,244773,112509,False,66.1,11.04,39.99,485,1131.5,False,False,True,False,False,False,12.9,NATA,4870
Imphal Government Arts College,Imphal,Manipur,Government,1850,,B+,144,554,9.1,32679,161259,True,64.5,5.01,16.87,514,1465.5,True,False,True,False,True,False,52.2,TS EAMCET,5032
Arunachal Pradesh State Medical Sciences College Naharlagun,Naharlagun,Arunachal Pradesh,Government,1853,487,A,79,1369,1.9,16033,87687,False,30.9,5.1,27.67,108,1013.0,True,True,True,True,True,True,19.1,KCET,2617
Government Model College New Delhi,New Delhi,Delhi,Government,1916,206,B+,209,1114,1.5,51491,173232,True,68.5,14.21,28.52,82,1263.3,False,True,True,False,True,True,74.7,Own Entrance,1640
Kamla Nehru Autonomous Institute Jorhat,Jorhat,Assam,autonomous,2002,,A,223,665,9.1,149410,68517,True,81.1,14.41,63.17,254,427.2,True,False,True,False,False,False,58.2,KCET,6071
Nizamabad Institute of Nursing (Deemed),Nizamabad,Telangana,Deemed,1896,,A+,246,809,7.3,354440,45885,False,,6.18,22.38,133,131.6,True,True,True,True,True,False,21.1,JEE Main,5903
Chandigarh College of Commerce,Chandigarh,Chandigarh,Private,1974,373,B++,136,,,241968,136706,True,40.1,3.39,12.11,535,1683.6,False,False,False,False,True,True,52.9,TNEA,1501
Chitkara University,Rajpura,Punjab,Private,2010,54,A+,122,1315,1.5,449183,98944,True,58.3,5.91,30.7,74,278.9,True,True,True,True,True,True,77.0,Chitkara UG,2000
Tilak College of Education and Research Indore,Indore,Madhya Pradesh,Private,1898,184,B+,91,665,11.3,359073,174526,False,74.9,8.16,56.94,16,1625.5,True,True,True,True,True,True,1.3,BITSAT,7522
Government Fashion Design College Thrissur,Thrissur,Kerala,Govt,1993,,A+,167,684,1.3,298716,109602,True,97.9,28.04,88.53,128,1113.4,True,False,False,True,False,False,50.3,State Level,908
State Institute of Agriculture Anantnag,Anantnag,Jammu & Kashmir,Government,1987,110,A+,51,695,11.4,93764,122315,True,66.5,9.35,58.17,357,1198.3,False,True,True,True,True,True,41.1,MHT CET,7917
Subhas Foundation Information Technology College New Delhi,New Delhi,Delhi,Private,1980,209,A+,18,973,2.8,719869,165129,True,68.6,5.74,24.81,509,147.5,True,False,True,False,False,True,72.9,NEET UG,2676
Vidyasagar University Howrah,Howrah,West Bengal,Private,1981,91,A+,126,1463,2.8,,94369,True,80.6,27.04,143.99,473,898.2,False,True,False,True,True,False,43.7,CUET,4126
Udaipur Fine Arts Autonomous College,Udaipur,Rajasthan,Autonomous,1943,,B++,57,339,21.1,60893,139524,False,20.9,3.82,21.9,62,10.8,True,True,True,True,True,True,7.2,University Entrance,7147
Academy of Nursing Rajahmundry,Rajahmundry,Andhra Pradesh,Deemed,2002,,B+,224,945,5.0,1182083,103320,True,92.8,10.33,55.47,213,15.6,True,False,False,True,True,True,40.9,NATA,4743
Puducherry Autonomous College of Medical Sciences,Puducherry,Puducherry,Autonomous,1946,252,B++,92,578,13.1,86691,169501,True,37.8,3.89,19.55,86,94.3,True,True,True,True,True,True,33.3,JEE Advanced,7562
Arunachal Pradesh State Technology College Naharlagun,Naharlagun,Arunachal Pradesh,Government,1912,79,B,63,103,10.4,65047,21911,True,70.5,10.46,72.26,331,1035.9,True,True,False,True,True,True,80.8,Own Entrance,1075
Faculty of Management Studies Delhi,New Delhi,Delhi,Government,1954,224,A++,142,,,51368,41914,True,72.1,10.11,30.49,344,,True,True,True,True,True,True,54.3,CAT,220
State Institute of Management Nizamabad,Nizamabad,Telangana,Government,2011,228,B++,47,474,0.6,66023,133351,False,67.4,10.12,61.32,204,,False,False,False,False,True,False,41.6,WBJEE,304
Kannur College of Law,Kannur,Kerala,Private,1877,54,A,29,1114,5.4,583894,76221,True,77.1,7.81,48.65,253,1997.4,True,True,True,True,True,True,38.6,GATE,6031
