name,city,state,type,established_year,nirf_ranking,naac_grade,courses_offered,faculty_count,student_faculty_ratio,avg_annual_fee,hostel_fee,scholarship_available,placement_rate,avg_package_lpa,highest_package_lpa,companies_visiting,campus_area_acres,has_library,has_hostel,has_sports,has_wifi,has_lab,has_hospital,acceptance_rate,entrance_exams_accepted,total_intake,institution_age,fee_category,region,infrastructure_score,naac_numeric
Shri Ram College of Applied Sciences and Research Guwahati,Guwahati,Assam,Private,1905,174.0,A,224,779.0,4.8,329704.0,158566,True,66.6,9.3,38.45,596,1593.6,True,True,True,True,True,True,75.6,CLAT,7840,121,Medium (1-5L),Northeast,6,4
Indira Deemed University Mangalore,Mangalore,Karnataka,Deemed,1919,40.0,A+,138,720.0,7.5,488792.0,112739,False,93.2,16.41,95.4,297,1527.1,True,True,False,False,True,True,74.2,CAT,5390,107,Medium (1-5L),South,4,5
Bharati Institute of Information Technology Naharlagun,Naharlagun,Arunachal Pradesh,Private,1861,,B+,27,794.0,3.4,796301.0,39063,True,76.6,11.49,60.88,448,2443.4,True,True,True,True,True,False,23.5,WBJEE,2668,165,High (>5L),Northeast,5,2
Autonomous College of Veterinary Science Mapusa,Mapusa,Goa,Autonomous,1867,,B++,79,1289.0,5.9,68336.0,46318,True,55.7,6.57,29.67,562,1876.9,True,True,False,True,True,False,59.2,GATE,7629,159,Low (<1L),West,4,3
Jamia Millia Islamia,New Delhi,Delhi,Government,1920,150.0,A++,160,345.0,5.8,20100.0,55923,True,81.4,13.04,59.94,537,351.2,True,False,True,True,True,True,79.2,JMI Entrance,2000,106,Low (<1L),North,5,6
Chanakya Deemed University Delhi,Delhi,Delhi,Deemed,1936,,B,19,1443.0,0.2,144199.0,148470,False,31.2,2.46,7.26,245,1220.2,True,False,False,False,True,True,53.3,NATA,269,90,Medium (1-5L),North,3,1
Government College of Nursing Pune,Pune,Maharashtra,Government,2007,190.0,A,161,791.5,4.1,31228.0,53920,True,34.0,4.11,19.64,47,692.9,False,False,True,True,False,False,71.8,BITSAT,6233,19,Low (<1L),West,2,4
Government Polytechnic Margao,Margao,Goa,Government,1962,450.0,B,185,1377.0,2.1,18498.0,136202,False,33.5,3.19,12.71,126,237.8,False,True,True,True,False,False,35.0,COMEDK,2874,64,Low (<1L),West,3,1
Darbhanga Autonomous College of Management,Darbhanga,Bihar,Autonomous,1876,469.0,B++,34,1416.0,0.9,114241.0,170364,False,35.8,3.2,11.65,59,884.5,True,False,True,True,True,False,58.6,AP EAMCET,1223,150,Medium (1-5L),East,4,3
Acharya University Amravati,Amravati,Maharashtra,Private,1973,,B++,155,1457.0,1.6,382971.0,146817,True,78.2,11.2,38.81,413,1060.0,True,True,False,False,True,False,60.1,CLAT,2295,53,Medium (1-5L),West,3,3
District Fine Arts College Patna,Patna,Bihar,Government,1917,249.0,A,236,1085.0,0.3,65895.0,102101,True,73.7,14.77,58.16,504,2317.6,True,False,False,True,True,False,19.2,VITEEE,282,109,Low (<1L),East,3,4
Academy of Commerce Agartala,Agartala,Tripura,Deemed,1918,,B++,10,272.0,27.7,256110.0,42228,True,49.2,5.65,35.64,141,2016.0,True,True,True,False,True,True,10.0,NEET UG,7542,108,Medium (1-5L),Northeast,5,3
Excel Institute of Physical Education Imphal,Imphal,Manipur,Private,1873,,A,167,1253.0,0.5,2014987.0,27617,True,89.5,28.96,107.74,193,530.6,False,True,True,True,False,False,33.5,KCET,579,153,High (>5L),Other,3,4
Deemed Institute of Computer Science Muzaffarpur,Muzaffarpur,Bihar,Deemed,1866,494.0,B+,216,1429.0,2.0,207461.0,151452,True,40.8,2.49,13.82,555,2248.8,True,True,True,True,True,True,39.0,WBJEE,2888,160,Medium (1-5L),East,6,2
Academy of Law Anand,Anand,Gujarat,Deemed,1934,450.0,A,110,780.0,6.8,187507.0,164592,True,28.4,5.91,29.91,487,755.5,True,True,False,False,False,True,64.1,CLAT,5266,92,Medium (1-5L),West,3,4
Academy of Social Work Imphal,Imphal,Manipur,Deemed,1943,71.0,B+,145,286.0,18.6,1439422.0,53089,True,76.9,21.65,133.16,312,317.5,False,False,True,False,False,False,30.2,TS EAMCET,5321,83,High (>5L),Other,1,2
Aryabhatta Foundation Fashion Design College Durg,Durg,Chhattisgarh,Private,1995,332.0,A,138,249.0,29.3,129286.0,54568,False,41.4,5.24,14.15,177,2350.4,True,True,False,True,False,False,20.7,JEE Advanced,7295,31,Medium (1-5L),Central,3,4
Government College of Applied Sciences Bikaner,Bikaner,Rajasthan,Government,1914,,A+,34,134.0,56.7,33601.0,153956,True,67.1,5.01,33.55,497,137.9,True,True,False,True,True,True,51.3,UPSEE,7604,112,Low (<1L),North,5,5
Government College of Science Surat,Surat,Gujarat,Government,1934,230.0,B,237,1316.0,2.0,41608.0,59479,True,87.0,8.08,18.83,333,1459.5,False,True,True,True,False,False,70.6,NEET UG,2626,92,Low (<1L),West,3,1
Radhakrishnan Academy of Journalism Vijayawada,Vijayawada,Andhra Pradesh,Deemed,1998,,A+,87,975.0,1.5,592004.0,104425,False,59.1,8.11,40.53,685,1177.4,True,True,True,True,True,True,37.7,WBJEE,1449,28,High (>5L),South,6,5
State Institute of Management Phagwara,Phagwara,Punjab,Government,1896,52.0,B++,22,424.0,5.6,131306.0,62708,True,71.9,30.8,167.45,156,182.0,True,False,True,False,False,False,21.6,State Level,2370,130,Medium (1-5L),North,2,3
Prime College of Medical Sciences Dharamsala,Dharamsala,Himachal Pradesh,Private,2002,166.0,B+,52,481.0,2.3,106596.0,90880,False,26.7,5.24,25.29,308,372.5,False,True,False,False,False,True,66.1,BITSAT,1105,24,Medium (1-5L),North,2,2
Autonomous College of Physical Education Bhubaneswar,Bhubaneswar,Odisha,Autonomous,2012,,B++,118,207.0,13.1,123431.0,85869,False,48.7,2.45,16.79,150,1938.3,True,True,True,True,True,False,7.6,JEE Advanced,2719,14,Medium (1-5L),East,5,3
Sapru Deemed University Nagaon,Nagaon,Assam,Deemed,1966,94.0,A+,109,373.0,4.1,348182.0,173215,True,93.8,13.6,71.35,195,232.7,True,False,True,False,False,False,48.1,AP EAMCET,1523,60,Medium (1-5L),Northeast,2,5
Guru Gobind Singh College of Education and Research Bardhaman,Bardhaman,West Bengal,Private,1881,363.0,A,66,87.0,52.1,226116.0,95377,True,52.1,2.83,17.96,482,852.9,True,True,False,True,True,True,34.0,CAT,4530,145,Medium (1-5L),East,5,4
Hemvati Nandan Bahuguna Garhwal University,Srinagar,Uttarakhand,Government,1973,,A,243,1344.0,0.4,32134.0,127807,True,40.6,4.98,30.42,290,381.6,False,False,False,False,False,True,16.8,CUET,500,53,Low (<1L),North,1,4
State Institute of Technology Karaikal,Karaikal,Puducherry,Government,1873,,A+,224,330.0,17.4,115638.0,40776,True,92.4,17.87,49.06,456,697.7,True,True,True,False,True,False,77.9,Own Entrance,5756,153,Medium (1-5L),South,4,5
Autonomous College of Computer Science Itanagar,Itanagar,Arunachal Pradesh,Autonomous,1903,,B+,209,880.0,7.8,108367.0,133222,False,61.1,6.94,17.41,587,438.5,True,True,True,True,True,True,12.8,State Level,6903,123,Medium (1-5L),Northeast,6,2
Andhra University,Visakhapatnam,A.P.,Government,1926,345.0,A,184,924.0,2.2,41702.0,114173,True,33.8,3.13,6.75,614,986.9,False,False,True,True,True,True,27.7,Own Entrance,2000,100,Low (<1L),Other,4,4
Prime College of Fine Arts Gangtok,Gangtok,Sikkim,Private,1947,166.0,B,64,1282.0,2.7,244696.0,130361,False,77.1,9.05,57.33,229,2447.4,True,True,False,True,True,False,38.0,WBJEE,3515,79,Medium (1-5L),Northeast,4,1
Government Polytechnic Kochi,Kochi,Kerala,Government,1932,86.0,A++,199,1190.0,2.8,50240.0,143059,False,66.0,11.15,42.78,209,1075.9,False,False,True,True,True,True,47.1,CUET,3327,94,Low (<1L),South,4,6
Sapru College of Education and Research Aligarh,Aligarh,Uttar Pradesh,Private,1923,139.0,B+,202,452.0,13.5,331465.0,160512,True,65.9,9.32,65.1,39,2030.1,True,True,True,True,True,True,36.7,JEE Main,6088,103,Medium (1-5L),North,6,2
Chanakya Autonomous Institute Visakhapatnam,Visakhapatnam,Andhra Pradesh,Autonomous,1894,302.0,B+,44,1142.0,2.7,68806.0,154050,True,39.9,4.63,25.72,455,1359.5,False,True,False,False,False,True,46.0,NEET UG,3108,132,Low (<1L),South,2,2
Swami Foundation Education College Gandhinagar,Gandhinagar,Gujarat,Private,1966,333.0,B+,199,297.0,3.0,292419.0,157982,False,46.4,5.36,30.69,514,1387.8,False,True,False,True,True,True,9.2,VITEEE,889,60,Medium (1-5L),West,4,2
Agartala Information Technology Autonomous College,Agartala,Tripura,Autonomous,1930,93.0,B++,97,927.0,3.0,216144.0,124607,True,51.6,8.59,38.5,628,1552.6,False,True,True,True,True,True,30.6,University Entrance,2784,96,Medium (1-5L),Northeast,5,3
Saraswati Foundation Applied Sciences College Mandi,Mandi,Himachal Pradesh,Private,1857,23.0,A+,80,1193.0,1.1,2282138.0,98709,True,84.2,18.31,105.91,377,2248.0,False,False,True,True,True,True,17.9,JEE Main,1332,169,High (>5L),North,4,5
Sri Kalam Institute of Engineering Raipur,Raipur,Chhattisgarh,Private,1926,441.0,B++,212,779.0,4.8,286074.0,157539,True,50.6,4.77,10.18,612,2282.6,False,False,False,True,False,False,37.0,NATA,4222,100,Medium (1-5L),Central,1,3
Global Academy of Nursing Dimapur,Dimapur,Nagaland,Private,1923,,B,99,1362.0,4.1,203659.0,138976,True,56.0,7.91,24.97,700,1432.6,False,True,True,False,False,True,14.1,State Level,5543,103,Medium (1-5L),Northeast,3,1
Chanakya Institute of Pharmacy Aizawl,Aizawl,Mizoram,Private,2008,299.0,B++,81,547.0,12.7,275845.0,123146,True,36.5,2.99,15.81,348,,True,True,True,True,True,True,74.5,COMEDK,6945,18,Medium (1-5L),Northeast,6,3
Coimbatore Institute of Fine Arts,Coimbatore,Tamil Nadu,Private,1860,35.0,A,210,779.0,4.8,638712.0,142962,True,91.5,26.64,167.28,89,1798.1,True,True,False,False,False,True,39.7,AP EAMCET,2638,166,High (>5L),South,3,4
Government College of Ayurveda Meerut,Meerut,Uttar Pradesh,Government,1853,69.0,A+,210,494.0,1.4,60620.0,69420,True,83.3,11.96,30.79,209,1055.1,True,False,True,True,False,True,11.1,VITEEE,689,173,Low (<1L),North,4,5
Amrita University Aurangabad,Aurangabad,Maharashtra,Private,1870,,B++,20,1059.0,3.3,486703.0,59042,False,80.9,5.01,17.34,274,1408.3,False,True,False,False,False,False,35.8,SRMJEEE,3487,156,Medium (1-5L),West,1,3
Jorhat Hotel Management Autonomous College,Jorhat,Assam,Autonomous,1987,,A,5,603.0,11.9,123346.0,172049,False,48.0,2.49,5.84,575,474.7,False,False,False,False,True,False,54.9,Own Entrance,7172,39,Medium (1-5L),Northeast,1,4
Patel Institute of Physical Education Kohima,Kohima,Nagaland,Private,1972,121.0,B++,232,127.0,30.2,776153.0,97735,True,67.3,8.76,25.65,371,1448.5,True,True,False,False,True,True,23.3,CAT,3839,54,High (>5L),Northeast,4,3
Deemed Institute of Commerce Aurangabad,Aurangabad,Maharashtra,Deemed,1875,403.0,A,213,189.0,3.6,192932.0,157730,True,46.6,5.82,25.11,76,2192.9,False,False,False,True,True,True,67.3,State Level,688,151,Medium (1-5L),West,3,4
Sri Indira Institute of Arts Kohima,Kohima,Nagaland,Private,1918,,B+,176,1148.0,0.6,315682.0,41593,True,32.1,2.05,6.78,298,1515.0,True,False,True,True,True,False,44.8,WBJEE,637,108,Medium (1-5L),Northeast,4,2
Deemed Institute of Law Gandhinagar,Gandhinagar,Gujarat,Deemed,2010,72.0,A,10,497.0,9.2,667601.0,42282,True,87.8,17.44,115.66,404,556.6,True,True,True,False,True,True,29.9,CAT,4570,16,High (>5L),West,5,4
Dhanbad Management Autonomous College,Dhanbad,Jharkhand,Autonomous,1858,172.0,B++,92,1094.0,5.7,249386.0,30281,True,67.0,4.36,10.61,160,1618.9,True,True,True,False,True,False,23.8,BITSAT,6232,168,Medium (1-5L),East,4,3
IISER Mohali,Mohali,Punjab,Government,2007,,A+,58,1175.0,0.1,137427.0,83850,True,98.8,30.1,91.08,610,541.4,True,True,True,True,False,True,74.1,IAT,170,19,Medium (1-5L),North,5,5
State Institute of Physical Education Nellore,Nellore,Andhra Pradesh,Government,1996,12.0,B+,170,207.0,30.9,120742.0,40070,True,85.7,14.06,37.21,474,2031.0,False,True,True,True,False,True,40.3,University Entrance,6393,30,Medium (1-5L),South,4,2
Babasaheb Foundation Science College Shillong,Shillong,Meghalaya,Private,1856,345.0,B++,75,649.0,5.8,280056.0,117942,False,25.8,4.81,28.02,85,,True,True,True,False,True,True,72.5,WBJEE,3776,170,Medium (1-5L),Northeast,5,3
Autonomous College of Agriculture Anantnag,Anantnag,Jammu & Kashmir,Autonomous,1976,220.0,A++,195,1490.0,4.2,100138.0,53852,True,58.9,4.8,21.8,614,,True,False,False,True,False,False,55.1,CUET,6326,50,Medium (1-5L),North,2,6
Anand Autonomous College of Nursing,Anand,Gujarat,Autonomous,1883,,B++,120,1043.0,3.1,123346.0,120475,True,51.15,4.38,18.11,447,578.2,True,False,True,False,True,True,32.5,UPSEE,3285,143,Medium (1-5L),West,4,3
Dimapur Institute of Education (Deemed),Dimapur,Nagaland,Deemed,1903,228.0,A,126,773.5,5.2,274269.0,102977,True,37.4,3.07,13.08,336,1987.4,False,True,False,False,False,False,14.4,CLAT,7822,123,Medium (1-5L),Northeast,1,4
Chandigarh State Law College Chandigarh,Chandigarh,Chandigarh,Government,1945,182.0,A+,210,340.0,5.8,89721.0,161818,True,71.2,13.19,72.81,14,2020.9,True,True,False,True,True,False,19.7,VITEEE,1985,81,Low (<1L),North,4,5
Academy of Homeopathy Kollam,Kollam,Kerala,Deemed,2015,209.0,B+,93,884.0,7.5,216813.0,142768,True,37.4,4.22,12.94,144,1488.8,False,True,True,False,False,True,24.4,CAT,6592,11,Medium (1-5L),South,3,2
Modern Institute of Management Namchi,Namchi,Sikkim,Private,1928,71.0,B,91,1020.0,1.9,1199577.0,75908,False,85.4,15.22,87.72,373,54.6,False,True,False,False,False,False,44.2,KCET,1979,98,High (>5L),Northeast,1,1
State Institute of Physical Education Aizawl,Aizawl,Mizoram,Government,2017,81.0,A+,195,409.0,10.0,232587.0,130213,True,71.9,27.83,63.19,137,2363.2,False,True,True,False,False,False,63.3,NATA,4095,9,Medium (1-5L),Northeast,2,5
Government Polytechnic New Delhi,New Delhi,Delhi,Government,2015,135.0,A,17,727.0,8.6,73570.0,175101,False,87.4,6.04,17.5,550,1339.5,True,True,False,False,True,True,52.1,NEET UG,6249,11,Low (<1L),North,4,4
Tura Institute of Management,Tura,Meghalaya,Private,1993,,B++,113,855.0,4.8,674840.0,84642,True,82.6,12.02,76.6,469,156.5,True,True,True,True,True,False,57.9,University Entrance,4094,33,High (>5L),Northeast,5,3
Srinagar Institute of Computer Science (Deemed),Srinagar,Jammu & Kashmir,Deemed,1915,238.0,B+,132,773.0,6.6,203324.0,48855,True,35.0,3.99,23.07,134,2235.6,True,False,True,True,True,True,34.0,NEET UG,5110,111,Medium (1-5L),North,5,2
Delhi Social Work Autonomous College,Delhi,Delhi,Autonomous,1900,,A,158,390.0,17.0,95359.0,32266,True,49.7,3.15,8.25,344,1478.7,False,False,False,False,False,True,20.9,JEE Advanced,6635,126,Low (<1L),North,1,4
Autonomous College of Physical Education Howrah,Howrah,West Bengal,Autonomous,1958,,B++,142,1412.0,1.1,197336.0,48124,True,67.5,7.47,51.11,268,370.5,True,False,False,False,False,False,83.0,NATA,1602,68,Medium (1-5L),East,1,3
Global Academy of Arts Aizawl,Aizawl,Mizoram,Private,1960,,A+,108,797.0,4.1,241599.0,123704,True,64.8,4.21,11.48,320,1952.0,True,True,True,True,False,True,26.1,Own Entrance,3274,66,Medium (1-5L),Northeast,5,5
Babasaheb College of Science and Research Dharwad,Dharwad,Karnataka,Private,1942,481.0,A,95,545.0,4.7,171804.0,162448,True,31.2,4.03,11.13,148,1107.4,True,True,True,True,True,True,36.2,UPSEE,2545,84,Medium (1-5L),South,6,4
Prime College of Dental Sciences Imphal,Imphal,Manipur,Private,1967,433.0,B+,217,1009.0,5.2,378116.0,33627,True,47.7,3.19,21.13,572,1018.3,True,True,True,False,True,False,55.6,CLAT,5252,59,Medium (1-5L),Other,4,2
Kalyani Institute of Education (Deemed),Kalyani,West Bengal,Deemed,2003,,B,238,160.0,3.1,279353.0,42158,True,46.5,3.07,18.88,112,1697.6,True,True,True,True,True,True,13.5,NATA,494,23,Medium (1-5L),East,6,1
State Institute of Applied Sciences Bellary,Bellary,Karnataka,Government,1871,409.0,B++,44,1084.0,4.9,41848.0,130825,True,58.8,2.08,4.35,585,1410.4,True,True,True,True,True,True,56.2,State Level,5342,155,Low (<1L),South,6,3
Guru Gobind Singh Academy of Architecture Agartala,Agartala,Tripura,Deemed,1991,,A,43,1177.0,2.2,231418.0,23883,True,54.1,8.7,28.69,267,1342.7,False,False,False,False,True,False,71.3,KCET,2540,35,Medium (1-5L),Northeast,1,4
Kamla Nehru University Aizawl,Aizawl,Mizoram,Private,2023,292.0,B+,60,1201.0,6.5,273040.0,138765,False,30.2,5.49,25.61,469,1063.4,True,False,False,True,True,True,52.3,SRMJEEE,7842,3,Medium (1-5L),Northeast,4,2
Vidyasagar Autonomous Institute Prayagraj,Prayagraj,Uttar Pradesh,Autonomous,1967,187.0,B,46,1374.0,2.4,42576.0,160841,True,26.7,4.26,23.08,622,226.0,True,False,True,True,True,True,58.3,WBJEE,3319,59,Low (<1L),North,5,1
Solapur College of Law,Solapur,Maharashtra,Private,1982,213.0,B+,87,625.0,2.2,355264.0,153234,False,52.6,5.44,28.22,207,1302.9,True,False,True,True,True,True,64.6,AP EAMCET,1400,44,Medium (1-5L),West,5,2
Jamshedpur Institute of Technology,Jamshedpur,Jharkhand,Private,1867,184.0,A,223,351.0,9.6,378116.0,129434,True,45.1,3.2,10.35,425,2191.0,True,True,True,True,True,True,67.1,CUET,3367,159,Medium (1-5L),East,6,4
Grant Medical College,Mumbai,Maharashtra,Government,1845,,A+,234,1426.0,0.1,54226.0,62585,False,78.0,10.67,66.66,563,830.7,True,True,True,True,True,True,64.5,NEET UG,200,181,Low (<1L),West,6,5
Satna Institute of Arts (Deemed),Satna,Madhya Pradesh,Deemed,1981,,B+,61,306.0,20.6,521464.0,139019,True,68.3,9.01,22.78,382,965.2,False,True,True,True,True,False,39.0,TNEA,6289,45,High (>5L),Central,4,2
Patel Foundation Fine Arts College Sambalpur,Sambalpur,Odisha,Private,2019,,B+,137,1120.0,4.9,221671.0,83934,True,66.7,6.62,15.74,621,1224.5,True,True,True,False,True,True,50.6,TS EAMCET,5433,7,Medium (1-5L),East,5,2
District Journalism College Gangtok,Gangtok,Sikkim,Government,1952,249.0,A+,63,281.0,7.8,55315.0,156769,False,75.0,11.41,44.72,91,1771.3,False,False,True,False,False,True,34.7,TS EAMCET,2185,74,Low (<1L),Northeast,2,5
New Delhi Government Ayurveda College,New Delhi,Delhi,Government,2018,307.0,B++,165,1323.0,1.2,46446.0,166918,True,54.6,5.91,24.46,488,572.3,False,False,False,False,False,False,68.3,WBJEE,1625,8,Low (<1L),North,0,3
Pune Government Law College,Pune,maharashtra,Government,1940,407.0,A,112,843.0,6.0,46446.0,51922,False,61.7,2.77,6.15,341,147.6,True,False,True,False,True,False,34.8,UPSEE,5088,86,Low (<1L),Other,3,4
Autonomous College of Fashion Design Rajkot,Rajkot,Gujarat,Autonomous,1993,420.0,B++,100,517.0,7.5,121569.0,77389,True,28.1,4.35,14.42,467,1835.0,False,False,False,True,True,False,45.7,CAT,3884,33,Medium (1-5L),West,2,3
Raman University Aizawl,Aizawl,Mizoram,Private,1936,45.0,A,140,366.0,18.6,677810.0,60992,True,90.8,15.03,36.29,455,1341.3,False,True,False,True,True,True,36.7,WBJEE,6811,90,High (>5L),Northeast,4,4
Autonomous College of Information Technology Delhi,Delhi,Delhi,Autonomous,2020,204.0,B++,225,688.0,2.2,55796.0,122607,False,73.0,3.4,9.7,40,200.8,True,False,False,True,False,True,69.1,GATE,1480,6,Low (<1L),North,3,3
Modern Institute of Ayurveda Tezpur,Tezpur,Assam,Private,1987,,B,102,1206.0,2.0,248089.0,39887,True,57.7,2.28,7.27,45,876.7,True,True,True,False,True,True,76.2,TS EAMCET,2374,39,Medium (1-5L),Northeast,5,1
Roorkee Autonomous College of Fine Arts,Roorkee,Uttarakhand,Autonomous,1886,,B,142,1145.0,1.5,139941.0,153352,False,42.6,1.89,12.31,209,18.6,False,False,True,True,False,True,70.9,CUET,1754,140,Medium (1-5L),North,3,1
Kurukshetra Institute of Applied Sciences,Kurukshetra,Haryana,Private,1901,163.0,B+,192,928.0,0.7,625367.0,108703,True,60.7,5.0,22.89,558,668.9,True,True,True,True,True,True,75.8,MHT CET,659,125,High (>5L),North,6,2
Autonomous College of Social Work Karaikal,Karaikal,Puducherry,Autonomous,1924,,A+,231,627.0,7.4,478017.0,146267,True,77.9,16.34,93.62,172,1325.7,True,True,True,True,True,True,26.2,GATE,4628,102,Medium (1-5L),South,6,5
Shimla Social Work Autonomous College,Shimla,Himachal Pradesh,Autonomous,1923,256.0,B+,207,607.0,12.9,135967.0,123236,True,42.4,4.07,18.14,478,2268.8,False,False,False,False,False,True,12.6,CAT,7837,103,Medium (1-5L),North,1,2
State Institute of Social Work Delhi,Delhi,Delhi,Government,2010,202.0,A,226,198.0,10.8,26994.0,46020,True,71.4,9.64,46.19,246,2414.1,True,False,False,False,False,True,56.7,NEET UG,2142,16,Low (<1L),North,2,4
Nagaland State Computer Science College Kohima,Kohima,Nagaland,Government,1987,,B++,202,336.0,9.3,44610.0,171699,True,50.7,5.01,14.46,46,2106.2,False,True,True,True,True,True,52.4,NATA,3114,39,Low (<1L),Northeast,5,3
Prime College of Fine Arts Aizawl,Aizawl,Mizoram,Private,1997,,B++,74,1288.0,0.9,552987.0,60070,True,70.0,4.88,18.61,549,,False,False,False,True,False,False,27.7,VITEEE,1165,29,High (>5L),Northeast,1,3
Autonomous College of Pharmacy Kannur,Kannur,Kerala,Autonomous,1948,,B,75,1172.0,0.6,159862.0,49583,True,65.9,3.06,17.12,620,1395.6,True,True,True,True,True,True,22.7,JEE Main,689,78,Medium (1-5L),South,6,1
Indian Institute of Technology Jammu,Jammu,Jammu & Kashmir,Government,2016,349.0,A,224,80.0,3.1,18555.0,130138,False,43.6,5.08,34.19,599,952.2,False,True,True,False,True,True,1.5,JEE Advanced,250,10,Low (<1L),North,4,4
District Management College Korba,Korba,Chhattisgarh,Government,1852,374.0,B++,99,1349.0,3.2,15190.0,53126,True,35.0,4.27,14.25,265,1696.2,False,False,True,True,True,False,36.1,University Entrance,4267,174,Low (<1L),Central,3,3
Jadavpur University,Kolkata,West Bengal,Government,1955,35.0,A++,244,702.0,2.8,72737.0,125076,True,94.4,16.25,43.92,264,19.1,True,False,False,True,False,True,33.2,WBJEE,2000,71,Low (<1L),East,3,6
Tagore Institute of Physical Education Pantnagar,Pantnagar,Uttarakhand,Private,1933,,B++,78,320.0,2.7,760335.0,79041,True,63.4,7.91,19.06,351,1822.2,True,True,True,False,True,True,19.3,CLAT,849,93,High (>5L),North,5,3
Excel Institute of Arts Darbhanga,Darbhanga,Bihar,Private,1874,92.0,B++,195,902.0,3.1,704108.0,157555,True,97.2,19.31,73.57,18,258.2,True,False,True,True,False,True,3.7,TS EAMCET,2783,152,High (>5L),East,4,3
Gandhi Institute of Arts Chandigarh,Chandigarh,Chandigarh,Private,2007,227.0,A,235,976.0,6.9,213818.0,172585,False,57.2,4.78,25.64,423,977.2,True,True,True,True,True,False,34.8,BITSAT,6750,19,Medium (1-5L),North,5,4
Modern Institute of Nursing Haldwani,Haldwani,Uttarakhand,Private,1866,57.0,B+,192,1399.0,4.9,678746.0,153753,True,76.5,8.96,49.24,17,1449.7,True,True,False,True,True,True,11.1,KCET,6898,160,High (>5L),North,5,2
Indian School of Business,Hyderabad,Telangana,Private,2001,67.0,A++,20,1047.0,0.9,2025080.0,100612,True,81.9,20.6,65.73,155,1779.7,False,True,True,False,True,True,8.8,GMAT/GRE,900,25,High (>5L),South,4,6
Aurobindo Autonomous Institute Puducherry,Puducherry,Puducherry,Autonomous,1853,,B++,217,1145.0,5.7,118722.0,159221,False,37.6,2.26,13.26,659,812.5,True,True,True,True,True,True,44.2,JEE Advanced,6555,173,Medium (1-5L),South,6,3
Nainital Government Management College,Nainital,Uttarakhand,Government,1991,52.0,A+,102,1113.0,6.3,298852.0,88439,True,85.2,12.0,28.64,352,676.3,False,False,True,False,False,False,59.2,Own Entrance,7046,35,Medium (1-5L),North,1,5
Chennai Institute of Management (Deemed),Chennai,Tamil Nadu,Deemed,1883,,A++,199,798.0,4.8,1116037.0,124298,True,94.8,9.86,52.74,492,1361.0,False,False,False,True,False,False,25.9,BITSAT,3846,143,High (>5L),South,1,6
Deemed Institute of Computer Science Faridabad,Faridabad,Haryana,Deemed,1873,365.0,B,149,773.5,5.2,119211.0,97306,False,48.4,5.55,33.95,329,1037.0,False,False,True,False,True,False,47.1,BITSAT,4490,153,Medium (1-5L),North,2,1
Tilak Autonomous Institute Gwalior,Gwalior,Madhya Pradesh,Autonomous,1937,88.0,B++,198,773.0,5.0,290081.0,151621,True,81.6,4.8,21.8,327,1282.8,True,True,False,False,False,False,24.2,Own Entrance,4759,89,Medium (1-5L),Central,2,3
Acharya Autonomous Institute Chandigarh,Chandigarh,Chandigarh,Autonomous,1882,,B+,38,308.0,17.1,63292.0,92613,True,73.1,7.18,22.22,459,1246.1,False,False,False,False,True,False,72.4,JEE Advanced,5254,144,Low (<1L),North,1,2
Jai Prakash Deemed University Hubli,Hubli,Karnataka,Deemed,1995,,B+,23,1058.0,6.3,561618.0,27053,True,77.8,13.92,82.25,325,469.9,False,True,False,False,False,True,57.7,AP EAMCET,6679,31,High (>5L),South,2,2
Raman Institute of Nursing Haridwar,Haridwar,Uttarakhand,Private,1966,251.0,B++,23,277.0,3.3,127502.0,160865,False,30.8,4.75,21.02,250,1804.1,True,True,True,True,True,True,50.8,JEE Advanced,915,60,Medium (1-5L),North,6,3
Government Science College Lucknow,Lucknow,Uttar Pradesh,Government,1874,,B++,77,607.0,5.8,20234.0,168522,True,66.4,6.11,42.06,450,603.2,True,False,True,False,True,False,19.5,University Entrance,3527,152,Low (<1L),North,3,3
Guru Gobind Singh Deemed University Naharlagun,Naharlagun,Arunachal Pradesh,Deemed,1963,,B++,88,1229.0,2.7,140752.0,160267,True,36.0,5.14,11.7,656,1128.6,False,False,False,False,False,True,83.3,GATE,3259,63,Medium (1-5L),Northeast,1,3
Amrita Vishwa Vidyapeetham,Coimbatore,Tamil Nadu,Deemed,2003,,A++,193,395.0,7.6,251448.0,97116,False,62.6,9.89,23.46,536,300.1,True,False,True,True,False,True,4.4,AEEE,3000,23,Medium (1-5L),South,4,6
Excel Institute of Veterinary Science Phagwara,Phagwara,Punjab,Private,1881,12.0,A,145,1467.0,2.8,1377862.0,55915,True,90.8,21.6,148.57,77,1648.6,False,False,True,True,True,False,66.1,TS EAMCET,4043,145,High (>5L),North,3,4
Autonomous College of Architecture Silchar,Silchar,Assam,Autonomous,1858,45.0,B++,46,527.0,9.9,203754.0,67755,True,70.3,13.62,84.13,416,807.7,False,False,False,False,True,True,49.1,AP EAMCET,5236,168,Medium (1-5L),Northeast,2,3
Motilal Nehru National Institute of Technology,Prayagraj,Uttar Pradesh,Government,1961,118.0,A+,210,1394.0,0.5,24329.0,81190,True,86.2,12.88,66.01,212,1064.0,True,True,True,True,False,True,46.7,JEE Main,750,65,Low (<1L),North,5,5
Patel Academy of Law Tura,Tura,Meghalaya,Deemed,1950,,A++,109,951.0,5.1,469400.0,140330,True,68.1,4.37,21.24,102,2383.1,True,True,False,False,True,False,66.5,Own Entrance,4853,76,Medium (1-5L),Northeast,3,6
Academy of Law Pune,Pune,Maharashtra,Deemed,1963,,B+,60,1179.0,0.2,82325.0,142274,True,26.1,5.82,25.11,428,148.3,False,True,True,True,True,True,79.9,BITSAT,201,63,Low (<1L),West,5,2
Sri Radhakrishnan Institute of Science Bhavnagar,Bhavnagar,Gujarat,Private,1898,225.0,B++,134,241.0,29.8,378116.0,91955,True,78.0,8.7,55.16,361,463.3,True,True,False,True,False,False,31.4,SRMJEEE,7189,128,Medium (1-5L),West,3,3
Academy of Pharmacy Dhanbad,Dhanbad,Jharkhand,Deemed,2004,446.0,A,16,1313.0,0.1,236713.0,124842,True,40.6,4.95,29.09,676,1468.7,True,False,True,True,True,True,59.4,NATA,131,22,Medium (1-5L),East,5,4
SRM Institute of Science and Technology,Chennai,Tamil Nadu,Private,1985,,A++,203,704.0,6.4,1288936.0,130056,True,88.2,13.15,46.79,591,1491.4,True,True,True,True,True,True,75.2,SRMJEEE,4500,41,High (>5L),South,6,6
Visva-Bharati University,Santiniketan,West Bengal,Government,1921,324.0,A,19,860.0,1.2,42174.0,160326,True,71.9,3.44,18.61,657,2492.5,False,False,False,True,False,False,55.4,Own Entrance,1000,105,Low (<1L),East,1,4
District Hotel Management College Aizawl,Aizawl,Mizoram,Government,1984,283.0,B++,243,791.5,4.1,46122.0,178994,False,64.7,4.96,12.03,239,148.0,True,True,True,True,True,True,14.6,VITEEE,4738,42,Low (<1L),Northeast,6,3
Excel Institute of Architecture Aizawl,Aizawl,Mizoram,Private,1869,,A,195,449.0,6.4,211430.0,175107,True,52.2,4.35,26.46,217,1222.1,True,True,True,True,False,False,16.8,KCET,2865,157,Medium (1-5L),Northeast,4,4
Rani Autonomous Institute Guntur,Guntur,Andhra Pradesh,Autonomous,1882,162.0,A,87,586.0,4.2,133736.0,73192,True,72.3,3.64,19.04,137,2087.2,True,True,False,False,True,True,34.0,CUET,2476,144,Medium (1-5L),South,4,4
Prime College of Ayurveda Agartala,Agartala,Tripura,Private,1890,,B+,75,345.0,6.3,377441.0,158869,True,60.1,10.5,66.31,39,2033.4,True,True,True,True,True,True,12.6,WBJEE,2158,136,Medium (1-5L),Northeast,6,2
Global Academy of Engineering Deoghar,Deoghar,Jharkhand,Private,1897,,B++,233,1375.0,0.7,779299.0,36735,True,58.1,11.4,73.75,243,1487.1,False,True,True,False,False,True,17.0,JEE Advanced,990,129,High (>5L),East,3,3
Ambedkar College of Agriculture and Research Anantnag,Anantnag,Jammu & Kashmir,Private,1884,139.0,A+,74,185.0,38.7,664979.0,101216,True,77.9,5.46,19.63,545,1489.2,False,True,False,False,False,True,6.3,TS EAMCET,7155,142,High (>5L),North,2,5
District Dental Sciences College Thiruvananthapuram,Thiruvananthapuram,Kerala,Government,1910,198.0,A,153,576.0,8.4,26087.0,78513,True,64.6,4.76,14.24,147,1255.0,False,True,True,True,True,False,50.7,JEE Main,4853,116,Low (<1L),South,4,4
Rourkela Government Dental Sciences College,Rourkela,Odisha,Government,1889,264.0,B++,137,1158.0,6.2,23610.0,54259,True,38.1,3.3,7.33,329,539.8,True,True,True,True,True,True,50.7,MHT CET,7146,137,Low (<1L),East,6,3
Government Polytechnic Naharlagun,Naharlagun,Arunachal Pradesh,Government,1958,,B+,15,979.0,3.3,31270.0,152043,False,70.0,12.77,27.05,177,483.7,True,True,True,True,True,True,39.1,NATA,3267,68,Low (<1L),Northeast,6,2
Kamla Nehru Institute of Technology Phagwara,Phagwara,Punjab,Private,1872,240.0,A+,176,445.0,12.6,438826.0,112013,True,78.1,4.76,12.63,400,2307.6,True,True,True,True,True,True,31.7,MHT CET,5614,154,Medium (1-5L),North,6,5
Patiala College of Pharmacy,Patiala,Punjab,Private,1942,,B,22,111.0,64.6,287329.0,90398,True,71.0,7.62,23.0,313,650.5,True,True,True,True,False,False,64.0,TS EAMCET,7174,84,Medium (1-5L),North,4,1
Thiruvananthapuram Engineering Autonomous College,Thiruvananthapuram,Kerala,Autonomous,1910,,B+,155,184.0,37.6,139021.0,61019,True,42.0,2.45,12.73,562,1212.7,True,True,True,False,False,False,63.6,CUET,6911,116,Medium (1-5L),South,3,2
Global Academy of Nursing Gulbarga,Gulbarga,Karnataka,Private,1922,249.0,B++,189,1337.0,1.6,366206.0,72332,True,72.7,11.48,53.36,400,680.9,True,True,True,True,False,True,24.0,TS EAMCET,2200,104,Medium (1-5L),South,5,3
Government College of Pharmacy Karaikal,Karaikal,Puducherry,Government,1911,183.0,B++,101,1371.0,2.9,74891.0,27385,True,84.7,10.45,42.94,429,13.7,False,False,False,True,False,False,77.8,VITEEE,4042,115,Low (<1L),South,1,3
Bellary Government Agriculture College,Bellary,Karnataka,Government,2014,,A,50,562.0,4.8,244982.0,38539,True,92.7,25.85,63.66,255,2412.7,False,True,True,True,False,False,73.7,KCET,2707,12,Medium (1-5L),South,3,4
Global Academy of Pharmacy Chandigarh,Chandigarh,Chandigarh,Private,1998,,A++,174,1164.0,2.3,366647.0,65868,True,79.8,9.95,22.45,214,2364.5,False,False,False,False,False,False,60.5,NEET UG,2659,28,Medium (1-5L),North,0,6
Prime College of Computer Science Durg,Durg,Chhattisgarh,Private,1892,221.0,B+,244,1205.0,0.3,325961.0,73648,False,64.9,5.92,39.29,688,1150.0,True,True,True,True,True,False,24.7,CAT,362,134,Medium (1-5L),Central,5,2
Excel Institute of Architecture Khammam,Khammam,Telangana,Private,1918,397.0,B++,68,1010.0,3.7,201282.0,92406,True,48.5,3.27,19.26,238,1583.4,True,True,True,True,True,False,28.5,NEET UG,3742,108,Medium (1-5L),South,5,3
Berhampur University,Berhampur,Odisha,Government,1967,244.0,B++,101,306.0,2.0,44281.0,51926,False,54.8,2.48,15.58,682,1910.1,False,False,True,True,False,False,55.4,Own Entrance,600,59,Low (<1L),East,2,3
New Delhi Government Agriculture College,New Delhi,Delhi,Government,2017,69.0,A++,166,298.0,3.8,297108.0,139298,True,88.2,30.84,215.63,450,1937.1,True,False,False,False,True,True,4.3,CAT,1143,9,Medium (1-5L),North,3,6
Government Model College Dimapur,Dimapur,Nagaland,Government,2019,456.0,A,123,654.0,5.7,21521.0,21389,False,62.9,8.07,32.5,694,2181.6,True,True,True,True,True,True,36.8,AP EAMCET,3714,7,Low (<1L),Northeast,6,4
Narayana Institute of Fine Arts Mandi,Mandi,Himachal Pradesh,Private,1940,489.0,B++,179,1168.0,2.3,255426.0,40946,True,42.3,2.1,10.8,544,441.7,True,False,True,True,True,True,12.7,TS EAMCET,2731,86,Medium (1-5L),North,5,3
Government College of Applied Sciences Bhubaneswar,Bhubaneswar,Odisha,Government,1907,,A+,87,791.5,4.1,248843.0,80991,True,98.3,33.95,91.27,406,1890.4,True,True,False,False,False,False,57.3,VITEEE,407,119,Medium (1-5L),East,2,5
Maharashtra State Architecture College Nanded,Nanded,Maharashtra,Government,1918,,B++,153,106.0,7.6,23253.0,81461,False,41.2,4.36,9.07,235,1193.4,False,True,False,True,True,False,7.5,CLAT,808,108,Low (<1L),West,3,3
Government Model College Durgapur,Durgapur,West Bengal,Government,1863,108.0,B++,58,93.0,31.0,97197.0,176499,True,86.6,10.3,50.17,190,17.6,True,True,True,True,True,False,24.0,CAT,2881,163,Low (<1L),East,5,3
Kalam Autonomous Institute Jaipur,Jaipur,Rajasthan,Autonomous,1954,81.0,A,190,223.0,2.2,166997.0,167208,False,75.3,7.72,18.79,189,502.9,True,True,True,True,True,True,76.9,JEE Main,500,72,Medium (1-5L),North,6,4
Tura Government Engineering College,Tura,Meghalaya,Government,1955,54.0,B++,196,60.0,116.4,80719.0,67353,False,88.9,13.37,92.22,223,781.6,False,False,False,False,False,True,76.5,WBJEE,6982,71,Low (<1L),Northeast,1,3
Academy of Arts Namchi,Namchi,Sikkim,Deemed,1900,94.0,B++,77,1279.0,1.3,1455107.0,157828,False,85.8,19.12,120.81,78,1163.2,True,True,False,False,True,False,2.0,CLAT,1670,126,High (>5L),Northeast,3,3
Government Information Technology College Patiala,Patiala,Punjab,Government,2002,,B++,155,968.0,2.2,12425.0,63841,True,31.6,4.92,10.84,528,2322.7,True,True,False,True,False,False,24.1,CUET,2149,24,Low (<1L),North,3,3
Government Information Technology College Kullu,Kullu,Himachal Pradesh,Government,1911,247.0,B++,140,1057.0,2.0,87870.0,170579,True,83.4,10.3,30.02,13,374.4,True,False,True,False,True,True,2.6,KCET,2125,115,Low (<1L),North,4,3
Modern Institute of Architecture Madurai,Madurai,Tamil Nadu,Private,2016,422.0,B++,125,895.0,3.8,119306.0,125715,True,46.3,2.78,9.7,105,2177.3,True,True,True,True,True,True,70.6,SRMJEEE,3376,10,Medium (1-5L),South,6,3
Punjab State Fashion Design College Ludhiana,Ludhiana,Punjab,Government,1897,17.0,B+,234,1073.0,6.1,135322.0,65034,True,95.7,23.8,50.07,68,985.7,False,False,False,True,False,True,15.0,NATA,6506,129,Medium (1-5L),North,2,2
National Institute of Technology Srinagar,Srinagar,Jammu & Kashmir,Government,1960,201.0,B++,63,628.0,0.9,36978.0,161824,False,31.3,2.27,11.7,102,1086.1,True,False,True,True,False,True,9.3,JEE Main,550,66,Low (<1L),North,4,3
Madurai Applied Sciences Autonomous College,Madurai,Tamil Nadu,Autonomous,1878,,A++,126,985.0,7.3,80142.0,122692,True,54.0,6.11,30.3,589,1585.4,True,True,False,True,False,True,18.0,University Entrance,7218,148,Low (<1L),South,4,6
Anna University,Chennai,Tamil Nadu,Government,1978,71.0,A++,44,1019.0,3.9,80779.0,97342,True,90.1,17.08,115.92,475,1869.8,False,True,True,True,True,False,51.9,TNEA,4000,48,Low (<1L),South,4,6
Miranda House Delhi,New Delhi,Delhi,Government,1948,249.0,A++,207,1095.0,1.1,68368.0,146998,True,82.5,13.67,83.46,172,,True,False,True,False,True,True,60.6,CUET,1200,78,Low (<1L),North,4,6
Sri Shivaji Institute of Homeopathy Aurangabad,Aurangabad,Maharashtra,Private,1935,,B+,152,488.0,2.1,591456.0,163773,True,80.3,8.18,49.87,369,,True,True,True,True,True,True,58.8,VITEEE,1017,91,High (>5L),West,6,2
St Stephens College,New Delhi,Delhi,Private,1881,250.0,A++,48,169.0,7.1,235810.0,63146,True,72.0,10.9,62.35,158,2173.1,False,False,True,False,True,False,64.5,CUET,1200,145,Medium (1-5L),North,2,6
Vivekananda Autonomous Institute Karaikal,Karaikal,Puducherry,Autonomous,1941,47.0,B++,147,174.0,12.0,113812.0,113348,True,74.0,12.72,61.02,474,556.5,False,False,False,False,True,True,56.9,VITEEE,2096,85,Medium (1-5L),South,2,3
Modern Institute of Arts Panaji,Panaji,Goa,Private,1998,,B,244,1292.0,4.7,378116.0,29703,False,41.1,3.7,18.33,509,581.3,False,True,True,True,True,True,6.1,Own Entrance,6048,28,Medium (1-5L),West,5,1
RV College of Engineering,Bangalore,Karnataka,Autonomous,1963,,A++,180,1297.0,1.4,73738.0,124014,True,55.9,3.06,9.77,179,1893.5,True,True,True,True,True,True,12.8,KCET,1800,63,Low (<1L),South,6,6
Jai Prakash Academy of Physical Education Bhavnagar,Bhavnagar,Gujarat,Deemed,1973,457.0,B,85,1048.0,7.3,283882.0,131552,False,45.6,4.29,23.86,483,261.7,True,False,True,True,True,False,64.5,University Entrance,7618,53,Medium (1-5L),West,4,1
Government Model College Nainital,Nainital,Uttarakhand,Government,1962,83.0,B+,46,310.0,22.7,60446.0,155799,False,71.4,10.36,23.53,464,1800.0,True,False,False,False,False,False,83.3,COMEDK,7024,64,Low (<1L),North,1,2
Prime College of Fashion Design Patna,Patna,Bihar,Private,1933,,A,103,482.0,8.4,572173.0,24182,True,58.1,11.95,74.81,473,2145.0,True,True,False,True,False,False,62.1,MHT CET,4058,93,High (>5L),East,3,4
Government Polytechnic Nashik,Nashik,Maharashtra,Government,1899,38.0,B++,97,694.0,11.2,295001.0,175509,True,92.2,32.37,105.92,169,1785.8,True,True,True,True,True,False,12.4,NATA,7767,127,Medium (1-5L),West,5,3
Global Academy of Medical Sciences Imphal,Imphal,Manipur,Private,1993,,B++,205,300.0,22.1,1420394.0,132069,True,91.3,27.48,133.16,539,747.0,True,True,True,True,True,True,10.9,CAT,6626,33,High (>5L),Other,6,3
Namchi Government Agriculture College,Namchi,Sikkim,Government,1887,,B+,6,394.0,8.0,58482.0,75001,True,92.7,14.6,67.49,337,1986.3,True,True,True,True,True,True,4.6,AP EAMCET,3144,139,Low (<1L),Northeast,6,2
Usha Autonomous Institute Itanagar,Itanagar,Arunachal Pradesh,Autonomous,2007,269.0,B+,184,897.0,6.2,137007.0,160642,False,47.9,3.37,16.21,340,2414.5,True,True,True,True,False,False,65.6,NEET UG,5572,19,Medium (1-5L),Northeast,4,2
Excel Institute of Management Nashik,Nashik,Maharashtra,Private,1994,44.0,B+,140,420.0,10.6,2305857.0,167534,True,94.2,20.58,121.31,220,2023.7,True,False,False,False,True,False,65.8,CUET,4456,32,High (>5L),West,2,2
Aryabhatta Autonomous Institute Lucknow,Lucknow,Uttar Pradesh,Autonomous,1878,68.0,B++,202,270.0,17.2,126502.0,168728,False,90.9,15.82,101.73,13,494.9,False,True,False,True,False,True,81.6,JEE Advanced,4640,148,Medium (1-5L),North,3,3
Shri Ram Foundation Medical Sciences College Imphal,Imphal,Manipur,Private,1988,166.0,B++,103,283.0,23.6,386586.0,24632,False,56.4,2.11,8.76,470,787.8,False,False,True,True,False,False,32.6,TNEA,6691,38,Medium (1-5L),Other,2,3
Bokaro Institute of Pharmacy (Deemed),Bokaro,Jharkhand,Deemed,1978,,B++,112,1017.0,4.6,1299483.0,83938,True,84.6,17.33,93.03,270,2134.5,True,True,True,True,True,False,40.5,VITEEE,4648,48,High (>5L),East,5,3
Nizamabad Autonomous College of Science,Nizamabad,Telangana,Autonomous,1872,,B+,76,600.0,7.4,89366.0,54230,True,49.9,3.33,16.3,392,1036.8,True,True,True,False,False,False,80.9,State Level,4412,154,Low (<1L),South,3,2
Government Applied Sciences College Hamirpur,Hamirpur,Himachal Pradesh,Government,1997,275.0,A,244,1388.0,5.7,46446.0,69648,False,56.3,4.01,8.39,554,451.0,True,True,True,True,True,True,2.6,JEE Advanced,7902,29,Low (<1L),North,6,4
District Education College Davangere,Davangere,Karnataka,Government,2015,,A,67,772.0,3.8,6962.0,50054,True,36.3,3.29,19.59,84,539.5,True,True,False,True,True,False,32.2,SRMJEEE,2945,11,Low (<1L),South,4,4
PSG College of Technology,Coimbatore,Tamil Nadu,Autonomous,1951,234.0,A++,48,1352.0,1.0,121945.0,52812,True,63.8,6.69,16.51,616,2354.1,True,True,True,True,True,True,14.0,TNEA,1400,75,Medium (1-5L),South,6,6
Government Polytechnic Indore,Indore,Madhya Pradesh,Government,1999,77.0,A+,118,278.0,14.3,190753.0,33391,False,89.5,26.58,79.26,95,1191.1,True,True,False,True,False,True,9.4,UPSEE,3969,27,Medium (1-5L),Central,4,5
Mahatma Gandhi Deemed University Kolhapur,Kolhapur,Maharashtra,Deemed,1928,,A,232,1158.0,4.5,1480613.0,148991,True,81.2,19.9,40.1,302,1354.0,True,True,True,True,True,True,34.3,KCET,5177,98,High (>5L),West,6,4
Excel Institute of Engineering Rajkot,Rajkot,Gujarat,Private,2020,157.0,B++,218,576.0,4.8,259971.0,161782,True,43.2,4.17,23.7,118,1384.2,True,False,False,False,False,False,35.9,JEE Advanced,2762,6,Medium (1-5L),West,1,3
Kolkata Institute of Architecture,Kolkata,West Bengal,Private,1920,,B++,149,461.0,7.1,670795.0,107965,True,64.5,6.91,27.54,197,1823.5,True,True,False,True,False,False,1.8,JEE Advanced,3283,106,High (>5L),East,3,3
State Institute of Law Bilaspur,Bilaspur,Chhattisgarh,Government,1980,251.0,A,208,843.0,7.6,32319.0,170171,True,33.7,4.2,12.91,429,931.6,True,False,False,False,False,False,68.5,State Level,6410,46,Low (<1L),Central,1,4
Sonipat Government Engineering College,Sonipat,Haryana,Government,1995,223.0,A,223,1386.0,1.3,31996.0,64877,True,63.4,4.93,29.57,609,190.3,False,False,True,False,True,False,26.5,Own Entrance,1813,31,Low (<1L),North,2,4
Government Polytechnic Tiruchirappalli,Tiruchirappalli,Tamil Nadu,Government,1932,,B+,122,571.0,8.1,89650.0,95981,True,72.1,10.89,62.81,586,1828.2,True,True,True,False,True,True,81.4,NATA,4648,94,Low (<1L),South,5,2
Jaipur Institute of Fine Arts (Deemed),Jaipur,Rajasthan,Deemed,1916,88.0,B,136,1034.0,5.8,881254.0,39688,True,80.6,8.43,54.94,237,664.6,True,True,True,True,True,True,77.2,NATA,6003,110,High (>5L),North,6,1
Hansraj College Delhi,New Delhi,Delhi,Government,1948,,A+,195,140.0,10.7,67654.0,30166,True,74.1,13.79,75.19,496,2302.2,False,True,True,True,True,False,76.4,CUET,1500,78,Low (<1L),North,4,5
Bose College of Hotel Management and Research Dindigul,Dindigul,Tamil Nadu,Private,1897,91.0,B+,116,166.0,18.3,621371.0,92256,True,70.8,6.25,29.66,458,1627.0,True,False,False,True,True,True,57.1,CLAT,3037,129,High (>5L),South,4,2
Sri Devi Ahilya Institute of Nursing Aizawl,Aizawl,Mizoram,Private,1947,64.0,B+,48,823.0,3.9,628650.0,145700,True,65.2,7.71,46.9,348,2247.6,True,True,True,True,True,True,47.6,KCET,3225,79,High (>5L),Northeast,6,2
National Institute of Pharmaceutical Education and Research Mohali,Mohali,Punjab,Government,1998,,A++,152,668.0,0.2,88080.0,146476,True,69.1,10.59,46.8,362,1935.9,True,True,True,True,True,True,34.4,NIPER JEE,150,28,Low (<1L),North,6,6
Raman Foundation Science College Agartala,Agartala,Tripura,Private,1954,,B,51,779.0,4.8,796029.0,119885,True,74.3,8.58,31.95,86,1473.5,True,True,True,True,True,True,66.7,MHT CET,3580,72,High (>5L),Northeast,6,1
Shillong Institute of Arts,Shillong,Meghalaya,Private,1900,,B++,163,439.0,9.9,337700.0,41694,False,55.5,4.64,22.7,20,1507.7,False,False,False,False,False,False,81.1,JEE Advanced,4364,126,Medium (1-5L),Northeast,0,3
Dibrugarh Institute of Hotel Management (Deemed),Dibrugarh,Assam,Deemed,1984,188.0,A,179,393.0,19.7,187148.0,126587,True,59.6,4.08,24.59,21,2125.3,True,True,True,True,True,True,1.6,State Level,7726,42,Medium (1-5L),Northeast,6,4
Swami Deemed University Jammu,Jammu,Jammu & Kashmir,Deemed,1943,223.0,A,122,325.0,9.8,171673.0,165751,True,67.9,5.98,16.04,686,3.7,True,True,True,True,True,False,15.5,State Level,3179,83,Medium (1-5L),North,5,4
Autonomous College of Technology Panaji,Panaji,Goa,Autonomous,1973,193.0,A,104,484.0,10.8,123451.0,35636,True,39.6,3.06,13.04,79,674.3,False,True,True,False,True,False,82.7,State Level,5239,53,Medium (1-5L),West,3,4
Sambalpur Institute of Fine Arts (Deemed),Sambalpur,Odisha,Deemed,2013,,B,59,574.0,4.6,575603.0,68119,True,57.1,4.11,8.69,664,1164.3,True,False,True,True,True,False,83.0,University Entrance,2664,13,High (>5L),East,4,1
Government Model College Jamshedpur,Jamshedpur,Jharkhand,Government,1987,114.0,A,173,1088.0,5.3,20718.0,36986,True,72.6,6.24,26.15,435,2448.7,True,True,True,True,False,True,75.1,JEE Advanced,5794,39,Low (<1L),East,5,4
Acharya Autonomous Institute Guwahati,Guwahati,Assam,Autonomous,1853,219.0,B+,88,795.0,1.2,104089.0,137197,True,49.3,7.35,43.57,430,948.1,False,False,True,False,True,False,44.6,TS EAMCET,936,173,Medium (1-5L),Northeast,2,2
Modern Institute of Medical Sciences Delhi,Delhi,Delhi,Private,1907,,A,34,172.0,15.9,252345.0,105990,True,57.3,4.05,22.36,583,839.6,True,True,False,True,True,True,37.8,UPSEE,2727,119,Medium (1-5L),North,5,4
Padmavati Academy of Computer Science Deoghar,Deoghar,Jharkhand,Deemed,1886,64.0,A,110,85.0,73.2,1287879.0,37082,True,59.1,12.6,44.46,470,2354.6,True,False,True,True,True,True,9.9,GATE,6219,140,High (>5L),East,5,4
District Fine Arts College Puducherry,Puducherry,Puducherry,Government,1940,,B+,216,1328.0,1.5,18069.0,139480,True,37.9,2.49,15.0,318,1096.0,False,False,False,False,False,False,3.1,GATE,2054,86,Low (<1L),South,0,2
Sri Bhabha Institute of Dental Sciences Korba,Korba,Chhattisgarh,Private,1933,81.0,A,62,1208.0,1.4,1369262.0,116364,False,83.3,27.53,185.11,31,2370.4,True,True,True,True,True,False,78.5,KCET,1687,93,High (>5L),Central,5,4
Dayanand Institute of Fine Arts Bhavnagar,Bhavnagar,Gujarat,Private,2023,73.0,B+,232,556.0,10.7,1072844.0,34172,True,94.0,26.7,125.33,358,2408.0,False,False,True,False,True,True,28.2,SRMJEEE,5961,3,High (>5L),West,3,2
Deemed Institute of Dental Sciences Mapusa,Mapusa,Goa,Deemed,1858,,A,228,843.0,8.2,220491.0,24852,False,71.0,4.07,18.69,532,434.1,True,True,False,True,False,False,14.8,WBJEE,6933,168,Medium (1-5L),West,3,4
Government Polytechnic Itanagar,Itanagar,Arunachal Pradesh,Government,1972,274.0,A,79,170.0,42.0,49492.0,56067,True,71.9,5.58,13.39,409,,True,True,True,True,True,True,70.1,JEE Advanced,7134,54,Low (<1L),Northeast,6,4
Prime College of Medical Sciences Tura,Tura,Meghalaya,Private,1948,204.0,B+,190,693.0,6.4,479515.0,55472,False,73.3,5.99,28.67,412,1990.6,False,False,False,False,False,False,30.1,KCET,4432,78,Medium (1-5L),Northeast,0,2
Chanakya Autonomous Institute Bikaner,Bikaner,Rajasthan,Autonomous,1979,435.0,B+,115,118.0,19.7,112657.0,154439,True,40.2,2.04,11.1,112,2331.1,True,True,True,True,True,False,67.7,TNEA,2321,47,Medium (1-5L),North,5,2
Aligarh Autonomous College of Ayurveda,Aligarh,Uttar Pradesh,Autonomous,1991,,B,142,480.0,5.8,186007.0,48993,True,56.3,5.07,25.88,220,2356.3,True,True,True,True,True,True,9.2,AP EAMCET,2765,35,Medium (1-5L),North,6,1
District Technology College Itanagar,Itanagar,Arunachal Pradesh,Government,1972,179.0,B++,177,1265.0,1.6,58178.0,106896,False,69.1,11.9,26.97,293,1939.3,False,True,True,False,False,False,81.3,WBJEE,1961,54,Low (<1L),Northeast,2,3
Shivaji Foundation Physical Education College Kohima,Kohima,Nagaland,Private,1914,,A,168,855.0,3.9,543240.0,81149,True,79.0,9.41,21.18,608,1755.1,True,True,True,False,True,True,41.1,WBJEE,3348,112,High (>5L),Northeast,5,4
Government College of Applied Sciences Pilani,Pilani,Rajasthan,Government,1900,451.0,B,212,791.5,4.1,47955.0,76903,True,43.3,4.85,29.89,23,225.3,False,False,False,False,False,True,5.9,NATA,2683,126,Low (<1L),North,1,1
District Nursing College Solan,Solan,Himachal Pradesh,Government,1906,446.0,B++,229,365.0,21.0,5319.0,168129,False,52.2,2.84,11.48,374,2263.7,False,False,True,False,False,False,2.4,TS EAMCET,7672,120,Low (<1L),North,1,3
Gandhi Foundation Computer Science College Solan,Solan,Himachal Pradesh,Private,1951,160.0,B+,200,211.0,29.2,200967.0,56508,False,44.4,3.67,25.22,70,845.2,True,True,True,True,True,True,37.4,WBJEE,6171,75,Medium (1-5L),North,6,2
State Institute of Journalism Hyderabad,Hyderabad,Telangana,Government,1951,217.0,A++,11,1214.0,1.8,84248.0,107642,True,79.4,11.84,67.44,156,1802.4,False,False,False,True,False,False,26.6,University Entrance,2231,75,Low (<1L),South,1,6
Indian Institute of Technology Kanpur,Kanpur,Uttar Pradesh,Government,1959,,A++,174,805.0,1.1,31837.0,63761,True,72.7,5.46,13.8,488,1766.3,True,True,True,True,True,False,48.2,JEE Advanced,900,67,Low (<1L),North,5,6
National Institute of Design Ahmedabad,Ahmedabad,Gujarat,Government,1961,,A++,196,569.0,0.4,38276.0,144408,True,78.5,8.5,23.95,102,714.1,True,False,True,True,True,True,33.5,NID DAT,200,65,Low (<1L),West,5,6
Meera College of Social Work and Research Junagadh,Junagadh,Gujarat,Private,1955,418.0,B++,180,1352.0,5.0,322303.0,153162,True,36.2,3.78,20.56,573,1051.4,False,False,False,False,True,True,6.3,JEE Main,6754,71,Medium (1-5L),West,2,3
Government College of Law Jabalpur,Jabalpur,Madhya Pradesh,Government,1878,270.0,A,212,924.0,3.1,19506.0,109463,True,63.5,4.07,24.9,615,1476.6,False,True,False,False,False,False,54.3,JEE Advanced,2837,148,Low (<1L),Central,1,4
Modern Institute of Fashion Design Durg,Durg,Chhattisgarh,Private,2010,,A,223,523.0,5.9,266125.0,56392,True,71.6,8.06,32.38,125,1293.1,False,False,False,False,False,True,3.5,SRMJEEE,3101,16,Medium (1-5L),Central,1,4
Ambedkar Foundation Architecture College Aizawl,Aizawl,Mizoram,Private,1879,177.0,B,144,510.0,5.5,705972.0,63287,False,70.3,5.53,12.97,438,2030.4,True,True,True,False,True,True,7.0,Own Entrance,2812,147,High (>5L),Northeast,5,1
VJTI Mumbai,Mumbai,Maharashtra,Government,1887,190.0,A+,87,791.5,4.1,81265.0,143021,True,84.6,13.69,32.5,256,828.6,True,True,True,False,True,True,24.4,MHT CET,800,139,Low (<1L),West,5,5
Namchi Autonomous College of Agriculture,Namchi,Sikkim,Autonomous,1896,,B,25,1271.0,3.7,138360.0,82448,False,37.5,2.31,6.12,539,2314.3,False,False,False,False,True,True,21.0,KCET,4658,130,Medium (1-5L),Northeast,2,1
Padmavati Autonomous Institute Rewa,Rewa,Madhya Pradesh,Autonomous,1958,174.0,B++,179,1072.0,7.3,80752.0,22955,True,51.15,4.28,27.79,546,160.1,False,False,True,True,False,False,77.2,COMEDK,7821,68,Low (<1L),Central,2,3
Padmavati Academy of Fine Arts Imphal,Imphal,Manipur,Deemed,2014,74.0,A++,188,846.0,5.6,800410.0,114555,True,86.6,17.93,89.99,50,869.6,True,False,True,False,True,True,67.2,CUET,4775,12,High (>5L),Other,4,6
Meerut Government Commerce College,Meerut,Uttar Pradesh,Government,1969,104.0,A+,138,730.0,1.5,76967.0,174728,True,83.2,13.91,56.18,450,885.4,True,False,True,True,True,False,7.8,TNEA,1080,57,Low (<1L),North,4,5
Galgotias Institute of Fashion Design Tura,Tura,Meghalaya,Private,1925,159.0,A,17,1316.0,4.3,746588.0,52861,True,72.0,8.01,49.73,554,1872.3,True,True,False,True,False,True,62.5,NEET UG,5603,101,High (>5L),Northeast,4,4
Deemed Institute of Architecture Berhampur,Berhampur,Odisha,Deemed,1956,414.0,A,210,322.0,16.2,144343.0,59743,True,59.1,4.12,24.46,449,1034.7,True,True,True,False,True,True,35.4,WBJEE,5216,70,Medium (1-5L),East,5,4
Shillong Institute of Agriculture,Shillong,Meghalaya,Private,1910,90.0,A,220,1389.0,3.1,216212.0,115705,True,75.6,7.01,19.05,185,452.8,False,False,False,False,False,False,53.9,AP EAMCET,4305,116,Medium (1-5L),Northeast,0,4
Patel Autonomous Institute Kohima,Kohima,Nagaland,Autonomous,1885,,A,199,662.0,6.5,96750.0,88170,True,43.1,4.3,23.43,90,1057.2,False,True,True,False,False,False,41.8,WBJEE,4320,141,Low (<1L),Northeast,2,4
Bhabha University Palakkad,Palakkad,Kerala,Private,1904,153.0,B+,72,1053.0,2.6,164516.0,165156,True,32.8,5.48,25.145,652,1677.0,True,False,True,False,True,False,39.6,TS EAMCET,2764,122,Medium (1-5L),South,3,2
Mysore University,Mysore,Karnataka,Government,1916,,A+,99,1483.0,1.3,86587.0,171087,True,73.4,14.78,71.55,125,1451.5,True,True,True,True,True,True,81.8,Own Entrance,2000,110,Low (<1L),South,6,5
Government College of Fashion Design Dehradun,Dehradun,Uttarakhand,Government,1907,,A,228,1120.0,1.0,157800.0,26513,True,93.9,25.19,67.97,636,2332.7,True,True,True,True,True,True,39.5,UPSEE,1162,119,Medium (1-5L),North,6,4
Academy of Education Anand,Anand,Gujarat,Deemed,1858,,B++,135,421.0,2.9,169315.0,174980,True,25.5,4.81,30.44,311,411.8,False,True,False,False,False,False,24.1,KCET,1216,168,Medium (1-5L),West,1,3
Ujjain College of Physical Education,Ujjain,Madhya Pradesh,Private,1946,303.0,B,10,1027.0,3.8,321615.0,152459,False,45.1,3.52,9.78,400,,False,False,True,True,True,True,8.0,CLAT,3916,80,Medium (1-5L),Central,4,1
National Institute of Technology Calicut,Kozhikode,Kerala,Government,1961,245.0,A+,64,554.0,1.4,70771.0,164281,True,72.6,8.07,32.5,133,1803.8,True,True,True,True,True,True,27.5,JEE Main,800,65,Low (<1L),South,6,5
Meera Deemed University Dindigul,Dindigul,Tamil Nadu,Deemed,2018,280.0,B,188,545.0,5.6,226598.0,48165,True,25.4,3.4,15.14,288,1047.3,True,False,True,False,True,False,81.8,University Entrance,3056,8,Medium (1-5L),South,3,1
Chanakya College of Agriculture and Research Shillong,Shillong,Meghalaya,Private,2003,160.0,B+,90,1323.0,3.6,419137.0,112597,True,61.5,8.95,49.42,567,805.7,False,False,False,True,False,False,74.4,AP EAMCET,4715,23,Medium (1-5L),Northeast,1,2
IISER Kolkata,Kolkata,West Bengal,Government,2006,31.0,A+,109,1300.0,0.1,203967.0,60507,True,97.4,27.06,166.92,296,83.7,True,True,True,False,False,False,32.1,IAT,180,20,Medium (1-5L),East,3,5
Government College of Veterinary Science Shillong,Shillong,Meghalaya,Government,1959,389.0,A,22,1225.0,3.8,46446.0,30567,True,56.9,4.17,26.1,595,1886.9,True,True,True,True,True,True,46.8,BITSAT,4662,67,Low (<1L),Northeast,6,4
Pilani Autonomous College of Commerce,Pilani,Rajasthan,Autonomous,1975,397.0,B+,206,194.0,34.9,50397.0,61086,False,22.9,3.56,14.19,339,1107.7,True,False,True,False,False,False,58.1,NATA,6778,51,Low (<1L),North,2,2
Government Model College Nagaon,Nagaon,Assam,Government,1872,136.0,B,14,1007.0,5.2,27620.0,56243,False,70.9,13.32,79.58,380,97.4,True,True,True,True,False,True,45.8,University Entrance,5274,154,Low (<1L),Northeast,5,1
Vidyasagar Deemed University Margao,Margao,Goa,Deemed,1967,,A,46,70.0,99.8,87548.0,120708,True,30.2,4.0,24.18,294,413.0,False,False,True,True,True,True,39.0,KCET,6989,59,Low (<1L),West,4,4
Surat Journalism Autonomous College,Surat,Gujarat,Autonomous,1867,142.0,B++,114,576.0,5.0,123099.0,86611,False,52.6,7.02,26.66,64,2065.0,True,True,True,True,True,True,18.7,TS EAMCET,2889,159,Medium (1-5L),West,6,3
Gandhi Deemed University New Delhi,New Delhi,Delhi,Deemed,1997,51.0,A,12,1102.0,0.7,457244.0,78248,True,62.0,4.8,13.08,687,420.0,False,False,False,True,True,False,38.6,UPSEE,773,29,Medium (1-5L),North,2,4
Government College of Agriculture Gangtok,Gangtok,Sikkim,Government,2017,,B+,56,1476.0,0.7,24068.0,43888,True,57.7,4.43,27.79,454,919.2,True,True,True,True,True,False,27.1,NATA,997,9,Low (<1L),Northeast,5,2
Excel Institute of Technology Dimapur,Dimapur,Nagaland,Private,1955,,A,173,175.0,41.9,584169.0,113270,False,72.7,11.87,27.78,624,1677.6,True,True,True,True,True,True,48.6,GATE,7327,71,High (>5L),Northeast,6,4
Autonomous College of Engineering Dindigul,Dindigul,Tamil Nadu,Autonomous,1889,,B,192,640.0,0.4,234439.0,48646,True,74.1,7.45,50.61,403,692.8,False,True,False,False,False,False,8.9,AP EAMCET,286,137,Medium (1-5L),South,1,1
Kalam Foundation Social Work College Bokaro,Bokaro,Jharkhand,Private,2012,242.0,B++,248,418.0,8.8,378116.0,110605,True,33.1,2.74,6.64,233,2199.3,True,True,True,False,True,True,26.2,JEE Advanced,3697,14,Medium (1-5L),East,5,3
Indian Institute of Technology Tirupati,Tirupati,Andhra Pradesh,Government,2015,469.0,A,55,1413.0,0.2,5110.0,156293,False,62.4,4.15,23.23,382,1079.4,False,True,True,True,False,False,80.7,JEE Advanced,300,11,Low (<1L),South,3,4
Modern Institute of Science Aizawl,Aizawl,Mizoram,Private,1921,,B++,230,779.0,4.8,1563352.0,117021,True,90.4,21.33,68.41,312,1690.7,True,True,True,True,True,True,24.1,CLAT,5401,105,High (>5L),Northeast,6,3
Global Academy of Information Technology Ramagundam,Ramagundam,Telangana,Private,1940,217.0,A+,208,532.0,14.0,674472.0,148763,True,61.3,4.98,21.92,425,568.7,True,True,False,True,True,True,38.4,VITEEE,7469,86,High (>5L),South,5,5
Excel Institute of Information Technology Kurukshetra,Kurukshetra,Haryana,Private,1882,358.0,B++,90,80.0,64.9,338547.0,50556,True,47.5,3.17,14.31,241,2418.2,False,False,True,False,True,True,6.6,AP EAMCET,5191,144,Medium (1-5L),North,3,3
Sri Devi Ahilya Institute of Engineering Bhavnagar,Bhavnagar,Gujarat,Private,2022,,B+,221,153.0,49.5,255191.0,129327,False,65.7,7.0,27.17,378,74.7,False,True,False,True,True,True,30.3,NATA,7571,4,Medium (1-5L),West,4,2
Sapru Academy of Dental Sciences Agartala,Agartala,Tripura,Deemed,1981,162.0,B+,73,1116.0,3.1,309813.0,141532,True,60.6,3.88,7.95,329,1141.6,True,True,True,True,True,True,3.0,University Entrance,3511,45,Medium (1-5L),Northeast,6,2
Shimla Institute of Law (Deemed),Shimla,Himachal Pradesh,Deemed,1929,441.0,A,86,393.0,11.6,167997.0,70182,True,44.1,5.82,25.11,480,1111.8,True,True,True,True,True,True,32.9,TS EAMCET,4559,97,Medium (1-5L),North,6,4
Rani College of Homeopathy and Research Bilaspur,Bilaspur,Chhattisgarh,Private,1951,121.0,B++,8,687.0,1.5,424164.0,47757,True,64.6,5.39,21.62,408,533.5,True,True,True,True,True,True,19.5,TS EAMCET,1049,75,Medium (1-5L),Central,6,3
Namchi Institute of Law (Deemed),Namchi,Sikkim,Deemed,1991,164.0,A,63,925.0,4.5,472406.0,36195,True,51.2,8.92,31.19,42,1745.5,True,False,True,True,False,True,77.8,JEE Main,4147,35,Medium (1-5L),Northeast,4,4
Autonomous College of Ayurveda Ambala,Ambala,Haryana,Autonomous,2006,138.0,B++,97,1027.0,2.8,249870.0,28459,False,62.4,7.47,27.65,594,865.2,True,False,True,True,True,True,43.7,JEE Main,2848,20,Medium (1-5L),North,5,3
Shri Ram Autonomous Institute Mapusa,Mapusa,Goa,Autonomous,1969,235.0,B++,120,451.0,8.4,93563.0,123937,True,70.5,7.13,45.41,160,640.8,False,False,True,False,False,True,24.0,GATE,3785,57,Low (<1L),West,2,3
Jabalpur Autonomous College of Law,Jabalpur,Madhya Pradesh,Autonomous,1995,,B+,138,1431.0,1.4,125922.0,162609,True,27.0,4.89,14.92,508,512.8,False,False,True,False,False,False,56.3,University Entrance,2061,31,Medium (1-5L),Central,1,2
Government College of Technology Darbhanga,Darbhanga,Bihar,Government,1977,170.0,B,122,570.0,7.2,40594.0,128400,True,73.6,9.46,22.48,452,1029.3,True,True,True,True,True,True,59.2,University Entrance,4113,49,Low (<1L),East,6,1
Haldwani College of Management,Haldwani,Uttarakhand,Private,1946,,B,244,139.0,49.3,609148.0,78394,False,79.1,7.41,23.07,312,2051.5,True,True,True,True,True,True,69.3,WBJEE,6849,80,High (>5L),North,6,1
Raman Autonomous Institute Agartala,Agartala,Tripura,Autonomous,1856,70.0,B++,15,731.0,3.7,63634.0,82601,True,66.0,4.8,21.8,289,1875.5,True,False,True,True,True,True,64.8,VITEEE,2669,170,Low (<1L),Northeast,5,3
Aryabhatta University Korba,Korba,Chhattisgarh,Private,1975,430.0,B+,71,1470.0,4.1,274442.0,130720,True,53.9,4.87,29.81,528,167.8,True,True,True,True,True,True,36.4,VITEEE,6097,51,Medium (1-5L),Central,6,2
District Veterinary Science College Dhanbad,Dhanbad,Jharkhand,Government,1970,227.0,B++,113,1392.0,4.2,93761.0,88512,True,85.3,10.62,70.48,215,512.9,True,True,True,True,True,True,31.1,GATE,5826,56,Low (<1L),East,6,3
Itanagar Institute of Architecture (Deemed),Itanagar,Arunachal Pradesh,Deemed,2005,,A,18,466.0,6.3,240707.0,144893,True,40.9,3.92,17.83,499,1675.4,True,False,True,True,False,True,2.8,NEET UG,2916,21,Medium (1-5L),Northeast,4,4
Bhavnagar Institute of Fine Arts (Deemed),Bhavnagar,Gujarat,Deemed,1950,2.0,A,30,518.0,2.4,1338607.0,95136,False,83.5,12.55,72.87,453,1880.7,True,True,False,True,False,False,23.7,TNEA,1263,76,High (>5L),West,3,4
Haldwani College of Ayurveda,Haldwani,Uttarakhand,Private,1923,212.0,A+,17,1267.0,4.1,597877.0,142912,False,56.1,7.48,15.94,12,1655.8,False,True,True,True,True,False,75.4,SRMJEEE,5152,103,High (>5L),North,4,5
Indian Institute of Management Lucknow,Lucknow,Uttar Pradesh,Government,1984,158.0,A++,137,503.0,0.9,26953.0,44951,True,65.0,9.77,26.02,465,25.2,True,True,True,True,True,True,59.4,CAT,450,42,Low (<1L),North,6,6
Excel Institute of Science New Delhi,New Delhi,Delhi,Private,2004,186.0,A,38,338.0,16.7,193609.0,172494,True,27.5,4.09,27.49,631,356.8,False,True,True,False,True,True,30.2,CLAT,5643,22,Medium (1-5L),North,4,4
Government Model College Bangalore,Bangalore,Karnataka,Government,1977,331.0,B+,198,1330.0,3.7,47744.0,165431,True,44.5,5.12,12.93,407,2210.5,True,True,True,True,True,True,14.1,CUET,4890,49,Low (<1L),South,6,2
Modern Institute of Applied Sciences Hubli,Hubli,Karnataka,Private,2008,,B,40,292.0,5.6,1360174.0,56573,False,89.1,13.75,46.36,597,924.1,False,False,False,False,False,False,10.8,KCET,1648,18,High (>5L),South,0,1
Tagore College of Physical Education and Research Siliguri,Siliguri,West Bengal,Private,1961,,A,75,692.0,5.4,1557320.0,61345,True,82.1,21.48,99.64,452,,False,False,True,False,True,False,61.0,MHT CET,3738,65,High (>5L),East,2,4
District Fashion Design College Gulbarga,Gulbarga,Karnataka,Government,1978,291.0,B++,194,104.0,43.0,15796.0,55500,True,64.1,5.2,30.22,49,1139.9,False,False,False,False,False,True,12.7,SRMJEEE,4467,48,Low (<1L),South,1,3
Academy of Fine Arts Indore,Indore,Madhya Pradesh,Deemed,1927,,A,114,350.0,22.5,251970.0,129674,True,65.9,6.21,38.06,570,1421.3,True,False,True,True,False,False,84.2,JEE Main,7871,99,Medium (1-5L),Central,3,4
Deemed Institute of Agriculture Chennai,Chennai,Tamil Nadu,Deemed,1936,347.0,B++,113,44.0,35.6,249566.0,142402,False,43.9,2.36,9.66,616,1714.2,False,False,True,False,False,False,61.4,UPSEE,1566,90,Medium (1-5L),South,1,3
Government Hotel Management College Darbhanga,Darbhanga,Bihar,Government,1946,87.0,B+,49,366.0,13.8,29742.0,20640,True,84.6,7.24,31.87,437,107.2,True,False,True,True,True,True,5.7,State Level,5052,80,Low (<1L),East,5,2
Autonomous College of Law Dehradun,Dehradun,Uttarakhand,Autonomous,1891,10.0,B++,8,238.0,8.0,444272.0,70900,True,80.6,13.42,83.9,63,1241.5,True,True,True,False,True,True,42.7,TNEA,1907,135,Medium (1-5L),North,5,3
Indira University New Delhi,New Delhi,Delhi,Private,1891,255.0,B+,146,1471.0,1.5,229177.0,60606,True,35.4,4.1,18.35,384,1555.4,False,True,False,True,True,True,64.3,University Entrance,2270,135,Medium (1-5L),North,4,2
Bhabha University Hyderabad,Hyderabad,Telangana,Private,1973,441.0,A,160,1393.0,3.6,274119.0,65349,False,29.6,4.13,21.04,672,1365.8,True,False,False,False,False,False,38.2,MHT CET,4976,53,Medium (1-5L),South,1,4
Punjab Agricultural University,Ludhiana,Punjab,Government,1962,193.0,A+,137,1331.0,0.5,16276.0,66296,True,74.7,6.34,41.0,556,1802.0,True,True,True,True,True,True,67.0,Own Entrance,600,64,Low (<1L),North,6,5
Assam State Applied Sciences College Guwahati,Guwahati,Assam,Government,2008,85.0,A,28,961.0,1.8,62401.0,54201,True,87.6,34.49,91.24,422,2478.4,True,True,True,True,True,True,27.1,CLAT,1765,18,Low (<1L),Northeast,6,4
Maulana Azad National Institute of Technology,Bhopal,Madhya Pradesh,Government,1960,118.0,A+,219,1420.0,0.5,71626.0,104494,False,78.9,5.26,16.54,599,1468.6,True,True,True,True,True,True,2.7,JEE Main,700,66,Low (<1L),Central,6,5
Bardhaman Institute of Nursing (Deemed),Bardhaman,West Bengal,Deemed,2017,203.0,B+,201,1402.0,3.3,215144.0,174858,True,54.3,3.93,21.42,370,1716.1,False,False,True,True,False,False,69.3,AP EAMCET,4565,9,Medium (1-5L),East,2,2
Indian Institute of Technology Dhanbad,Dhanbad,Jharkhand,Government,1926,84.0,A+,175,56.0,16.1,86200.0,99303,True,79.1,14.87,78.36,577,749.8,False,True,True,True,False,False,56.7,JEE Advanced,900,100,Low (<1L),East,3,5
Ramanujan Deemed University Puducherry,Puducherry,Puducherry,Deemed,1903,214.0,A,204,1318.0,2.6,241011.0,166345,False,38.8,3.42,23.92,661,2382.9,True,True,False,True,False,False,72.9,NATA,3420,123,Medium (1-5L),South,3,4
Bhagat Singh Deemed University Alappuzha,Alappuzha,Kerala,Deemed,1999,,A,200,1038.0,7.7,289973.0,43012,True,51.5,9.04,33.48,178,661.4,False,False,False,False,False,False,82.6,UPSEE,7944,27,Medium (1-5L),South,0,4
Kohima Institute of Commerce,Kohima,Nagaland,Private,1868,202.0,A,201,267.0,13.1,478364.0,114490,True,70.2,10.39,62.3,173,271.2,False,False,True,False,False,False,48.4,GATE,3485,158,Medium (1-5L),Northeast,1,4
Government Model College Belgaum,Belgaum,Karnataka,Government,2019,86.0,B+,65,384.0,9.9,136546.0,22781,True,87.9,21.51,131.96,471,2044.2,True,False,False,True,False,False,83.4,TS EAMCET,3815,7,Medium (1-5L),South,2,2
Government Model College Ambala,Ambala,Haryana,Government,1939,166.0,B++,240,1454.0,0.9,46446.0,86816,False,48.9,3.55,8.99,195,2263.0,True,True,True,True,True,True,67.3,AP EAMCET,1325,87,Low (<1L),North,6,3
Academy of Science Tezpur,Tezpur,Assam,Deemed,1900,21.0,B+,91,762.0,2.4,669451.0,73656,True,88.9,13.33,83.97,422,1939.8,True,False,False,False,False,False,29.6,NATA,1810,126,High (>5L),Northeast,1,2
Prime College of Social Work Agartala,Agartala,Tripura,Private,1930,213.0,A+,151,1485.0,4.4,504909.0,32992,False,76.4,6.24,28.11,378,2056.4,False,False,False,True,False,True,23.1,BITSAT,6600,96,High (>5L),Northeast,2,5
Shillong Architecture Autonomous College,Shillong,Meghalaya,Autonomous,1979,180.0,B++,197,1146.0,6.6,71891.0,146459,True,23.2,3.73,11.53,391,546.7,False,True,True,True,True,True,2.2,BITSAT,7610,47,Low (<1L),Northeast,5,3
Autonomous College of Agriculture Roorkee,Roorkee,Uttarakhand,Autonomous,1929,201.0,B+,237,1275.0,0.3,224681.0,121092,True,51.4,4.17,9.18,352,1622.6,False,True,True,True,True,False,72.6,WBJEE,348,97,Medium (1-5L),North,4,2
Narayana Deemed University Tura,Tura,Meghalaya,Deemed,1997,19.0,A,171,635.0,4.5,935869.0,81635,True,93.5,15.98,92.19,112,996.0,True,True,True,True,True,True,30.5,Own Entrance,2889,29,High (>5L),Northeast,6,4
Tiruchirappalli Homeopathy Autonomous College,Tiruchirappalli,Tamil Nadu,Autonomous,1991,330.0,B+,34,322.0,1.5,130359.0,118888,True,40.9,3.18,13.15,458,296.7,True,True,False,False,True,False,52.7,VITEEE,487,35,Medium (1-5L),South,3,2
Imphal College of Dental Sciences,Imphal,Manipur,Private,1893,196.0,B++,60,143.0,44.4,586140.0,122248,True,60.7,9.25,29.83,167,872.0,False,False,True,False,True,False,17.6,KCET,6351,133,High (>5L),Other,2,3
IISER Bhopal,Bhopal,Madhya Pradesh,Government,2008,67.0,A+,61,1071.0,0.1,174845.0,137512,True,95.9,23.8,60.58,639,110.3,True,False,False,False,False,False,66.8,IAT,160,18,Medium (1-5L),Central,1,5
Global Academy of Fashion Design Ranchi,Ranchi,Jharkhand,Private,1968,30.0,B+,220,1383.0,2.6,519692.0,121652,True,85.0,16.2,108.68,611,1998.0,False,False,False,False,True,False,39.2,University Entrance,3628,58,High (>5L),East,1,2
Ahmedabad Government Science College,Ahmedabad,Gujarat,Government,1858,,A,158,728.0,4.6,88469.0,169899,True,81.5,11.69,72.75,476,2159.1,False,True,False,True,True,False,78.2,CAT,3347,168,Low (<1L),West,3,4
Global Academy of Science Karaikal,Karaikal,Puducherry,Private,1982,202.0,A,163,71.0,1.7,146467.0,72850,False,33.8,5.48,25.145,15,1218.4,True,True,True,True,True,True,49.2,MHT CET,119,44,Medium (1-5L),South,6,4
District Dental Sciences College Nainital,Nainital,Uttarakhand,Government,1884,,B+,187,54.0,76.6,49900.0,159567,True,54.4,3.62,18.39,445,1757.1,True,True,True,True,True,True,64.0,VITEEE,4138,142,Low (<1L),North,6,2
Nehru Deemed University Puducherry,Puducherry,Puducherry,Deemed,1918,40.0,B,101,94.0,36.9,1192912.0,130288,True,89.7,5.82,25.11,619,,True,True,True,True,True,True,21.4,State Level,3465,108,High (>5L),South,6,1
Government Computer Science College Baramulla,Baramulla,Jammu & Kashmir,Government,1870,,A+,95,356.0,1.5,121100.0,83447,True,97.6,8.07,32.5,400,2015.6,True,True,True,True,True,True,40.4,VITEEE,525,156,Medium (1-5L),North,6,5
Sri Sardar Institute of Information Technology Kannur,Kannur,Kerala,Private,1949,201.0,B++,137,1437.0,4.7,118259.0,88424,False,56.6,3.48,9.81,118,1163.4,True,True,True,False,True,True,7.9,University Entrance,6787,77,Medium (1-5L),South,5,3
District Education College Gurugram,Gurugram,Haryana,Government,1892,,A,9,127.0,6.2,42121.0,46980,True,30.3,3.38,8.4,81,1150.3,False,True,True,True,True,True,56.3,AP EAMCET,792,134,Low (<1L),North,5,4
Modern Institute of Law Gangtok,Gangtok,Sikkim,Private,2022,156.0,B,128,1406.0,4.3,695268.0,62474,True,71.8,5.48,25.145,142,434.9,True,True,True,True,True,True,14.1,State Level,6077,4,High (>5L),Northeast,6,1
Assam State Architecture College Silchar,Silchar,Assam,Government,1899,492.0,A,133,934.0,7.7,45375.0,153770,True,48.0,5.21,35.76,453,589.7,True,True,False,True,False,True,54.1,AP EAMCET,7226,127,Low (<1L),Northeast,4,4
Siliguri Fine Arts Autonomous College,Siliguri,West Bengal,Autonomous,1968,59.0,B+,233,1268.0,4.3,356440.0,119030,True,87.5,6.92,31.93,582,2352.5,False,True,False,True,True,True,47.6,CAT,5441,58,Medium (1-5L),East,4,2
Government Model College Aizawl,Aizawl,Mizoram,Government,1984,46.0,A+,217,479.0,10.4,161388.0,25781,True,93.7,13.46,47.1,125,1467.1,True,True,True,True,True,True,64.6,BITSAT,4991,42,Medium (1-5L),Northeast,6,5
Sagar Institute of Hotel Management,Sagar,Madhya Pradesh,Private,1924,,A,249,183.0,34.9,157336.0,121589,True,60.7,3.93,11.56,152,1476.4,False,True,False,False,False,False,80.7,CUET,6394,102,Medium (1-5L),Central,1,4
Jawaharlal Institute of Fine Arts Kharagpur,Kharagpur,West Bengal,Private,1860,207.0,B+,205,547.0,9.7,139753.0,169595,True,43.6,2.44,13.8,564,,True,True,True,True,True,True,58.8,NATA,5314,166,Medium (1-5L),East,6,2
Kochi Government Journalism College,Kochi,Kerala,Government,2018,20.0,A,131,791.5,4.1,262990.0,64711,False,93.4,8.07,32.5,389,404.0,False,False,False,False,True,True,44.1,CAT,2353,8,Medium (1-5L),South,2,4
Symbiosis Centre for Management,Pune,Maharashtra,Deemed,1993,160.0,A+,36,719.0,1.1,488683.0,136242,True,72.7,4.1,25.57,53,2355.8,True,True,True,True,True,True,5.3,SNAP,800,33,Medium (1-5L),West,6,5
Sardar University Pilani,Pilani,Rajasthan,Private,2009,72.0,B++,155,848.0,6.1,516020.0,153222,False,72.9,4.68,10.67,667,1688.4,True,False,False,True,False,True,82.0,GATE,5184,17,High (>5L),North,3,3
Bathinda Management Autonomous College,Bathinda,Punjab,Autonomous,1983,,B+,228,271.0,23.2,245819.0,132513,True,68.0,7.38,30.81,128,187.8,True,False,False,True,False,False,66.8,MHT CET,6286,43,Medium (1-5L),North,2,2
Mahatma Gandhi Foundation Journalism College Panaji,Panaji,Goa,Private,1946,,B,10,383.0,7.3,498131.0,129374,False,56.9,5.05,21.07,287,150.8,False,True,False,True,True,False,30.8,NATA,2793,80,Medium (1-5L),West,3,1
Ambedkar College of Journalism and Research Aurangabad,Aurangabad,Maharashtra,Private,1891,,A,167,763.0,5.0,171295.0,104566,True,53.4,4.55,10.45,612,1611.5,False,True,True,True,True,False,16.3,BITSAT,3831,135,Medium (1-5L),West,4,4
Devi Ahilya Foundation Veterinary Science College Bilaspur,Bilaspur,Chhattisgarh,Private,1908,,A,66,1452.0,2.8,226757.0,138232,True,53.6,2.38,10.95,366,1454.6,False,False,True,True,False,True,26.8,JEE Advanced,4123,118,Medium (1-5L),Central,3,4
Modern Institute of Ayurveda Agra,Agra,Uttar Pradesh,Private,1978,,B++,86,1109.0,1.8,306174.0,118909,False,50.5,4.47,16.87,553,197.3,False,False,True,True,False,False,51.9,CUET,2032,48,Medium (1-5L),North,2,3
Saraswati Academy of Information Technology Itanagar,Itanagar,Arunachal Pradesh,Deemed,1966,31.0,A+,219,722.0,9.2,1057646.0,170366,True,79.9,18.68,105.59,279,197.6,True,False,True,True,False,True,71.8,WBJEE,6616,60,High (>5L),Northeast,4,5
Autonomous College of Dental Sciences Agartala,Agartala,Tripura,Autonomous,1853,327.0,B,156,516.0,9.3,123346.0,88150,True,30.9,3.25,13.52,168,2235.8,True,False,True,True,True,True,31.0,UPSEE,4823,173,Medium (1-5L),Northeast,5,1
Modern Institute of Agriculture Prayagraj,Prayagraj,Uttar Pradesh,Private,2001,374.0,B+,240,160.0,36.4,392910.0,164879,True,45.0,4.67,29.76,169,1327.6,True,False,True,False,True,True,83.5,CAT,5829,25,Medium (1-5L),North,4,2
Patel Academy of Homeopathy Naharlagun,Naharlagun,Arunachal Pradesh,Deemed,2009,333.0,A,111,896.0,6.8,92795.0,46982,True,42.1,5.97,25.66,185,517.4,True,True,False,False,False,False,77.3,TS EAMCET,6080,17,Low (<1L),Northeast,2,4
Bhagat Singh Foundation Law College Rourkela,Rourkela,Odisha,Private,1922,,A,92,1303.0,4.9,319439.0,137870,False,25.9,3.33,9.65,561,1099.1,True,True,True,True,True,False,1.2,WBJEE,6409,104,Medium (1-5L),East,5,4
Vivekananda Institute of Architecture Itanagar,Itanagar,Arunachal Pradesh,Private,1968,,A,166,200.0,8.9,189135.0,122252,True,33.4,2.11,13.21,508,1404.2,True,True,False,True,False,True,30.0,VITEEE,1785,58,Medium (1-5L),Northeast,4,4
Autonomous College of Agriculture Dharamsala,Dharamsala,Himachal Pradesh,Autonomous,1974,473.0,A,240,1354.0,5.0,108539.0,59112,False,46.9,3.0,17.95,620,1202.1,False,False,False,True,True,False,17.4,UPSEE,6800,52,Medium (1-5L),North,2,4
Academy of Medical Sciences Itanagar,Itanagar,Arunachal Pradesh,Deemed,1894,,B++,94,656.0,8.7,677488.0,151042,True,87.2,9.23,56.6,438,13.4,False,True,True,False,True,True,20.8,Own Entrance,5726,132,High (>5L),Northeast,4,3
Government Polytechnic Rajahmundry,Rajahmundry,Andhra Pradesh,Government,1894,63.0,A+,107,879.0,0.2,46446.0,123394,True,68.9,11.94,26.25,10,657.2,True,True,True,True,True,True,70.8,Own Entrance,153,132,Low (<1L),South,6,5
Autonomous College of Arts Jaipur,Jaipur,Rajasthan,Autonomous,1954,,B+,38,732.0,9.0,82706.0,141824,False,33.2,4.69,23.09,284,1412.1,False,True,True,False,False,True,63.0,VITEEE,6578,72,Low (<1L),North,3,2
District Education College Aurangabad,Aurangabad,Maharashtra,Government,1869,52.0,B+,149,910.0,4.6,117280.0,29998,True,96.3,8.07,32.5,343,660.5,False,False,False,False,False,True,48.5,Own Entrance,4152,157,Medium (1-5L),West,1,2
Government Hotel Management College Belgaum,Belgaum,Karnataka,Government,1904,206.0,A,151,1190.0,5.6,76973.0,126736,True,81.1,6.45,37.87,607,664.5,True,False,True,False,False,True,20.0,GATE,6631,122,Low (<1L),South,3,4
Ramanujan Autonomous Institute Namchi,Namchi,Sikkim,Autonomous,1952,486.0,B+,127,176.0,19.0,123346.0,106788,False,48.2,2.17,10.77,389,182.2,False,False,False,True,False,False,9.8,Own Entrance,3345,74,Medium (1-5L),Northeast,1,2
District Commerce College Jammu,Jammu,Jammu & Kashmir,Government,1858,21.0,B++,160,836.0,4.0,287868.0,32833,True,92.7,22.56,102.81,519,1970.2,True,True,False,False,False,False,11.1,VITEEE,3313,168,Medium (1-5L),North,2,3
Government Model College Tura,Tura,Meghalaya,Government,1989,,A+,92,261.0,16.5,63004.0,137377,True,67.5,10.93,69.32,72,,True,True,True,False,True,False,17.4,JEE Main,4294,37,Low (<1L),Northeast,4,5
Jawaharlal University Solan,Solan,H.P.,Private,1898,398.0,B++,250,610.0,10.7,308978.0,86576,False,30.4,3.17,11.14,482,235.8,True,False,True,True,False,False,59.5,CLAT,6539,128,Medium (1-5L),Other,3,3
Solapur Institute of Fine Arts (Deemed),Solapur,Maharashtra,Deemed,2004,,A,19,840.0,5.1,818428.0,73554,False,59.1,8.35,37.82,134,751.2,False,True,False,True,False,True,41.6,CUET,4318,22,High (>5L),West,3,4
Surat Institute of Computer Science (Deemed),Surat,Gujarat,Deemed,1978,98.0,B++,66,1374.0,1.5,666805.0,43166,False,79.0,14.81,59.84,260,,True,True,True,True,True,True,7.1,COMEDK,2100,48,High (>5L),West,6,3
Karaikal Government Law College,Karaikal,Puducherry,Government,2020,246.0,A,166,949.0,2.0,81648.0,37645,True,84.9,13.56,81.03,140,681.1,True,False,True,True,False,True,63.7,COMEDK,1927,6,Low (<1L),South,4,4
Dharamsala Institute of Computer Science,Dharamsala,Himachal Pradesh,Private,1928,225.0,B,239,779.0,4.8,556371.0,72029,True,71.1,4.37,11.07,347,1941.2,True,False,True,False,True,True,69.6,VITEEE,3374,98,High (>5L),North,4,1
Academy of Veterinary Science Ludhiana,Ludhiana,Punjab,Deemed,2002,319.0,B++,227,1159.0,4.0,220052.0,90390,True,32.1,4.49,21.14,26,2382.8,False,False,False,False,False,True,11.7,JEE Advanced,4627,24,Medium (1-5L),North,1,3
Amrita University Vadodara,Vadodara,Gujarat,Private,1942,,A++,218,1214.0,5.5,407739.0,178086,True,66.7,4.74,19.77,639,2136.4,True,True,True,True,True,True,69.4,MHT CET,6694,84,Medium (1-5L),West,6,6
Patel Autonomous Institute Dhanbad,Dhanbad,Jharkhand,Autonomous,1851,406.0,B++,143,303.0,12.1,91972.0,134071,False,31.4,3.01,6.69,569,2424.7,True,True,True,False,False,True,26.1,MHT CET,3675,175,Low (<1L),East,4,3
Gandhi Academy of Computer Science Bikaner,Bikaner,Rajasthan,Deemed,1993,90.0,A+,168,874.0,8.4,1486302.0,82787,True,83.4,18.45,72.69,24,855.4,False,True,False,False,True,True,75.1,UPSEE,7363,33,High (>5L),North,3,5
Srinivasa University Shillong,Shillong,Meghalaya,Private,1933,,A,109,1208.0,3.0,524102.0,150669,True,75.4,5.37,31.98,210,1626.0,True,True,False,True,True,True,34.9,WBJEE,3663,93,High (>5L),Northeast,5,4
State Institute of Architecture Kolhapur,Kolhapur,Maharashtra,Government,1950,,A,23,267.0,2.4,223372.0,166299,False,90.3,8.07,32.5,357,234.7,True,False,True,True,True,True,63.9,Own Entrance,639,76,Medium (1-5L),West,5,4
Sri Patel Institute of Science Kohima,Kohima,Nagaland,Private,1934,277.0,B++,70,711.0,1.8,208639.0,65330,True,29.5,3.59,19.37,48,282.1,False,True,True,True,True,True,50.8,CLAT,1310,92,Medium (1-5L),Northeast,5,3
Prayagraj College of Management,Prayagraj,Uttar Pradesh,Private,1989,225.0,B++,31,1397.0,4.7,637789.0,113309,False,69.0,4.76,24.27,19,1082.8,True,True,True,True,True,True,42.4,TS EAMCET,6536,37,High (>5L),North,6,3
Vidyasagar Deemed University Puducherry,Puducherry,Puducherry,Deemed,1890,76.0,A,14,831.0,1.6,803595.0,75661,False,85.9,10.9,24.26,250,,False,False,True,False,True,True,69.6,NEET UG,1334,136,High (>5L),South,3,4
Excel Institute of Homeopathy Vasco da Gama,Vasco da Gama,Goa,Private,1949,32.0,B++,61,1441.0,0.3,548355.0,176427,True,94.7,29.45,134.74,265,1087.5,False,True,True,False,False,True,75.8,NATA,392,77,High (>5L),West,3,3
Shivaji Academy of Dental Sciences Dharamsala,Dharamsala,Himachal Pradesh,Deemed,1922,,A++,116,388.0,14.4,378882.0,88558,True,73.7,9.31,18.78,136,477.5,False,True,True,False,True,False,17.1,University Entrance,5596,104,Medium (1-5L),North,3,6
Rewa Government Management College,Rewa,Madhya Pradesh,Government,2021,,A,54,655.0,7.2,34522.0,139244,True,36.8,4.91,14.3,524,392.2,False,False,True,False,True,False,24.5,COMEDK,4747,5,Low (<1L),Central,2,4
Gangtok Institute of Fine Arts (Deemed),Gangtok,Sikkim,Deemed,1931,1.0,A,176,317.0,2.2,1283943.0,109542,True,88.0,11.3,47.45,368,2238.5,True,True,True,True,True,True,21.1,Own Entrance,694,95,High (>5L),Northeast,6,4
Rajasthan State Management College Ajmer,Ajmer,Rajasthan,Government,1891,150.0,A+,83,1477.0,0.6,20630.0,59884,True,66.2,14.02,73.37,456,1546.4,False,True,True,True,True,True,43.3,JEE Main,945,135,Low (<1L),North,5,5
National Law School Bangalore,Bangalore,Karnataka,Government,1987,,A++,246,985.0,0.1,193033.0,67166,False,94.5,24.65,166.76,224,1097.3,True,True,True,True,True,True,25.5,CLAT,120,39,Medium (1-5L),South,6,6
Sri Bhabha Institute of Nursing Surat,Surat,Gujarat,Private,2004,148.0,A,116,1099.0,0.8,537896.0,85223,True,74.7,6.71,20.14,123,1967.2,True,True,False,False,False,False,35.8,GATE,934,22,High (>5L),West,2,4
Bose Academy of Computer Science Patna,Patna,Bihar,Deemed,1989,345.0,A,175,631.0,6.3,155103.0,32199,True,30.0,2.56,13.92,399,2403.6,True,False,False,False,True,False,26.4,SRMJEEE,3974,37,Medium (1-5L),East,2,4
Academy of Management Korba,Korba,Chhattisgarh,Deemed,1858,13.0,B,154,1344.0,4.8,350766.0,27955,True,76.7,10.31,58.88,93,208.4,True,False,True,False,True,True,17.0,JEE Main,6450,168,Medium (1-5L),Central,4,1
Central University of Karnataka,Kalaburagi,Karnataka,Government,2009,253.0,B++,22,1389.0,0.3,23555.0,104567,False,44.3,3.29,8.16,54,2088.3,True,True,False,False,True,False,11.9,CUET,350,17,Low (<1L),South,3,3
Government College of Architecture Ranchi,Ranchi,Jharkhand,Government,1954,150.0,B+,241,636.0,6.7,84856.0,138477,False,79.5,9.32,28.06,414,1169.3,True,False,True,True,True,False,55.4,WBJEE,4291,72,Low (<1L),East,4,2
Noida Institute of Social Work (Deemed),Noida,Uttar Pradesh,Deemed,1984,300.0,A,57,389.0,6.1,85127.0,87731,False,40.8,4.96,17.79,94,622.6,True,True,True,True,True,True,38.8,TS EAMCET,2371,42,Low (<1L),North,6,4
Dayanand University Kakinada,Kakinada,Andhra Pradesh,Private,2007,74.0,B++,212,754.0,3.9,536050.0,36101,True,55.8,4.36,26.97,607,,True,True,False,False,True,False,75.9,University Entrance,2949,19,High (>5L),South,3,3
Maulana Azad Medical College,New Delhi,Delhi,Government,1958,228.0,A++,189,1124.0,0.2,78944.0,24123,False,65.2,10.52,21.66,291,1340.3,False,True,True,True,True,True,25.1,NEET UG,250,68,Low (<1L),North,5,6
Government Model College Lucknow,Lucknow,Uttar Pradesh,Government,1995,,A,37,80.0,17.1,44712.0,98017,True,39.7,3.5,10.84,612,291.9,True,False,False,True,True,True,75.1,NATA,1370,31,Low (<1L),North,4,4
Sri Dayanand Institute of Nursing Agartala,Agartala,Tripura,Private,1968,,B++,54,750.0,10.6,294465.0,75622,True,56.9,3.2,18.52,630,674.8,True,True,True,True,True,True,32.0,CUET,7965,58,Medium (1-5L),Northeast,6,3
Sri Guru Gobind Singh Institute of Law Jorhat,Jorhat,Assam,Private,1956,206.0,A,140,327.0,10.0,685710.0,30002,True,62.5,8.19,18.83,651,114.0,False,False,True,True,False,True,23.8,NATA,3266,70,High (>5L),Northeast,3,4
School of Planning and Architecture Delhi,New Delhi,Delhi,Government,1941,,A+,108,1268.0,0.2,54163.0,69377,False,68.4,12.65,82.21,686,800.3,True,True,True,True,True,False,12.8,NATA/JEE,200,85,Low (<1L),North,5,5
Aryabhatta Institute of Engineering Deoghar,Deoghar,Jharkhand,Private,1865,463.0,B++,184,1289.0,1.3,272810.0,36339,True,32.8,2.26,15.23,46,865.9,False,False,True,True,False,False,6.9,CAT,1733,161,Medium (1-5L),East,2,3
Srinivasa Autonomous Institute Kolkata,Kolkata,West Bengal,Autonomous,1890,137.0,B++,23,418.0,18.8,139729.0,150106,True,48.5,4.8,21.8,168,2131.9,False,True,True,False,False,True,1.4,VITEEE,7865,136,Medium (1-5L),East,3,3
Haridwar Institute of Engineering,Haridwar,Uttarakhand,Private,1978,,A,193,669.0,9.3,1380897.0,95193,True,87.6,29.03,179.04,621,221.0,True,True,True,True,False,True,65.1,State Level,6242,48,High (>5L),North,5,4
Deemed Institute of Ayurveda Solan,Solan,Himachal Pradesh,Deemed,1991,3.0,A+,120,1230.0,2.4,782201.0,142448,False,76.1,17.84,99.05,623,1144.0,False,True,False,True,True,True,71.1,WBJEE,2962,35,High (>5L),North,4,5
Jamshedpur College of Ayurveda,Jamshedpur,Jharkhand,Private,1985,278.0,A,121,104.0,68.1,189078.0,71216,True,46.5,2.08,10.34,27,1969.5,True,False,True,False,True,True,61.8,CAT,7085,41,Medium (1-5L),East,4,4
Autonomous College of Engineering Delhi,Delhi,Delhi,Autonomous,1901,,A+,32,861.0,2.3,264731.0,113815,True,85.7,8.05,29.98,488,1362.6,False,True,True,False,False,True,7.6,BITSAT,1961,125,Medium (1-5L),North,3,5
Government Polytechnic Ghaziabad,Ghaziabad,Uttar Pradesh,Government,1995,89.0,B++,56,100.0,57.3,173644.0,52735,True,91.8,17.78,99.06,272,892.6,False,False,False,False,True,True,45.3,CUET,5727,31,Medium (1-5L),North,2,3
Jaipur Agriculture Autonomous College,Jaipur,Rajasthan,Autonomous,1940,,B++,231,575.0,12.2,190164.0,132040,False,76.7,7.61,22.89,432,1702.9,False,False,False,False,False,False,67.4,TNEA,6994,86,Medium (1-5L),North,0,3
Tilak Academy of Fashion Design Noida,Noida,Uttar Pradesh,Deemed,1893,264.0,A,130,177.0,39.4,117150.0,141682,False,30.1,2.45,7.87,312,1673.0,True,False,True,True,True,True,53.6,JEE Main,6979,133,Medium (1-5L),North,5,4
Kohima Institute of Social Work (Deemed),Kohima,Nagaland,Deemed,1908,274.0,B,79,1386.0,5.5,219091.0,30086,True,34.3,3.38,22.57,675,382.3,True,False,True,True,False,True,13.2,SRMJEEE,7594,118,Medium (1-5L),Northeast,4,1
Management Development Institute,Gurugram,Haryana,Private,1973,,A++,79,450.0,0.8,496020.0,101447,True,63.8,8.42,17.18,587,,True,False,True,False,True,True,63.1,CAT,350,53,Medium (1-5L),North,4,6
XLRI Jamshedpur,Jamshedpur,Jharkhand,Private,1949,35.0,A++,192,590.0,0.5,1584694.0,87960,True,83.0,12.54,74.06,130,1929.0,True,True,True,True,True,True,3.5,XAT,300,77,High (>5L),East,6,6
Korba Institute of Science,Korba,Chhattisgarh,Private,1947,467.0,B++,199,1302.0,4.1,221857.0,151968,True,44.4,5.46,17.27,137,773.5,True,False,True,False,False,False,63.0,SRMJEEE,5307,79,Medium (1-5L),Central,2,3
Government College of Law Sikar,Sikar,Rajasthan,Government,1867,27.0,A++,239,640.0,8.5,165165.0,64446,True,94.8,27.82,157.46,593,434.1,False,False,False,True,False,False,3.6,JEE Advanced,5449,159,Medium (1-5L),North,1,6
State Institute of Medical Sciences Amritsar,Amritsar,Punjab,Government,1932,,B+,64,990.0,2.2,34155.0,121145,True,85.5,8.32,18.64,375,528.7,True,True,True,True,True,True,71.8,JEE Advanced,2204,94,Low (<1L),North,6,2
Government Polytechnic Srinagar,Srinagar,Jammu & Kashmir,Government,1916,430.0,B,191,123.0,43.6,45145.0,126685,False,44.0,2.99,15.06,45,651.1,False,False,False,True,False,False,18.8,MHT CET,5359,110,Low (<1L),North,1,1
Government Polytechnic Vellore,Vellore,Tamil Nadu,Government,1980,194.0,B+,157,1353.0,2.0,16019.0,42075,True,76.4,6.63,18.8,463,607.5,False,True,False,False,False,False,61.9,NATA,2697,46,Low (<1L),South,1,2
Government College of Commerce Tura,Tura,Meghalaya,Government,1881,,A,52,220.0,34.7,42782.0,85760,False,54.0,4.97,30.46,207,2478.4,False,False,False,True,True,True,41.6,UPSEE,7638,145,Low (<1L),Northeast,3,4
Tamil Nadu State Pharmacy College Chennai,Chennai,Tamil Nadu,Government,1883,246.0,B++,109,439.0,2.4,63619.0,46361,True,72.4,6.73,33.26,155,536.2,True,True,True,False,True,True,60.1,UPSEE,1041,143,Low (<1L),South,5,3
National Law Institute University Bhopal,Bhopal,Madhya Pradesh,Government,1997,13.0,A+,92,678.0,0.1,159045.0,42506,True,86.6,33.64,91.11,476,1961.1,True,True,False,True,False,False,44.8,CLAT,100,29,Medium (1-5L),Central,3,5
State Institute of Architecture Srinagar,Srinagar,Jammu & Kashmir,Government,1976,87.0,B++,157,1135.0,4.1,276852.0,39043,True,93.7,27.77,115.8,65,54.7,False,False,False,False,False,False,43.0,COMEDK,4685,50,Medium (1-5L),North,0,3
Gandhi University Chandigarh,Chandigarh,Chandigarh,Private,1985,181.0,A,220,1255.0,0.8,100610.0,23636,True,31.2,5.48,23.9,31,1118.7,True,True,True,False,True,True,69.1,CAT,948,41,Medium (1-5L),North,5,4
Prime College of Education Itanagar,Itanagar,Arunachal Pradesh,Private,1854,,B,209,894.0,6.3,288862.0,41858,True,42.2,3.5,19.38,98,575.4,True,True,False,True,True,True,26.2,NATA,5632,172,Medium (1-5L),Northeast,5,1
Shri Ram Deemed University Agartala,Agartala,Tripura,Deemed,2023,170.0,B++,57,1442.0,3.0,472489.0,117421,True,65.8,4.58,15.81,638,2380.1,True,False,True,False,True,True,32.2,MHT CET,4340,3,Medium (1-5L),Northeast,4,3
Woxsen University,Hyderabad,Telangana,Private,2014,445.0,A,109,1153.0,0.5,350159.0,80951,True,55.0,2.29,11.43,273,474.2,True,True,True,False,True,True,60.6,Own Test,600,12,Medium (1-5L),South,5,4
Government Arts College Warangal,Warangal,Telangana,Government,1880,456.0,B++,159,265.0,24.8,24339.0,102951,False,46.3,4.95,11.04,691,,True,True,True,True,True,True,31.4,Own Entrance,6564,146,Low (<1L),South,6,3
Excel Institute of Veterinary Science Lucknow,Lucknow,Uttar Pradesh,Private,1909,68.0,B+,238,1356.0,1.0,1588591.0,174984,True,97.4,22.51,58.97,75,1535.0,True,True,True,False,False,True,59.1,State Level,1373,117,High (>5L),North,4,2
Government Medical Sciences College Tura,Tura,Meghalaya,Government,1979,213.0,A,225,1111.0,5.0,21359.0,150513,True,61.8,4.93,20.87,552,2253.4,True,True,False,True,True,True,25.9,CLAT,5577,47,Low (<1L),Northeast,5,4
Government Hotel Management College Rewa,Rewa,Madhya Pradesh,Government,1926,,A,35,459.0,16.2,129180.0,57182,False,88.7,33.39,214.93,661,,True,True,True,True,True,False,58.3,JEE Advanced,7420,100,Medium (1-5L),Central,5,4
Subhas Autonomous Institute Agartala,Agartala,Tripura,Autonomous,1976,155.0,B+,42,434.0,10.7,193603.0,148198,False,50.9,8.27,51.32,256,1330.7,False,False,False,True,False,True,3.7,COMEDK,4654,50,Medium (1-5L),Northeast,2,2
Prime College of Ayurveda Amritsar,Amritsar,Punjab,Private,1872,72.0,A,109,268.0,26.5,1744539.0,152423,False,94.8,11.17,38.79,107,160.8,True,True,False,True,True,False,22.0,NEET UG,7097,154,High (>5L),North,4,4
Government College of Nursing Solan,Solan,Himachal Pradesh,Government,2016,61.0,A,54,1205.0,4.1,221484.0,74600,True,88.1,17.35,43.13,400,1849.0,True,False,False,False,False,False,77.2,MHT CET,4953,10,Medium (1-5L),North,1,4
State Institute of Information Technology Baramulla,Baramulla,J&K,Government,1880,75.0,B,147,804.0,1.7,46446.0,68966,False,94.3,22.26,155.43,279,1195.7,True,True,True,True,True,False,82.6,JEE Main,1387,146,Low (<1L),Other,5,1
Modern Institute of Information Technology Delhi,Delhi,Delhi,Private,2019,363.0,B,174,508.0,5.8,204137.0,90167,False,41.7,4.75,22.84,371,1638.0,True,True,False,True,True,False,80.4,TS EAMCET,2959,7,Medium (1-5L),North,4,1
Welcome Group Graduate School of Hotel Administration,Manipal,Karnataka,Private,1986,361.0,A,128,751.0,0.3,339360.0,167845,True,60.7,4.24,19.8,562,,True,False,True,True,False,False,8.5,MET,200,40,Medium (1-5L),South,3,4
Excel Institute of Nursing Tura,Tura,Meghalaya,Private,1919,,A,97,986.0,2.3,264572.0,119046,True,49.6,5.48,25.145,387,1072.2,True,True,True,True,False,False,74.7,University Entrance,2289,107,Medium (1-5L),Northeast,4,4
Agartala College of Computer Science,Agartala,Tripura,Private,1905,179.0,B,11,1107.0,4.7,751243.0,144777,True,69.9,10.54,60.54,137,130.5,True,True,True,True,False,False,78.9,State Level,5226,121,High (>5L),Northeast,4,1
Government Medical Sciences College Aizawl,Aizawl,Mizoram,Government,2013,200.0,A,49,1119.0,7.1,97167.0,162846,True,85.7,9.49,64.45,281,2276.0,True,False,False,True,True,True,30.3,CUET,7968,13,Low (<1L),Northeast,4,4
State Institute of Pharmacy Satna,Satna,Madhya Pradesh,Government,1996,159.0,A,95,1102.0,7.0,48361.0,164323,False,66.9,12.52,43.51,245,1460.7,True,True,False,True,True,False,40.1,CLAT,7723,30,Low (<1L),Central,4,4
Raman Institute of Technology Kharagpur,Kharagpur,West Bengal,Private,1918,247.0,B+,115,1360.0,4.3,281872.0,54377,True,56.6,8.93,47.41,121,241.1,True,True,True,True,True,False,80.5,TS EAMCET,5896,108,Medium (1-5L),East,5,2
District Homeopathy College Puducherry,Puducherry,Puducherry,Government,1949,,A,219,412.0,8.5,39036.0,36744,True,63.6,2.49,17.26,152,1442.2,True,True,True,True,True,True,67.4,AP EAMCET,3486,77,Low (<1L),South,6,4
Purnia Management Autonomous College,Purnia,Bihar,Autonomous,2014,338.0,B++,229,81.0,63.1,123346.0,141676,True,30.1,2.49,16.18,18,1810.2,True,True,True,True,True,False,62.2,UPSEE,5113,12,Medium (1-5L),East,5,3
District Technology College Kohima,Kohima,Nagaland,Government,1899,170.0,A+,117,1198.0,1.3,44323.0,65469,True,66.3,10.09,39.7,172,,False,False,False,False,False,False,77.5,BITSAT,1544,127,Low (<1L),Northeast,0,5
Durgapur Law Autonomous College,Durgapur,West Bengal,Autonomous,1884,227.0,B++,195,703.0,5.5,104783.0,136001,False,30.7,3.82,11.26,295,1046.8,True,False,False,False,True,False,36.5,TNEA,3900,142,Medium (1-5L),East,2,3
State Institute of Physical Education Berhampur,Berhampur,Odisha,Government,1904,,B++,42,1084.0,1.4,41243.0,161925,True,60.1,2.28,12.16,79,1195.3,False,False,False,False,True,False,84.1,CUET,1472,122,Low (<1L),East,1,3
Vidyasagar College of Homeopathy and Research Karimnagar,Karimnagar,Telangana,Private,1980,415.0,A,16,687.0,11.2,259272.0,179245,True,54.8,5.22,16.77,440,1228.1,True,True,True,True,True,True,39.7,University Entrance,7676,46,Medium (1-5L),South,6,4
Nehru Autonomous Institute Delhi,Delhi,Delhi,Autonomous,1951,44.0,B++,220,1346.0,1.3,407490.0,59276,True,76.5,6.0,21.28,216,,True,False,False,False,True,True,54.1,BITSAT,1723,75,Medium (1-5L),North,3,3
Excel Institute of Homeopathy Prayagraj,Prayagraj,Uttar Pradesh,Private,1921,337.0,A,179,318.0,15.7,319973.0,163006,True,29.9,2.95,7.27,691,2198.4,True,False,True,True,True,True,13.5,TNEA,4995,105,Medium (1-5L),North,5,4
Global Academy of Education Imphal,Imphal,Manipur,Private,1991,,B++,52,1094.0,2.6,262546.0,85633,True,36.5,2.46,7.03,278,1451.7,True,True,True,True,True,True,25.1,JEE Advanced,2883,35,Medium (1-5L),Other,6,3
Meera Foundation Pharmacy College Margao,Margao,Goa,Private,2022,,B++,67,737.0,5.2,618501.0,142881,False,60.7,27.75,143.26,186,837.2,True,True,True,True,True,True,9.0,VITEEE,3815,4,High (>5L),West,6,3
Kannur College of Physical Education,Kannur,Kerala,Private,1976,183.0,B+,82,317.0,5.4,302509.0,172821,True,73.4,11.41,69.42,485,1673.2,False,True,True,True,True,True,1.4,CUET,1725,50,Medium (1-5L),South,5,2
Amritsar Government Management College,Amritsar,Punjab,Government,1966,,A,152,1297.0,1.9,66553.0,159159,False,77.0,14.55,41.26,656,201.9,True,True,True,True,True,True,23.9,WBJEE,2404,60,Low (<1L),North,6,4
Sri Ramanujan Institute of Information Technology Raipur,Raipur,Chhattisgarh,Private,1998,,A+,129,917.0,6.0,644827.0,136698,True,65.8,6.0,41.95,255,921.3,True,True,True,True,False,True,57.6,NATA,5504,28,High (>5L),Central,5,5
Pune College of Education,Pune,Maharashtra,Private,1868,236.0,A+,201,779.0,4.8,245676.0,165635,True,71.2,11.74,38.22,319,1385.4,True,True,True,True,True,True,65.2,Own Entrance,4634,158,Medium (1-5L),West,6,5
District Social Work College Naharlagun,Naharlagun,Arunachal Pradesh,Government,1964,161.0,B++,6,175.0,20.2,26766.0,34845,True,76.7,14.84,75.89,491,1640.1,False,True,True,True,True,True,76.3,JEE Main,3540,62,Low (<1L),Northeast,5,3
State Institute of Management Gangtok,Gangtok,Sikkim,Government,1856,,A,194,754.0,6.4,209607.0,153030,False,88.6,27.76,128.87,436,30.5,True,True,True,True,True,False,37.4,GATE,4811,170,Medium (1-5L),Northeast,5,4
Laxmi Autonomous Institute Karimnagar,Karimnagar,Telangana,Autonomous,1975,,A,219,1298.0,6.1,127444.0,45657,True,23.1,2.23,10.85,466,2353.5,False,True,False,False,True,False,43.3,TNEA,7924,51,Medium (1-5L),South,2,4
Meera Institute of Applied Sciences Margao,Margao,Goa,Private,1919,,A,213,811.0,4.7,278991.0,58362,True,33.4,2.25,5.9,573,2459.7,False,False,False,True,False,True,1.3,UPSEE,3820,107,Medium (1-5L),West,2,4
State Institute of Nursing Aizawl,Aizawl,Mizoram,Government,2001,325.0,A,175,1222.0,2.8,33478.0,91805,False,30.5,2.98,9.32,79,1783.1,False,False,True,False,False,False,62.7,NEET UG,3450,25,Low (<1L),Northeast,1,4
Sri Aryabhata Institute of Commerce Imphal,Imphal,Manipur,Private,1857,184.0,A,87,817.0,3.3,106446.0,103804,True,34.5,4.59,19.24,573,912.1,True,False,True,True,True,True,3.7,JEE Advanced,2711,169,Medium (1-5L),Other,5,4
Academy of Management Siliguri,Siliguri,West Bengal,Deemed,1927,297.0,A,249,654.0,3.9,226612.0,141491,False,31.7,5.16,14.29,665,2085.9,True,True,True,False,True,False,40.7,UPSEE,2549,99,Medium (1-5L),East,4,4
Indian Institute of Management Bangalore,Bangalore,Karnataka,Government,1973,174.0,A++,136,865.0,0.5,64174.0,138486,False,66.7,12.95,75.69,294,1737.4,True,True,False,False,False,True,74.7,CAT,450,53,Low (<1L),South,3,6
Mumbai Institute of Commerce (Deemed),Mumbai,Maharashtra,Deemed,1934,185.0,A,126,797.0,4.6,395601.0,101319,False,68.7,8.32,51.27,64,2234.9,True,True,True,True,False,False,79.9,JEE Main,3636,92,Medium (1-5L),West,4,4
Government Technology College Mysore,Mysore,Karnataka,Government,1947,111.0,A,232,1236.0,4.7,33056.0,172948,True,75.6,6.26,39.5,433,1593.0,True,True,True,True,True,True,57.1,MHT CET,5783,79,Low (<1L),South,6,4
Autonomous College of Technology Delhi,Delhi,Delhi,Autonomous,1850,65.0,A+,102,561.0,10.7,160814.0,129188,True,72.6,9.61,38.5,675,206.2,True,False,False,True,False,True,9.7,VITEEE,6021,176,Medium (1-5L),North,3,5
Government College of Social Work Namchi,Namchi,Sikkim,Government,1939,152.0,A,76,515.0,2.9,21169.0,53606,True,71.9,5.34,28.38,393,,True,True,False,True,True,True,80.8,GATE,1506,87,Low (<1L),Northeast,5,4
Maharaja Sayajirao University of Baroda,Vadodara,Gujarat,Government,1949,197.0,A++,127,759.0,3.3,58296.0,105134,True,75.4,5.3,23.2,482,2114.7,False,True,False,False,False,False,24.7,Own Entrance,2500,77,Low (<1L),West,1,6
Aryabhatta University Dharamsala,Dharamsala,Himachal Pradesh,Private,1858,216.0,A,67,383.0,5.0,364497.0,111356,True,80.8,5.98,17.14,376,170.0,True,True,True,True,True,True,13.9,UPSEE,1904,168,Medium (1-5L),North,6,4
Government Agriculture College Agartala,Agartala,Tripura,Government,1966,,B+,68,685.0,11.2,164698.0,131900,True,87.0,8.07,32.5,68,435.6,False,False,True,False,True,True,54.9,WBJEE,7701,60,Medium (1-5L),Northeast,3,2
Prime College of Commerce Kohima,Kohima,Nagaland,Private,1943,133.0,B+,168,355.0,17.6,602258.0,24001,True,79.9,8.63,29.55,480,78.7,True,True,True,True,True,True,33.2,UPSEE,6258,83,High (>5L),Northeast,6,2
State Institute of Science Gangtok,Gangtok,Sikkim,Government,1899,,A,143,1189.0,2.0,43303.0,100150,True,42.9,5.07,33.82,666,1649.1,True,True,True,True,True,True,7.5,MHT CET,2388,127,Low (<1L),Northeast,6,4
District Law College Rourkela,Rourkela,Odisha,Government,1991,174.0,A,185,513.0,14.3,75044.0,127235,False,69.1,9.26,44.79,672,2301.8,True,True,True,False,False,False,66.5,TNEA,7324,35,Low (<1L),East,3,4
Pune Institute of Applied Sciences (Deemed),Pune,Maharashtra,Deemed,1940,,A,99,93.0,83.8,93354.0,130026,True,30.1,5.03,17.66,187,2242.5,True,True,True,True,True,True,69.9,NEET UG,7797,86,Low (<1L),West,6,4
Agra Government Management College,Agra,Uttar Pradesh,Government,1869,123.0,B++,19,376.0,18.2,79237.0,131654,True,79.0,14.69,37.21,311,395.7,True,False,False,False,True,True,75.2,BITSAT,6860,157,Low (<1L),North,3,3
Government Commerce College Hamirpur,Hamirpur,Himachal Pradesh,Government,1941,364.0,B++,143,63.0,67.7,20278.0,169707,False,64.4,5.89,22.79,186,156.2,True,True,True,True,True,True,3.2,SRMJEEE,4263,85,Low (<1L),North,6,3
District Physical Education College Tura,Tura,Meghalaya,Government,1937,,B+,71,417.0,2.0,61551.0,66507,True,81.3,8.07,32.5,421,503.1,True,True,False,True,False,True,30.5,CLAT,845,89,Low (<1L),Northeast,4,2
Government Fashion Design College Mohali,Mohali,Punjab,Government,1859,162.0,A+,39,813.0,4.5,97744.0,27722,True,86.2,8.21,45.1,662,1435.3,True,False,True,True,True,True,17.8,NEET UG,3677,167,Low (<1L),North,5,5
Kalyani University,Kalyani,West Bengal,Government,1960,,A,234,78.0,10.3,7284.0,39115,False,32.5,4.91,28.9,519,373.8,True,False,True,True,True,True,54.8,Own Entrance,800,66,Low (<1L),East,5,4
Puri Institute of Fashion Design (Deemed),Puri,Odisha,Deemed,1903,232.0,A,103,1207.0,5.6,309813.0,155828,False,64.7,8.43,21.23,14,1921.8,True,True,True,True,True,True,28.2,NATA,6719,123,Medium (1-5L),East,6,4
IISER Pune,Pune,Maharashtra,Government,2006,42.0,A++,177,261.0,0.8,226250.0,88724,False,93.2,30.92,207.21,249,1179.7,True,True,False,True,True,True,53.0,IAT,200,20,Medium (1-5L),West,5,6
Raman College of Arts and Research Mysore,Mysore,Karnataka,Private,1907,155.0,A,208,279.0,3.2,438891.0,65694,True,64.8,8.14,55.16,229,397.5,True,True,True,True,True,True,62.6,UPSEE,887,119,Medium (1-5L),South,6,4
Government Polytechnic Patiala,Patiala,Punjab,Government,1987,433.0,A,45,256.0,16.0,32015.0,47782,False,34.7,4.94,13.45,296,2086.7,True,True,True,True,False,True,50.0,University Entrance,4086,39,Low (<1L),North,5,4
Ambedkar College of Education and Research Cuttack,Cuttack,Odisha,Private,1903,175.0,A,35,468.0,10.8,172518.0,129444,True,44.8,3.77,19.83,61,2453.2,True,False,True,True,False,True,15.8,JEE Main,5069,123,Medium (1-5L),East,4,4
National Law University Delhi,New Delhi,Delhi,Government,2008,87.0,A+,198,1073.0,0.1,255713.0,117251,False,85.9,16.74,76.41,258,447.6,True,True,True,True,True,True,52.3,AILET,120,18,Medium (1-5L),North,6,5
Rani University Nizamabad,Nizamabad,Telangana,Private,1912,190.0,B+,230,1084.0,1.1,392736.0,140944,False,50.2,3.71,23.84,691,1317.2,False,False,True,False,False,False,70.9,BITSAT,1236,114,Medium (1-5L),South,1,2
Raman Deemed University Agartala,Agartala,Tripura,Deemed,1920,226.0,A,246,1264.0,3.8,592330.0,118355,True,52.3,6.5,42.14,21,2207.2,True,False,True,False,False,False,44.1,COMEDK,4765,106,High (>5L),Northeast,2,4
Bharathiar University,Coimbatore,Tamil Nadu,Government,1982,,A+,104,636.0,2.4,91122.0,20048,True,82.4,11.61,49.52,640,1445.7,False,True,False,True,False,True,17.4,Own Entrance,1500,44,Low (<1L),South,3,5
Dayanand Institute of Management Tura,Tura,Meghalaya,Private,1926,245.0,B,191,1419.0,3.2,205436.0,71675,True,49.9,2.61,18.08,544,664.1,False,True,False,True,True,True,53.3,GATE,4520,100,Medium (1-5L),Northeast,4,1
Government Medical Sciences College Hisar,Hisar,Haryana,Government,1972,78.0,A,241,251.0,15.2,61171.0,152562,False,66.1,5.42,28.16,422,1291.8,True,True,False,True,True,True,27.7,KCET,3812,54,Low (<1L),North,5,4
Global Academy of Veterinary Science Guwahati,Guwahati,Assam,Private,1869,54.0,B++,69,863.0,7.9,729152.0,98619,True,66.7,8.32,24.96,649,1289.4,True,False,True,True,True,True,57.4,State Level,6808,157,High (>5L),Northeast,5,3
Sri Saraswati Institute of Fine Arts Gangtok,Gangtok,Sikkim,Private,1970,76.0,B,7,1429.0,3.2,1217826.0,156020,True,93.4,16.89,46.75,271,1558.4,True,True,True,True,True,True,41.3,JEE Advanced,4623,56,High (>5L),Northeast,6,1
Chanakya University Gandhinagar,Gandhinagar,Gujarat,Private,1857,155.0,A,33,239.0,9.2,378116.0,83918,False,31.5,3.13,21.52,199,1108.4,True,False,False,True,False,False,46.5,NEET UG,2198,169,Medium (1-5L),West,2,4
Modern Institute of Fine Arts Baramulla,Baramulla,Jammu & Kashmir,Private,1852,233.0,A,240,1433.0,2.7,378116.0,136543,True,55.3,9.95,57.63,376,480.4,True,False,False,True,True,False,69.6,CUET,3850,174,Medium (1-5L),North,3,4
Bharati Deemed University Sambalpur,Sambalpur,Odisha,Deemed,1985,228.0,B+,241,242.0,24.5,297774.0,65029,True,75.2,6.99,48.01,229,2301.4,False,True,True,True,True,False,72.5,GATE,5923,41,Medium (1-5L),East,4,2
Jamia Hamdard,New Delhi,Delhi,Deemed,1989,,A+,187,626.0,1.6,529843.0,120748,True,76.1,6.1,32.21,621,145.5,True,False,False,True,True,True,66.0,Own Entrance,1000,37,High (>5L),North,4,5
Tilak Autonomous Institute Kharagpur,Kharagpur,West Bengal,Autonomous,1979,66.0,B+,84,94.0,11.4,53442.0,46771,False,57.1,8.25,38.06,80,260.8,True,True,True,False,True,True,84.9,VITEEE,1069,47,Low (<1L),East,5,2
Government College of Commerce Vasco da Gama,Vasco da Gama,Goa,Government,1877,6.0,B+,31,975.0,7.2,297477.0,162908,True,85.8,29.86,87.8,319,2057.7,True,False,True,True,False,False,66.7,SRMJEEE,7056,149,Medium (1-5L),West,3,2
Laxmi College of Fine Arts and Research Vellore,Vellore,Tamil Nadu,Private,1910,78.0,A+,17,1448.0,1.4,916909.0,26476,True,92.5,25.19,100.92,483,418.2,False,True,False,False,False,False,77.9,VITEEE,2095,116,High (>5L),South,1,5
Bhabha Deemed University Naharlagun,Naharlagun,Arunachal Pradesh,Deemed,1897,157.0,B,63,328.0,17.0,230036.0,93199,True,64.5,7.45,45.85,673,1164.8,False,True,True,True,False,True,78.6,JEE Main,5563,129,Medium (1-5L),Northeast,4,1
Government Medical Sciences College Bardhaman,Bardhaman,West Bengal,Government,2000,,A,192,1042.0,4.1,22281.0,173171,False,47.5,3.69,15.5,436,2059.9,True,True,True,True,True,True,13.1,COMEDK,4311,26,Low (<1L),East,6,4
Institute of Hotel Management Delhi,New Delhi,Delhi,Government,1962,,A+,120,1106.0,0.3,50553.0,136627,False,83.0,14.39,82.59,433,420.0,False,True,True,True,True,False,72.8,NCHM JEE,300,64,Low (<1L),North,4,5
Modern Institute of Journalism Baramulla,Baramulla,Jammu & Kashmir,Private,1864,232.0,A,152,831.0,8.2,224356.0,139664,False,74.4,7.05,29.14,666,1685.1,True,True,False,False,False,False,2.6,CLAT,6837,162,Medium (1-5L),North,2,4
Rajasthan State Ayurveda College Bikaner,Bikaner,Rajasthan,Government,1873,47.0,A,123,1459.0,2.7,232034.0,32142,False,95.1,28.46,197.38,291,1418.9,True,True,True,False,True,False,8.8,NATA,3968,153,Medium (1-5L),North,4,4
Laxmi College of Ayurveda and Research Hyderabad,Hyderabad,Telangana,Private,1995,,A,245,1204.0,3.0,153637.0,88424,True,43.4,4.17,10.95,568,2303.2,True,True,True,False,False,True,83.2,VITEEE,3554,31,Medium (1-5L),South,4,4
Autonomous College of Technology Hyderabad,Hyderabad,Telangana,Autonomous,1924,16.0,A+,29,1001.0,1.8,282871.0,146727,False,88.7,14.3,60.56,643,2085.9,False,True,True,True,True,True,66.8,VITEEE,1834,102,Medium (1-5L),South,5,5
Excel Institute of Pharmacy Imphal,Imphal,Manipur,Private,1961,,A+,7,269.0,7.1,771328.0,92186,True,88.5,11.59,72.07,689,2339.9,True,False,True,True,True,True,67.6,COMEDK,1900,65,High (>5L),Other,5,5
Prime College of Dental Sciences Durg,Durg,Chhattisgarh,Private,1905,167.0,A,207,1265.0,4.6,353967.0,170553,True,52.7,4.48,27.82,89,645.7,True,True,True,True,True,True,77.8,UPSEE,5786,121,Medium (1-5L),Central,6,4
Jamshedpur Institute of Ayurveda (Deemed),Jamshedpur,Jharkhand,Deemed,1938,235.0,B+,215,1082.0,4.0,357900.0,61600,True,51.4,8.82,29.44,583,1959.0,True,True,True,False,False,True,23.1,UPSEE,4350,88,Medium (1-5L),East,4,2
Government College of Arts Thiruvananthapuram,Thiruvananthapuram,Kerala,Government,1892,178.0,B,215,1204.0,1.9,45828.0,61657,True,73.8,12.73,86.9,331,202.6,False,False,False,False,False,True,44.2,CLAT,2302,134,Low (<1L),South,1,1
Government College of Pharmacy Sambalpur,Sambalpur,Odisha,Government,1891,274.0,B,183,1133.0,6.1,16201.0,167994,True,56.9,2.25,9.57,452,411.7,False,False,True,False,True,True,39.4,TS EAMCET,6961,135,Low (<1L),East,3,1
Sri Raman Institute of Agriculture Nagpur,Nagpur,Maharashtra,Private,1900,8.0,A+,92,773.0,1.8,378116.0,20244,False,97.2,20.61,142.94,329,2333.2,False,False,False,True,False,False,34.6,TNEA,1403,126,Medium (1-5L),West,1,5
State Institute of Physical Education Vasco da Gama,Vasco da Gama,Goa,Government,2009,415.0,B+,224,628.0,11.4,8743.0,48628,True,49.4,5.81,38.71,557,1159.8,True,False,True,True,True,False,49.1,TS EAMCET,7152,17,Low (<1L),West,4,2
Global Academy of Dental Sciences Roorkee,Roorkee,Uttarakhand,Private,2003,240.0,B++,241,875.0,2.8,659251.0,140510,False,79.9,4.61,16.41,411,1396.0,True,True,True,False,True,False,38.7,CLAT,2437,23,High (>5L),North,4,3
Chandigarh Institute of Journalism (Deemed),Chandigarh,Chandigarh,Deemed,1934,,B+,120,773.5,5.2,86024.0,139649,True,31.7,5.82,25.11,334,2403.1,True,True,True,True,True,True,30.6,TS EAMCET,3387,92,Low (<1L),North,6,2
Modern Institute of Agriculture Kullu,Kullu,Himachal Pradesh,Private,1860,153.0,B,220,416.0,10.9,542129.0,59382,False,65.8,10.55,48.29,171,2426.8,True,True,False,True,False,False,39.5,GATE,4522,166,High (>5L),North,3,1
Sapru Institute of Hotel Management Silchar,Silchar,Assam,Private,1907,,A,156,302.0,14.4,233515.0,45173,False,34.5,5.48,25.145,674,118.9,False,False,False,True,False,False,27.8,JEE Main,4342,119,Medium (1-5L),Northeast,1,4
Prime College of Medical Sciences Jammu,Jammu,Jammu & Kashmir,Private,1855,,B,127,447.0,11.9,187807.0,173846,True,49.7,4.32,10.64,293,1635.1,True,True,False,True,True,True,62.7,CAT,5326,171,Medium (1-5L),North,5,1
Chanakya Institute of Journalism Panaji,Panaji,Goa,Private,1986,496.0,B,85,1321.0,0.4,318552.0,88951,True,52.6,5.23,13.65,467,1645.8,False,False,False,True,False,True,67.7,JEE Main,492,40,Medium (1-5L),West,2,1
District Journalism College Mapusa,Mapusa,Goa,Government,2008,,B+,9,221.0,35.6,47162.0,104472,True,58.2,3.13,7.74,365,2408.6,True,True,True,True,True,True,33.2,JEE Advanced,7864,18,Low (<1L),West,6,2
State Institute of Arts Amritsar,Amritsar,Punjab,Government,1987,334.0,B+,57,1266.0,3.2,22143.0,135438,True,34.7,3.05,18.15,212,2126.5,True,True,True,False,True,True,77.1,CLAT,3998,39,Low (<1L),North,5,2
State Institute of Nursing Karaikal,Karaikal,Puducherry,Government,1932,248.0,B++,99,1027.0,6.7,47904.0,66335,True,44.3,4.04,20.52,512,383.2,True,True,True,True,True,True,82.4,JEE Main,6847,94,Low (<1L),South,6,3
Rani Foundation Dental Sciences College Jaipur,Jaipur,Rajasthan,Private,2010,82.0,B+,130,86.0,23.4,261788.0,41213,True,71.2,4.32,26.25,652,1941.7,False,False,True,False,False,True,11.1,University Entrance,2012,16,Medium (1-5L),North,2,2
Government Model College Muzaffarpur,Muzaffarpur,Bihar,Government,1941,216.0,A,136,1015.0,5.8,46084.0,38040,False,55.7,4.09,10.07,423,136.1,False,False,True,False,False,True,60.7,COMEDK,5933,85,Low (<1L),East,2,4
Indian Institute of Technology Dharwad,Dharwad,Karnataka,Government,2016,,A,169,211.0,1.1,40004.0,27069,True,61.7,4.37,23.23,448,341.0,False,False,False,True,True,False,39.8,JEE Advanced,230,10,Low (<1L),South,2,4
Government Polytechnic Jorhat,Jorhat,Assam,Government,1869,43.0,B+,54,365.0,5.3,292714.0,66231,True,86.5,25.62,61.2,426,485.8,False,True,True,False,False,True,72.7,AP EAMCET,1918,157,Medium (1-5L),Northeast,3,2
Guru Gobind Singh Institute of Information Technology Jodhpur,Jodhpur,Rajasthan,Private,2000,210.0,A++,157,1461.0,3.5,475747.0,123060,False,63.2,5.67,28.14,468,40.9,True,True,True,True,True,True,79.8,COMEDK,5076,26,Medium (1-5L),North,6,6
Patel Deemed University Hisar,Hisar,Haryana,Deemed,1915,,A+,122,251.0,14.7,184628.0,174661,False,66.4,5.85,21.27,89,633.0,False,False,True,True,False,False,73.0,UPSEE,3689,111,Medium (1-5L),North,2,5
Government Model College Raipur,Raipur,Chhattisgarh,Government,1943,40.0,B,204,1374.0,1.1,246807.0,50533,True,98.1,32.12,205.71,655,846.6,True,False,False,True,False,True,52.9,KCET,1517,83,Medium (1-5L),Central,3,1
Deemed Institute of Applied Sciences Surat,Surat,Gujarat,Deemed,1875,310.0,A,217,386.0,14.4,138297.0,168943,False,44.2,4.72,11.32,600,1267.1,True,True,True,True,True,True,55.8,KCET,5577,151,Medium (1-5L),West,6,4
Patel Institute of Technology Berhampur,Berhampur,Odisha,Private,2009,51.0,B,43,886.0,3.0,1320877.0,134848,True,96.2,25.07,104.74,596,1015.9,True,True,True,True,True,True,68.6,CUET,2665,17,High (>5L),East,6,1
Jammu College of Commerce,Jammu,Jammu & Kashmir,Private,1873,216.0,A,115,400.0,5.9,364016.0,74818,True,64.8,11.76,39.95,527,1994.2,True,True,True,True,True,True,22.8,COMEDK,2360,153,Medium (1-5L),North,6,4
Bokaro Autonomous College of Engineering,Bokaro,Jharkhand,Autonomous,1928,,A+,156,1202.0,5.2,160471.0,40393,False,47.4,7.14,35.62,418,2084.2,False,False,False,False,True,False,84.5,UPSEE,6232,98,Medium (1-5L),East,1,5
Gandhi Institute of Arts Bhopal,Bhopal,Madhya Pradesh,Private,1957,283.0,B++,5,924.0,1.7,231388.0,110717,True,34.5,2.02,7.67,419,819.3,True,True,True,False,True,True,43.6,GATE,1553,69,Medium (1-5L),Central,5,3
Government College of Commerce Belgaum,Belgaum,Karnataka,Government,1930,,A+,190,1385.0,4.3,91216.0,110191,False,86.6,8.79,43.19,163,954.0,False,False,False,False,True,True,84.8,SRMJEEE,5923,96,Low (<1L),South,2,5
Goa State Journalism College Vasco da Gama,Vasco da Gama,Goa,Government,1999,,B,221,1043.0,2.7,77704.0,162401,False,92.7,14.1,55.03,557,1225.8,False,True,True,True,False,True,23.8,COMEDK,2844,27,Low (<1L),West,4,1
Nagaland State Pharmacy College Dimapur,Dimapur,Nagaland,Government,2013,224.0,B+,51,1388.0,1.7,46446.0,51130,True,50.9,4.9,15.13,124,1527.1,True,True,True,True,True,False,61.0,AP EAMCET,2368,13,Low (<1L),Northeast,5,2
District Education College Gangtok,Gangtok,Sikkim,Government,1961,449.0,B++,184,977.0,3.8,40316.0,171883,False,39.0,2.07,11.39,667,57.6,False,True,False,True,False,True,73.5,TS EAMCET,3746,65,Low (<1L),Northeast,3,3
BMS College of Engineering,Bangalore,Karnataka,Autonomous,1946,213.0,A+,124,961.0,1.7,157330.0,170706,True,47.2,8.83,46.02,539,862.6,True,True,True,True,False,True,74.7,KCET,1600,80,Medium (1-5L),South,5,5
Sri Aryabhata Institute of Applied Sciences Nizamabad,Nizamabad,Telangana,Private,1915,,B,230,1495.0,2.1,110977.0,133177,False,51.6,2.5,10.75,564,2129.5,False,True,True,True,True,True,83.9,CLAT,3075,111,Medium (1-5L),South,5,1
Indian Institute of Technology Hyderabad,Hyderabad,Telangana,Government,2008,62.0,A+,68,987.0,0.6,40112.0,69862,True,77.3,6.4,18.67,87,1108.9,True,True,True,True,True,False,73.4,JEE Advanced,600,18,Low (<1L),South,5,5
Mahatma Gandhi Foundation Management College Chandigarh,Chandigarh,Chandigarh,Private,1905,425.0,B++,134,403.0,2.1,181092.0,177212,True,37.3,2.62,11.01,162,2036.3,False,True,False,True,False,False,38.4,WBJEE,854,121,Medium (1-5L),North,2,3
Academy of Journalism Surat,Surat,Gujarat,Deemed,2011,459.0,B++,24,799.0,7.1,309813.0,56453,True,27.5,2.67,6.46,115,111.1,True,False,True,False,True,True,46.4,WBJEE,5677,15,Medium (1-5L),West,4,3
Vijayawada Government Hotel Management College,Vijayawada,Andhra Pradesh,Government,1883,56.0,A,98,458.0,8.4,223450.0,137825,True,71.9,15.09,39.07,652,1892.0,False,True,True,False,False,False,64.9,KCET,3835,143,Medium (1-5L),South,2,4
Nagaon Medical Sciences Autonomous College,Nagaon,Assam,Autonomous,2016,,B++,240,206.0,13.1,122912.0,146614,True,35.4,4.55,31.69,117,1065.4,False,False,True,False,False,False,7.5,NATA,2696,10,Medium (1-5L),Northeast,1,3
Autonomous College of Physical Education Imphal,Imphal,Manipur,Autonomous,1948,,B++,238,76.0,23.9,404081.0,57568,True,51.15,17.44,59.98,527,280.8,True,True,True,True,True,True,11.8,TNEA,1816,78,Medium (1-5L),Other,6,3
Government College of Management Dimapur,Dimapur,Nagaland,Government,1963,272.0,B,17,49.0,141.1,39267.0,46946,True,43.7,3.23,7.31,396,1918.3,True,True,False,False,False,False,79.0,JEE Advanced,6912,63,Low (<1L),Northeast,2,1
Vivekananda Foundation Fine Arts College Chandigarh,Chandigarh,Chandigarh,Private,1895,,B,48,693.0,7.5,1939863.0,172376,True,60.7,16.0,43.21,570,1322.7,True,True,False,True,True,True,52.6,TNEA,5192,131,High (>5L),North,5,1
Bihar State Technology College Gaya,Gaya,Bihar,Government,1980,408.0,A,213,622.0,7.7,13890.0,35615,True,45.0,8.07,32.5,688,853.4,True,True,True,True,True,True,37.2,VITEEE,4817,46,Low (<1L),East,6,4
Ranchi Hotel Management Autonomous College,Ranchi,Jharkhand,Autonomous,1901,,B++,11,359.0,18.9,94702.0,95775,True,70.3,4.95,14.82,450,801.8,True,True,False,True,True,False,72.4,TS EAMCET,6789,125,Low (<1L),East,4,3
Lovely Professional University,Phagwara,Punjab,Private,2005,212.0,A+,199,1194.0,5.0,360295.0,39753,True,59.8,10.18,45.51,603,1123.4,False,True,True,True,True,True,78.6,LPUNEST,6000,21,Medium (1-5L),North,5,5
Dayanand University Agartala,Agartala,Tripura,Private,1875,63.0,A,26,611.0,0.7,295533.0,62204,True,77.0,6.97,20.77,200,619.3,True,False,False,False,True,True,3.5,CUET,418,151,Medium (1-5L),Northeast,3,4
Indian Institute of Technology Kharagpur,Kharagpur,West Bengal,Government,1951,,A++,92,1352.0,1.1,16504.0,50029,True,80.7,10.37,34.57,124,735.2,True,True,True,True,True,True,14.3,JEE Advanced,1500,75,Low (<1L),East,6,6
Sri Raman Institute of Dental Sciences Srinagar,Srinagar,Jammu & Kashmir,Private,1928,471.0,B++,118,1372.0,4.0,108428.0,96115,True,45.5,3.59,22.61,451,449.5,True,True,False,True,True,True,72.2,CAT,5508,98,Medium (1-5L),North,5,3
Chhattisgarh State Journalism College Bhilai,Bhilai,Chhattisgarh,Government,1979,65.0,B++,100,852.0,6.7,46446.0,150829,True,71.9,6.98,17.76,419,1424.7,True,True,True,True,True,True,9.9,BITSAT,5683,47,Low (<1L),Central,6,3
Karaikal Autonomous College of Journalism,Karaikal,Puducherry,Autonomous,1883,,A,134,319.0,8.9,100475.0,122704,True,29.7,2.25,7.94,361,607.6,False,False,False,True,True,False,61.1,GATE,2853,143,Medium (1-5L),South,2,4
Autonomous College of Education Korba,Korba,Chhattisgarh,Autonomous,1904,193.0,A,209,239.0,13.1,123346.0,103106,True,28.4,4.76,12.12,555,1665.0,True,False,False,False,True,False,65.2,CLAT,3130,122,Medium (1-5L),Central,2,4
Government College of Homeopathy Mandi,Mandi,Himachal Pradesh,Government,1885,,B,103,1372.0,3.8,6514.0,126466,False,60.6,4.28,23.15,327,1518.2,True,False,False,False,True,False,26.9,CAT,5189,141,Low (<1L),North,2,1
Modern Institute of Information Technology Solan,Solan,Himachal Pradesh,Private,1868,240.0,B+,108,779.0,4.8,146225.0,88238,True,45.1,4.24,21.36,696,2330.2,True,False,True,True,True,True,10.0,CLAT,5629,158,Medium (1-5L),North,5,2
IIT Bombay IDC School of Design,Mumbai,Maharashtra,Government,1969,,A++,235,1432.0,0.1,83539.0,87804,True,95.2,24.86,163.16,353,1636.8,False,False,False,True,False,True,19.7,CEED,100,57,Low (<1L),West,2,6
Modern Institute of Engineering Rohtak,Rohtak,Haryana,Private,1964,141.0,B++,175,326.0,12.8,346284.0,44815,True,70.1,11.9,68.25,442,1516.8,True,True,True,False,True,True,40.8,Own Entrance,4187,62,Medium (1-5L),North,5,3
Birla Vishvakarma Mahavidyalaya,Anand,Gujarat,Autonomous,1948,223.0,A+,16,942.0,0.8,240651.0,54250,True,59.5,5.93,38.18,74,655.5,False,True,False,False,True,True,27.4,ACPC,800,78,Medium (1-5L),West,3,5
Shillong Autonomous College of Commerce,Shillong,Meghalaya,Autonomous,1856,,B++,64,1275.0,4.6,89702.0,116164,True,43.8,3.45,9.34,213,1932.2,True,True,True,True,True,True,31.9,COMEDK,5858,170,Low (<1L),Northeast,6,3
Shri Ram College of Agriculture and Research Ludhiana,Ludhiana,Punjab,Private,1942,379.0,B,225,870.0,2.5,226854.0,108446,True,53.8,2.53,11.76,289,2447.6,False,False,False,True,True,True,37.6,BITSAT,2157,84,Medium (1-5L),North,3,1
Alappuzha College of Engineering,Alappuzha,Kerala,Private,1879,131.0,A,166,1109.0,5.0,673888.0,75893,True,69.4,10.86,57.81,675,221.4,True,False,False,True,False,True,14.6,CUET,5565,147,High (>5L),South,3,4
Nehru Foundation Education College Muzaffarpur,Muzaffarpur,Bihar,Private,1978,429.0,A,149,646.0,3.2,378116.0,128254,True,60.7,3.38,15.86,491,1476.4,True,True,True,True,True,True,20.9,TS EAMCET,2078,48,Medium (1-5L),East,6,4
Margao Autonomous College of Science,Margao,Goa,Autonomous,1940,89.0,A+,116,1169.0,0.3,310294.0,113839,True,74.1,11.53,38.29,399,2265.5,False,False,False,False,False,False,68.7,UPSEE,299,86,Medium (1-5L),West,0,5
Haryana State Homeopathy College Hisar,Hisar,Haryana,Government,2018,393.0,B+,247,263.0,2.8,18084.0,40246,True,53.7,2.79,11.59,464,2241.9,False,False,False,True,True,True,14.8,WBJEE,732,8,Low (<1L),North,3,2
Government College of Ayurveda Delhi,Delhi,Delhi,Government,1932,194.0,B++,201,833.0,0.4,28604.0,81253,True,65.1,5.03,11.53,590,300.9,True,True,False,True,True,True,19.9,WBJEE,374,94,Low (<1L),North,5,3
Raman University Kohima,Kohima,Nagaland,Private,1928,,A,207,940.0,3.1,433104.0,131388,True,61.9,10.03,55.16,386,1947.7,False,False,False,True,False,True,24.4,JEE Advanced,2943,98,Medium (1-5L),Northeast,2,4
Global Academy of Management Panaji,Panaji,Goa,Private,1855,48.0,B++,128,1431.0,1.8,2140472.0,60596,True,96.4,29.71,132.33,416,902.4,False,False,False,True,True,False,68.6,AP EAMCET,2526,171,High (>5L),West,2,3
Sri Subhas Institute of Hotel Management Solapur,Solapur,Maharashtra,Private,1963,,B++,151,936.0,5.6,174826.0,128004,True,39.0,5.46,19.23,643,992.1,False,True,True,True,False,True,2.8,MHT CET,5199,63,Medium (1-5L),West,4,3
Global Academy of Ayurveda Delhi,Delhi,Delhi,Private,1971,180.0,B+,70,1411.0,0.4,135816.0,88270,True,53.7,3.37,8.09,98,1489.5,False,False,False,False,False,True,26.8,GATE,552,55,Medium (1-5L),North,1,2
Government College of Pharmacy Aizawl,Aizawl,Mizoram,Government,1883,178.0,B+,140,343.0,9.4,18347.0,75275,False,47.6,4.51,10.92,37,25.2,True,True,True,False,True,True,70.2,University Entrance,3215,143,Low (<1L),Northeast,5,2
Delhi Technological University,New Delhi,Delhi,Government,1941,,A++,238,1056.0,1.1,102867.0,113827,False,94.8,18.79,41.28,222,1721.1,False,True,False,False,False,False,41.4,JEE Main,1200,85,Medium (1-5L),North,1,6
State Institute of Science Varanasi,Varanasi,Uttar Pradesh,Government,1911,44.0,B,176,578.0,11.7,285100.0,40704,True,86.5,14.58,92.5,31,1002.4,True,False,True,True,True,True,22.1,NATA,6783,115,Medium (1-5L),North,5,1
Raman Institute of Arts Kakinada,Kakinada,Andhra Pradesh,Private,1861,,A,96,1478.0,3.7,496087.0,85100,True,60.7,4.75,17.12,679,2028.6,True,True,True,True,True,True,25.6,State Level,5474,165,Medium (1-5L),South,6,4
Government Polytechnic Namchi,Namchi,Sikkim,Government,1948,75.0,A+,155,240.0,20.6,27177.0,168467,False,69.7,9.48,48.45,145,453.7,False,True,True,True,True,True,38.5,CLAT,4936,78,Low (<1L),Northeast,5,5
Vivekananda Deemed University Panaji,Panaji,Goa,Deemed,1998,,B++,6,774.0,8.9,124553.0,155194,True,25.1,2.52,6.25,335,2045.7,True,True,True,True,True,True,56.0,TS EAMCET,6860,28,Medium (1-5L),West,6,3
Dimapur Government Management College,Dimapur,Nagaland,Government,1891,13.0,A,249,1123.0,1.7,75880.0,134465,True,91.5,19.97,68.91,230,420.3,True,True,True,True,True,True,33.4,NEET UG,1864,135,Low (<1L),Northeast,6,4
Jai Prakash College of Physical Education and Research Naharlagun,Naharlagun,Arunachal Pradesh,Private,1967,259.0,A,131,210.0,1.8,243259.0,100908,False,60.7,5.22,23.87,691,2451.4,True,True,False,False,False,False,63.7,WBJEE,383,59,Medium (1-5L),Northeast,2,4
Indian Institute of Technology Bombay,Mumbai,Maharashtra,Government,1958,,A++,178,791.5,4.1,98810.0,49184,False,65.6,7.75,24.15,568,219.2,True,False,False,False,True,True,36.4,JEE Advanced,1000,68,Low (<1L),West,3,6
Excel Institute of Applied Sciences Puri,Puri,Odisha,Private,1918,306.0,B,156,1062.0,3.6,287426.0,60709,True,47.6,2.85,6.99,280,1425.6,True,True,False,True,True,True,62.0,CAT,3827,108,Medium (1-5L),East,5,1
Laxmi Deemed University Tura,Tura,Meghalaya,Deemed,1852,,A+,146,589.0,6.4,527791.0,157644,True,57.2,9.04,31.48,131,429.4,False,False,True,True,False,False,4.8,SRMJEEE,3790,174,High (>5L),Northeast,2,5
Amity University,Noida,Uttar Pradesh,Private,2005,,A+,217,982.0,4.1,624707.0,25467,True,81.1,5.37,36.18,380,222.1,True,True,True,True,True,True,71.9,Amity JEE,4000,21,High (>5L),North,6,5
Bokaro Institute of Applied Sciences (Deemed),Bokaro,Jharkhand,Deemed,1976,462.0,B+,179,230.0,29.5,186552.0,82814,True,38.3,5.14,18.69,572,1187.0,False,True,True,True,True,True,70.3,Own Entrance,6780,50,Medium (1-5L),East,5,2
Kamla Nehru University Hubli,Hubli,Karnataka,Private,1989,,B+,83,608.0,10.2,720320.0,35597,True,62.9,7.57,40.32,323,2360.1,True,True,True,True,True,True,33.7,WBJEE,6199,37,High (>5L),South,6,2
Excel Institute of Education Ghaziabad,Ghaziabad,Uttar Pradesh,Private,1929,292.0,B++,122,74.0,96.7,265880.0,45600,True,26.2,2.69,15.78,423,,True,True,False,False,False,True,1.3,TS EAMCET,7157,97,Medium (1-5L),North,3,3
Guntur Autonomous College of Information Technology,Guntur,Andhra Pradesh,Autonomous,1882,,B++,113,248.0,26.9,49591.0,26950,True,21.4,2.84,11.33,294,2330.9,True,True,True,True,True,True,78.8,BITSAT,6677,144,Low (<1L),South,6,3
Prime College of Applied Sciences Sambalpur,Sambalpur,Odisha,Private,1993,343.0,A,10,213.0,26.1,202688.0,104692,False,41.9,2.77,15.51,91,2125.7,True,True,True,True,True,True,12.9,JEE Advanced,5558,33,Medium (1-5L),East,6,4
Deemed Institute of Homeopathy Aizawl,Aizawl,Mizoram,Deemed,1960,,A+,150,773.5,5.2,599020.0,173820,True,77.7,5.74,29.76,511,549.3,False,True,False,True,False,True,3.4,WBJEE,2517,66,High (>5L),Northeast,3,5
Global Academy of Ayurveda Chandigarh,Chandigarh,Chandigarh,Private,1887,49.0,B+,248,1348.0,4.6,1339191.0,21161,False,95.0,25.64,82.88,475,1219.8,True,False,True,False,True,True,81.2,JEE Advanced,6218,139,High (>5L),North,4,2
Autonomous College of Science Jammu,Jammu,Jammu & Kashmir,Autonomous,1901,5.0,A++,37,1099.0,5.0,466887.0,30218,False,86.7,14.31,56.13,66,753.8,True,True,True,True,True,True,74.5,NEET UG,5501,125,Medium (1-5L),North,6,6
Laxmi University Jaipur,Jaipur,Rajasthan,Private,1992,142.0,B+,127,733.0,4.5,743039.0,175279,True,70.7,5.6,33.38,104,1120.6,True,False,False,True,False,True,37.4,MHT CET,3282,34,High (>5L),North,3,2
Chanakya College of Agriculture and Research Bilaspur,Bilaspur,Chhattisgarh,Private,1991,,A,82,112.0,51.8,313932.0,74733,True,33.4,5.08,15.95,257,2210.0,True,True,True,True,True,True,74.8,NEET UG,5802,35,Medium (1-5L),Central,6,4
Excel Institute of Arts Bellary,Bellary,Karnataka,Private,1880,475.0,B++,220,308.0,5.1,107830.0,153930,True,51.0,2.78,12.82,394,870.2,True,True,True,True,False,True,11.2,Own Entrance,1576,146,Medium (1-5L),South,5,3
Bhagalpur College of Medical Sciences,Bhagalpur,Bihar,Private,1886,299.0,B,107,73.0,39.5,378116.0,148539,False,35.2,5.24,12.69,662,1523.9,True,False,False,False,False,True,55.8,BITSAT,2886,140,Medium (1-5L),East,2,1
Deemed Institute of Fine Arts Amravati,Amravati,Maharashtra,Deemed,1943,68.0,A,112,171.0,10.5,309813.0,115037,True,89.8,12.07,81.14,316,538.0,False,False,False,False,True,False,21.5,University Entrance,1798,83,Medium (1-5L),West,1,4
Academy of Management Udaipur,Udaipur,Rajasthan,Deemed,1892,70.0,A+,60,287.0,10.8,353497.0,53330,True,79.9,10.73,61.13,592,1445.0,False,True,True,True,True,True,58.3,UPSEE,3113,134,Medium (1-5L),North,5,5
National Institute of Technology Agartala,Agartala,Tripura,Government,1965,297.0,A,122,560.0,0.8,20783.0,150460,False,61.9,2.57,11.07,271,,True,True,True,True,True,True,76.5,JEE Main,450,61,Low (<1L),Northeast,6,4
Sardar Vallabhbhai National Institute of Technology Surat,Surat,Gujarat,Government,1961,246.0,A+,216,784.0,1.1,81628.0,167412,True,69.8,11.71,79.06,65,2041.8,True,True,False,True,False,True,71.9,JEE Main,900,65,Low (<1L),West,4,5
State Institute of Engineering Guwahati,Guwahati,Assam,Government,1964,413.0,B++,154,1098.0,2.5,35165.0,110944,True,51.8,3.14,7.08,136,2209.1,False,False,False,False,False,False,64.7,AP EAMCET,2796,62,Low (<1L),Northeast,0,3
National Institute of Technology Trichy,Tiruchirappalli,Tamil Nadu,Government,1964,181.0,A++,14,801.0,1.4,94251.0,56232,False,82.2,11.3,23.64,679,136.3,True,False,False,False,True,False,84.2,JEE Main,1100,62,Low (<1L),South,2,6
Swami Foundation Agriculture College Jalandhar,Jalandhar,Punjab,Private,1934,201.0,A,170,957.0,4.9,378116.0,165793,True,79.1,11.72,69.9,539,242.8,False,False,True,False,True,True,36.8,State Level,4707,92,Medium (1-5L),North,3,4
Deemed Institute of Technology Hyderabad,Hyderabad,Telangana,Deemed,1882,226.0,A,177,964.0,7.0,555397.0,162380,False,55.7,5.82,25.11,600,953.8,True,True,True,True,True,True,80.5,AP EAMCET,6753,144,High (>5L),South,6,4
Government College of Hotel Management Itanagar,Itanagar,Arunachal Pradesh,Government,1928,383.0,B++,183,566.0,7.1,36597.0,68283,True,71.9,2.09,5.53,112,1951.8,False,False,False,True,True,False,82.2,State Level,4042,98,Low (<1L),Northeast,2,3
Puri Veterinary Science Autonomous College,Puri,Odisha,Autonomous,1991,,B+,36,659.0,8.9,123186.0,38384,True,39.2,4.69,10.42,331,,False,False,False,False,False,False,19.6,TS EAMCET,5877,35,Medium (1-5L),East,0,2
Prime College of Pharmacy Deoghar,Deoghar,Jharkhand,Private,1914,194.0,B+,156,75.0,83.0,257700.0,167665,False,49.2,4.78,27.6,390,701.5,False,True,False,False,True,False,31.7,KCET,6223,112,Medium (1-5L),East,2,2
Nehru Autonomous Institute Agartala,Agartala,Tripura,Autonomous,1903,,B++,57,179.0,34.4,104078.0,126523,False,33.0,2.37,4.98,477,2343.6,False,True,False,False,False,True,6.6,UPSEE,6164,123,Medium (1-5L),Northeast,2,3
New Delhi Government Science College,New Delhi,Delhi,Government,1878,66.0,A+,19,62.0,107.0,129095.0,172888,True,86.5,20.27,125.18,508,321.5,True,True,True,True,True,True,6.2,AP EAMCET,6636,148,Medium (1-5L),North,6,5
Gandhi Deemed University Mapusa,Mapusa,Goa,Deemed,2011,194.0,B+,84,1148.0,1.1,215151.0,147394,False,57.2,5.46,14.32,250,2487.3,True,True,False,False,True,True,46.1,State Level,1299,15,Medium (1-5L),West,4,2
Prime College of Dental Sciences Dindigul,Dindigul,Tamil Nadu,Private,1933,94.0,B,40,1482.0,0.1,1938893.0,96634,True,85.0,17.28,38.57,625,1000.5,True,True,True,True,True,True,80.4,TNEA,151,93,High (>5L),South,6,1
Prime College of Architecture Tezpur,Tezpur,Assam,Private,2012,99.0,B+,93,156.0,23.9,393161.0,127991,True,64.4,10.45,46.45,430,350.5,True,True,False,False,False,True,59.8,Own Entrance,3723,14,Medium (1-5L),Northeast,3,2
Imphal Fashion Design Autonomous College,Imphal,Manipur,Autonomous,1853,,B++,152,172.0,32.7,125074.0,150937,True,39.9,3.25,19.96,111,2027.6,True,True,True,True,False,True,17.6,Own Entrance,5624,173,Medium (1-5L),Other,5,3
Excel Institute of Veterinary Science Gandhinagar,Gandhinagar,Gujarat,Private,1942,376.0,B,59,515.0,9.6,119869.0,41692,False,25.3,5.01,30.31,278,2330.8,True,True,False,True,False,True,71.1,NEET UG,4967,84,Medium (1-5L),West,4,1
Shillong Autonomous College of Computer Science,Shillong,Meghalaya,Autonomous,1866,127.0,B++,23,624.0,10.7,125669.0,75677,True,55.8,5.86,34.76,363,720.8,False,True,False,True,True,False,57.4,TNEA,6692,160,Medium (1-5L),Northeast,3,3
Government College of Nursing Vasco da Gama,Vasco da Gama,Goa,Government,1933,223.0,A+,88,916.0,7.7,92199.0,65916,True,79.3,10.63,61.7,175,524.1,True,False,True,True,True,True,53.4,CLAT,7040,93,Low (<1L),West,5,5
Vidyasagar Foundation Law College Naharlagun,Naharlagun,Arunachal Pradesh,Private,1906,2.0,A,207,189.0,24.0,737065.0,72909,True,84.2,22.71,117.96,636,196.8,False,True,False,True,False,False,31.7,Own Entrance,4542,120,High (>5L),Northeast,2,4
Modern Institute of Physical Education Naharlagun,Naharlagun,Arunachal Pradesh,Private,1873,,B++,57,570.0,10.5,385468.0,165026,False,75.5,6.4,40.45,20,2376.8,False,True,True,False,True,True,50.7,Own Entrance,6008,153,Medium (1-5L),Northeast,4,3
Rewa College of Information Technology,Rewa,Madhya Pradesh,Private,1941,,A+,171,1216.0,2.3,1772357.0,79532,True,97.5,21.18,60.03,93,1341.9,True,True,True,True,True,True,54.6,GATE,2806,85,High (>5L),Central,6,5
Bhubaneswar College of Veterinary Science,Bhubaneswar,Odisha,Private,1889,63.0,A,68,442.0,16.9,509531.0,43770,True,81.7,6.37,25.53,95,832.2,True,False,False,False,True,False,54.9,VITEEE,7470,137,High (>5L),East,2,4
Vidyasagar Foundation Homeopathy College Solapur,Solapur,Maharashtra,Private,1959,121.0,A++,63,1119.0,6.2,378116.0,138716,False,75.2,4.43,21.21,24,687.2,True,True,True,True,True,True,59.4,UPSEE,6905,67,Medium (1-5L),West,6,6
Government College of Management Karnal,Karnal,Haryana,Government,1867,175.0,B,33,813.0,9.1,14760.0,171724,True,37.1,5.74,34.53,370,2169.4,True,True,False,False,True,True,41.2,State Level,7358,159,Low (<1L),North,4,1
Subhas Institute of Fine Arts Haridwar,Haridwar,Uttarakhand,Private,2017,164.0,B++,247,108.0,68.4,358422.0,74414,True,29.2,2.01,9.88,129,930.3,True,False,True,True,True,False,29.1,MHT CET,7390,9,Medium (1-5L),North,4,3
Government Pharmacy College Gandhinagar,Gandhinagar,Gujarat,Government,1963,241.0,B++,169,1132.0,0.9,37975.0,49011,True,42.3,4.37,21.4,262,1353.5,True,True,True,True,True,True,26.1,TS EAMCET,1016,63,Low (<1L),West,6,3
Government College of Education Darbhanga,Darbhanga,Bihar,Government,1896,277.0,A,127,1046.0,1.7,30465.0,105815,True,46.0,3.56,20.54,584,1492.7,True,True,False,False,False,True,67.8,TNEA,1750,130,Low (<1L),East,3,4
Narayana Foundation Engineering College Kota,Kota,Rajasthan,Private,1903,129.0,A,114,725.0,5.7,378116.0,30330,True,65.6,7.4,19.61,530,1409.3,True,False,False,True,True,True,84.6,Own Entrance,4126,123,Medium (1-5L),North,4,4
Government Veterinary Science College Varanasi,Varanasi,Uttar Pradesh,Government,1941,152.0,A+,5,403.0,8.1,32493.0,39545,True,71.0,12.63,30.65,184,415.3,True,False,False,False,False,True,54.2,CUET,3264,85,Low (<1L),North,2,5
Vivekananda College of Science and Research Kohima,Kohima,Nagaland,Private,1914,360.0,B++,191,1465.0,3.0,226463.0,31579,True,40.7,2.97,8.42,16,2315.7,True,True,False,True,True,True,42.1,Own Entrance,4458,112,Medium (1-5L),Northeast,5,3
Government Science College Aizawl,Aizawl,Mizoram,Government,1870,179.0,A,202,566.0,3.4,88222.0,59274,True,82.1,8.63,41.74,148,2280.4,True,True,True,False,True,True,78.0,TS EAMCET,1939,156,Low (<1L),Northeast,5,4
Ramanujan College of Information Technology and Research Karaikal,Karaikal,Puducherry,Private,2007,,A,238,605.0,3.2,776665.0,43780,True,57.5,6.61,40.33,520,1052.7,False,True,True,True,False,True,65.6,TNEA,1966,19,High (>5L),South,4,4
Jamshedpur College of Fashion Design,Jamshedpur,Jharkhand,Private,2022,475.0,A,94,767.0,1.5,120953.0,104634,True,36.3,3.76,14.35,564,1251.4,True,False,True,True,True,True,83.7,AP EAMCET,1160,4,Medium (1-5L),East,5,4
Government Polytechnic Roorkee,Roorkee,Uttarakhand,Government,2020,281.0,B++,166,281.0,22.9,25341.0,98961,True,64.0,2.32,7.68,386,1159.7,True,True,False,False,False,False,53.1,AP EAMCET,6435,6,Low (<1L),North,2,3
Tagore Institute of Computer Science Darbhanga,Darbhanga,Bihar,Private,1898,13.0,A++,179,587.0,11.0,378116.0,158997,False,82.4,12.56,80.62,616,304.7,False,False,False,False,False,False,4.3,CLAT,6449,128,Medium (1-5L),East,0,6
Sardar Autonomous Institute Belgaum,Belgaum,Karnataka,Autonomous,2016,,A,179,913.0,0.8,110503.0,177832,False,31.0,4.8,21.8,602,1483.7,True,False,False,True,False,False,57.7,NATA,707,10,Medium (1-5L),South,2,4
Autonomous College of Pharmacy Agartala,Agartala,Tripura,Autonomous,1935,,B++,38,1002.0,4.7,106574.0,22585,True,65.6,3.96,26.31,550,1563.3,True,False,False,True,False,True,59.4,JEE Main,4690,91,Medium (1-5L),Northeast,3,3
Aurobindo Autonomous Institute Hyderabad,Hyderabad,Telangana,Autonomous,1994,194.0,B,233,384.0,0.2,144789.0,135431,True,34.3,4.56,16.32,317,1715.9,False,False,True,False,False,True,83.7,VITEEE,82,32,Medium (1-5L),South,2,1
Deemed Institute of Journalism Bokaro,Bokaro,Jharkhand,Deemed,2017,182.0,A,240,949.0,7.8,215242.0,108920,True,49.1,2.15,4.89,14,2222.1,True,True,True,False,True,True,79.4,TNEA,7397,9,Medium (1-5L),East,5,4
State Institute of Ayurveda Ahmedabad,Ahmedabad,Gujarat,Government,1977,79.0,A,48,279.0,24.6,76276.0,21617,True,97.9,29.26,77.89,415,1399.9,False,True,False,False,False,False,19.3,JEE Advanced,6854,49,Low (<1L),West,1,4
Dibrugarh Government Technology College,Dibrugarh,Assam,Government,1946,244.0,A++,230,749.0,2.7,87738.0,28969,False,85.4,12.45,44.18,66,426.9,True,False,True,True,True,False,27.6,SRMJEEE,2059,80,Low (<1L),Northeast,4,6
Nehru College of Engineering and Research Belgaum,Belgaum,Karnataka,Private,1868,138.0,B,31,1035.0,6.9,659940.0,83441,False,65.1,11.05,44.15,364,817.1,True,False,True,False,False,True,23.9,TNEA,7190,158,High (>5L),South,3,1
Amrita College of Fine Arts and Research Anand,Anand,Gujarat,Private,1987,182.0,B+,73,323.0,19.8,356739.0,79675,True,59.5,5.15,18.15,83,2246.7,False,True,False,True,False,False,75.0,GATE,6397,39,Medium (1-5L),West,2,2
Excel Institute of Pharmacy Delhi,Delhi,Delhi,Private,2019,484.0,B++,36,1416.0,1.4,188302.0,175766,True,29.1,2.54,8.14,92,1640.5,True,False,False,False,False,False,81.5,COMEDK,2015,7,Medium (1-5L),North,1,3
Deemed Institute of Education Tirupati,Tirupati,Andhra Pradesh,Deemed,1857,78.0,A,115,1244.0,0.8,193809.0,63782,False,60.2,7.53,35.38,624,2461.7,True,True,True,True,False,True,5.2,VITEEE,1033,169,Medium (1-5L),South,5,4
Global Academy of Applied Sciences Gangtok,Gangtok,Sikkim,Private,1987,111.0,B,143,700.0,7.5,322959.0,34660,False,81.5,9.12,38.17,309,1289.2,True,True,True,True,True,True,84.4,GATE,5270,39,Medium (1-5L),Northeast,6,1
Autonomous College of Technology Itanagar,Itanagar,Arunachal Pradesh,Autonomous,1892,46.0,B+,144,758.0,8.5,152424.0,99849,True,87.7,4.8,21.8,273,1659.2,False,True,False,False,False,True,22.3,CAT,6410,134,Medium (1-5L),Northeast,2,2
Indian Institute of Technology Delhi,New Delhi,Delhi,Government,1961,146.0,A++,72,1276.0,0.9,59118.0,46793,True,67.1,8.07,32.5,54,1824.9,False,False,False,True,False,True,46.0,JEE Advanced,1100,65,Low (<1L),North,2,6
Shivaji University Imphal,Imphal,Manipur,Private,1899,55.0,A++,138,889.0,4.8,317844.0,112191,False,60.7,8.61,53.89,425,957.6,True,True,False,False,True,True,44.5,VITEEE,4248,127,Medium (1-5L),Other,4,6
Excel Institute of Applied Sciences Kochi,Kochi,Kerala,Private,1908,339.0,B++,12,900.0,7.0,370448.0,75090,True,45.2,3.15,6.86,109,1069.0,True,True,True,True,True,True,56.5,CUET,6301,118,Medium (1-5L),South,6,3
Prime College of Applied Sciences Bellary,Bellary,Karnataka,Private,2014,196.0,A,124,1057.0,0.9,375972.0,170427,False,45.4,2.66,5.33,520,486.6,True,False,True,False,True,True,45.8,CAT,922,12,Medium (1-5L),South,4,4
Government Medical Sciences College Dimapur,Dimapur,Nagaland,Government,1953,260.0,A,189,1120.0,0.5,37033.0,75476,False,43.2,3.89,9.45,517,495.3,False,True,False,False,False,True,25.5,CLAT,592,73,Low (<1L),Northeast,2,4
Kalinga Institute of Industrial Technology,Bhubaneswar,Odisha,Private,1992,145.0,A++,210,448.0,7.8,495459.0,120105,False,68.6,7.35,20.66,629,347.7,False,True,True,True,True,True,22.0,KIITEE,3500,34,Medium (1-5L),East,5,6
Padmavati Institute of Commerce Chandigarh,Chandigarh,Chandigarh,Private,1867,240.0,B,191,804.0,9.3,267507.0,164683,True,60.7,4.26,10.63,494,1372.9,True,True,True,True,True,True,48.5,TNEA,7472,159,Medium (1-5L),North,6,1
Jalandhar Government Nursing College,Jalandhar,Punjab,Government,1929,218.0,A++,187,963.0,2.6,68290.0,74502,False,80.1,5.19,16.4,603,1040.4,True,False,True,True,False,False,63.3,BITSAT,2458,97,Low (<1L),North,3,6
Government Law College Itanagar,Itanagar,Arunachal Pradesh,Government,1960,415.0,B++,110,1491.0,1.2,46257.0,160840,True,59.3,3.05,12.88,463,1803.9,False,True,False,False,True,False,14.8,GATE,1843,66,Low (<1L),Northeast,2,3
Chandigarh University,Mohali,Punjab,Private,2012,228.0,A+,90,1371.0,2.9,604924.0,41392,True,60.7,4.23,28.15,159,345.7,False,False,False,False,False,True,25.1,CUCET,4000,14,High (>5L),North,1,5
Tilak University Junagadh,Junagadh,Gujarat,Private,1889,395.0,B+,101,1117.0,3.8,179815.0,71400,False,60.7,5.48,25.145,347,2424.4,True,True,True,True,True,True,21.5,MHT CET,4209,137,Medium (1-5L),West,6,2
Government Model College Delhi,Delhi,Delhi,Government,2007,132.0,B,81,485.0,16.3,44730.0,28848,False,85.0,12.31,59.34,131,43.7,True,False,True,False,False,False,44.4,NEET UG,7896,19,Low (<1L),North,2,1
Sri Venkateswara University,Tirupati,Andhra Pradesh,Government,1954,209.0,A+,225,891.0,1.7,78792.0,134487,False,87.4,6.36,17.08,476,2234.2,False,False,False,False,False,False,59.4,Own Entrance,1500,72,Low (<1L),South,0,5
Global Academy of Journalism Pantnagar,Pantnagar,Uttarakhand,Private,1851,471.0,A,10,45.0,95.3,399754.0,168931,True,58.0,2.42,6.28,603,2387.5,False,False,True,False,True,False,72.4,JEE Main,4288,175,Medium (1-5L),North,2,4
Uttar Pradesh State Fashion Design College Lucknow,Lucknow,Uttar Pradesh,Government,1987,,B+,128,351.0,0.7,57661.0,156090,True,80.1,5.46,11.61,192,1824.3,True,True,False,True,True,True,6.5,NEET UG,261,39,Low (<1L),North,5,2
Narayana Academy of Nursing Tura,Tura,Meghalaya,Deemed,1944,,B+,187,161.0,42.8,150407.0,75713,True,27.1,3.54,23.25,697,1735.7,False,False,False,True,True,True,30.8,COMEDK,6886,82,Medium (1-5L),Northeast,3,2
Academy of Fine Arts Mapusa,Mapusa,Goa,Deemed,2021,319.0,B,222,1317.0,4.7,193045.0,150930,True,47.4,2.83,15.73,82,2412.2,True,True,False,False,False,True,14.7,MHT CET,6172,5,Medium (1-5L),West,3,1
Mahatma Gandhi Foundation Science College Baramulla,Baramulla,Jammu & Kashmir,Private,2010,165.0,A++,77,1308.0,5.4,622267.0,76522,True,71.1,4.72,26.22,626,1249.4,False,False,False,True,True,False,82.6,NATA,7077,16,High (>5L),North,2,6
State Institute of Hotel Management Davangere,Davangere,Karnataka,Government,1882,,A,150,1112.0,4.7,33252.0,92009,True,42.1,3.83,19.48,479,103.5,False,True,True,False,True,True,28.4,CAT,5244,144,Low (<1L),South,4,4
Government Social Work College Margao,Margao,Goa,Government,1978,39.0,A++,167,545.0,4.6,263140.0,161612,True,86.2,18.75,98.71,341,2102.0,True,True,True,True,True,True,60.8,State Level,2494,48,Medium (1-5L),West,6,6
Shimla College of Information Technology,Shimla,Himachal Pradesh,Private,1921,385.0,B+,120,1489.0,1.2,364671.0,103441,False,54.2,5.31,27.48,289,,True,True,True,False,True,True,83.6,TS EAMCET,1787,105,Medium (1-5L),North,5,2
Gangtok Institute of Law,Gangtok,Sikkim,Private,2004,60.0,A+,120,1379.0,5.0,677413.0,106256,True,62.4,7.92,42.45,484,94.3,False,True,True,True,True,True,64.9,VITEEE,6906,22,High (>5L),Northeast,5,5
Kota Institute of Social Work (Deemed),Kota,Rajasthan,Deemed,1851,189.0,B+,70,1191.0,3.1,214511.0,30261,True,53.6,4.84,13.58,45,213.4,True,False,False,True,True,False,11.5,COMEDK,3723,175,Medium (1-5L),North,3,2
Rani Foundation Homeopathy College Alappuzha,Alappuzha,Kerala,Private,1884,131.0,A+,214,1073.0,0.4,329315.0,26092,True,76.3,4.78,15.67,427,1670.2,False,False,False,False,False,True,51.1,JEE Main,420,142,Medium (1-5L),South,1,5
Prime College of Dental Sciences Puducherry,Puducherry,Puducherry,Private,1963,,A,157,1174.0,4.7,615708.0,134767,True,93.7,29.77,77.88,439,432.6,True,True,True,True,True,False,56.5,NEET UG,5549,63,High (>5L),South,5,4
Tiruchirappalli College of Journalism,Tiruchirappalli,Tamil Nadu,Private,1934,324.0,B,244,1322.0,0.4,150712.0,27306,True,40.8,4.83,23.97,352,2101.6,False,False,False,False,False,False,21.8,KCET,574,92,Medium (1-5L),South,0,1
Government College of Dental Sciences Pilani,Pilani,Rajasthan,Government,1944,,A,151,212.0,32.8,35179.0,30637,True,43.4,4.8,31.92,534,2010.8,True,True,True,True,True,False,31.4,TS EAMCET,6953,82,Low (<1L),North,5,4
Kochi Institute of Technology,Kochi,Kerala,Private,2000,151.0,B,19,569.0,12.7,753562.0,120901,True,60.7,9.54,55.52,313,1924.9,True,True,True,False,True,False,9.2,BITSAT,7225,26,High (>5L),South,4,1
Baramulla Autonomous College of Veterinary Science,Baramulla,Jammu & Kashmir,Autonomous,1991,86.0,A,40,690.0,7.1,123346.0,116482,True,50.0,5.55,17.95,151,241.9,True,False,True,False,False,False,17.7,KCET,4917,35,Medium (1-5L),North,2,4
Autonomous College of Physical Education Rewa,Rewa,Madhya Pradesh,Autonomous,1917,,B+,235,686.0,7.9,46063.0,130979,False,47.6,2.96,16.09,484,1006.2,True,True,False,False,False,True,2.1,CUET,5439,109,Low (<1L),Central,3,2
Sri Gandhi Institute of Social Work Nainital,Nainital,Uttarakhand,Private,1939,371.0,A,35,146.0,1.4,160427.0,56993,True,28.0,3.27,21.53,175,846.6,True,True,True,True,True,True,22.2,UPSEE,209,87,Medium (1-5L),North,6,4
Rewa Institute of Commerce,Rewa,Madhya Pradesh,Private,2022,91.0,A,88,453.0,1.4,695162.0,161571,True,71.0,11.56,62.98,311,2157.0,True,False,True,True,True,True,31.7,COMEDK,651,4,High (>5L),Central,5,4
Tilak Institute of Medical Sciences Bilaspur,Bilaspur,Chhattisgarh,Private,1991,66.0,B,92,645.0,1.4,644286.0,81874,True,75.6,5.33,28.15,252,649.4,True,False,False,False,False,False,23.0,UPSEE,879,35,High (>5L),Central,1,1
Dayanand College of Arts and Research Puducherry,Puducherry,Puducherry,Private,1924,225.0,A,76,1267.0,5.6,620601.0,164197,True,66.0,10.01,40.95,337,1926.7,False,True,True,True,True,True,53.9,CLAT,7145,102,High (>5L),South,5,4
Swami Academy of Engineering Sagar,Sagar,Madhya Pradesh,Deemed,1981,285.0,B++,135,1451.0,5.2,271376.0,80358,True,27.0,3.16,12.73,431,1239.7,False,True,True,False,False,True,46.5,University Entrance,7528,45,Medium (1-5L),Central,3,3
Haryana State Computer Science College Faridabad,Faridabad,Haryana,Government,1989,177.0,B++,12,1457.0,4.1,55776.0,112811,True,81.1,11.34,66.42,598,635.7,False,False,True,False,False,False,23.4,BITSAT,5954,37,Low (<1L),North,1,3
Bhagat Singh Autonomous Institute Itanagar,Itanagar,Arunachal Pradesh,Autonomous,1917,247.0,A+,86,783.0,1.4,172212.0,84228,True,63.8,5.48,35.65,439,,True,True,True,True,True,False,12.6,SRMJEEE,1082,109,Medium (1-5L),Northeast,5,5
Prime College of Hotel Management Agartala,Agartala,Tripura,Private,1985,98.0,A+,222,484.0,5.5,731777.0,125043,True,79.4,10.99,56.31,206,1672.4,True,True,True,True,True,True,38.8,UPSEE,2657,41,High (>5L),Northeast,6,5
Prime College of Management Pune,Pune,Maharashtra,Private,1861,,B++,21,1269.0,4.9,378116.0,79761,True,97.8,12.72,73.13,247,2218.7,True,True,True,True,True,True,25.8,TNEA,6279,165,Medium (1-5L),West,6,3
Indira Autonomous Institute Thane,Thane,Maharashtra,Autonomous,1866,158.0,B+,220,610.0,2.9,148796.0,85325,True,60.5,4.8,21.8,550,717.3,True,True,True,True,True,True,25.7,UPSEE,1770,160,Medium (1-5L),West,6,2
Bokaro College of Technology,Bokaro,Jharkhand,Private,1957,,B,173,442.0,7.5,292114.0,105165,False,45.8,2.45,12.07,612,1427.9,True,True,False,True,False,True,5.7,CUET,3304,69,Medium (1-5L),East,4,1
Government Model College Mumbai,Mumbai,Maharashtra,Government,2007,,B++,78,535.0,11.6,103907.0,66112,True,87.2,28.68,61.17,485,1274.7,True,True,False,True,True,False,25.1,JEE Advanced,6211,19,Medium (1-5L),West,4,3
Academy of Engineering Nainital,Nainital,Uttarakhand,Deemed,1871,449.0,B++,231,213.0,33.0,133247.0,98421,True,32.5,5.53,21.36,49,1714.8,True,True,False,True,True,True,72.9,SRMJEEE,7030,155,Medium (1-5L),North,5,3
District Computer Science College Tezpur,Tezpur,Assam,Government,2005,,A+,171,1275.0,2.2,49123.0,122926,True,67.7,7.85,16.83,697,1280.5,False,True,False,False,False,False,35.1,MHT CET,2800,21,Low (<1L),Northeast,1,5
State Institute of Architecture Itanagar,Itanagar,Arunachal Pradesh,Government,1980,75.0,A,234,1328.0,5.5,47279.0,25162,True,86.5,7.32,27.1,223,128.1,True,False,True,True,False,False,83.8,CUET,7366,46,Low (<1L),Northeast,3,4
Government College of Physical Education Nizamabad,Nizamabad,Telangana,Government,1938,,A,112,323.0,21.4,15258.0,64729,True,71.8,14.68,77.13,230,614.3,True,True,True,True,False,True,32.5,Own Entrance,6917,88,Low (<1L),South,5,4
Durg College of Arts,Durg,Chhattisgarh,Private,2006,496.0,A,130,1310.0,1.8,179234.0,171651,True,31.1,5.26,12.19,526,1449.4,True,True,True,True,True,True,77.6,Own Entrance,2423,20,Medium (1-5L),Central,6,4
Academy of Physical Education Gangtok,Gangtok,Sikkim,Deemed,1912,92.0,B,225,1002.0,6.0,314435.0,28473,False,88.6,5.82,25.11,404,177.8,True,True,True,False,True,True,36.0,BITSAT,5975,114,Medium (1-5L),Northeast,5,1
District Journalism College Vasco da Gama,Vasco da Gama,Goa,Government,1893,,A+,183,588.0,0.4,46446.0,117242,True,86.1,8.15,53.79,95,1707.1,False,False,True,False,False,True,84.8,State Level,254,133,Low (<1L),West,2,5
Chanakya University Cuttack,Cuttack,Odisha,Private,1970,177.0,A+,133,1480.0,2.5,796367.0,79682,True,70.6,9.05,49.11,647,697.2,False,True,True,False,True,True,48.9,KCET,3742,56,High (>5L),East,4,5
Excel Institute of Arts Karaikal,Karaikal,Puducherry,Private,1886,,A+,212,1023.0,7.7,2165251.0,125980,True,80.7,11.17,77.2,685,1769.7,False,True,True,True,False,True,71.5,NATA,7927,140,High (>5L),South,4,5
District Computer Science College Itanagar,Itanagar,Arunachal Pradesh,Government,1951,,B,177,889.0,8.7,44351.0,153054,True,71.5,13.8,45.85,257,12.4,False,False,True,False,False,False,77.4,JEE Main,7757,75,Low (<1L),Northeast,1,1
Academy of Science Shimla,Shimla,Himachal Pradesh,Deemed,1910,372.0,A,98,618.0,0.6,209848.0,57440,True,51.8,2.63,13.58,59,1740.9,True,True,True,True,True,True,49.0,AP EAMCET,353,116,Medium (1-5L),North,6,4
Deemed Institute of Veterinary Science Jodhpur,Jodhpur,Rajasthan,Deemed,1987,,B,239,1384.0,1.7,452219.0,22977,True,74.9,3.65,21.81,596,1576.4,True,True,True,True,True,True,15.0,NEET UG,2313,39,Medium (1-5L),North,6,1
Tirupati College of Commerce,Tirupati,Andhra Pradesh,Private,1888,104.0,A+,33,1280.0,3.6,722293.0,69232,True,65.5,4.87,22.8,638,1342.2,True,False,False,True,True,True,35.3,MHT CET,4615,138,High (>5L),South,4,5
Autonomous College of Physical Education Mangalore,Mangalore,Karnataka,Autonomous,1909,158.0,B++,87,51.0,155.1,84374.0,50338,False,69.0,8.21,19.26,358,1202.4,False,True,True,True,True,True,44.8,NEET UG,7911,117,Low (<1L),South,5,3
Mahatma Gandhi Deemed University Alappuzha,Alappuzha,Kerala,Deemed,1967,207.0,A,178,1041.0,4.5,210671.0,82728,True,59.1,8.14,48.56,446,2000.7,False,True,False,False,False,True,66.8,KCET,4724,59,Medium (1-5L),South,2,4
Bhagalpur Autonomous College of Social Work,Bhagalpur,Bihar,Autonomous,1928,,A,185,704.0,6.3,197366.0,135946,False,76.5,6.87,24.1,480,1680.0,False,False,False,True,False,False,33.2,NATA,4402,98,Medium (1-5L),East,1,4
Government Polytechnic Gangtok,Gangtok,Sikkim,Government,1880,318.0,B+,139,1218.0,5.7,9413.0,131045,True,60.8,3.73,8.38,450,1077.2,False,False,True,False,False,False,69.2,TS EAMCET,7003,146,Low (<1L),Northeast,1,2
Chandra University Chandigarh,Chandigarh,Chandigarh,Private,1948,,A+,240,440.0,6.4,578844.0,147485,True,70.2,11.73,80.24,334,288.6,False,True,True,False,False,False,46.6,WBJEE,2803,78,High (>5L),North,2,5
State Institute of Social Work Jalandhar,Jalandhar,Punjab,Government,1975,,B,117,172.0,30.3,19458.0,148324,False,45.3,3.37,14.17,140,1110.6,False,True,True,True,True,False,41.0,VITEEE,5217,51,Low (<1L),North,4,1
Solapur Institute of Fine Arts,Solapur,Maharashtra,Private,1973,249.0,A,46,713.0,7.2,226676.0,135586,True,44.9,3.81,17.04,677,478.6,True,True,True,True,False,True,50.5,SRMJEEE,5151,53,Medium (1-5L),West,5,4
Thapar Institute of Engineering,Patiala,Punjab,Private,1956,,A+,27,114.0,13.2,428484.0,99299,True,73.4,11.47,29.99,191,1384.8,True,False,True,True,False,True,84.3,JEE Main,1500,70,Medium (1-5L),North,4,5
Modern Institute of Information Technology Kakinada,Kakinada,Andhra Pradesh,Private,1905,245.0,A,25,1301.0,6.1,439454.0,148195,True,75.4,5.53,34.89,594,1667.6,False,True,False,True,True,True,4.4,CLAT,7951,121,Medium (1-5L),South,4,4
District Social Work College Korba,Korba,Chhattisgarh,Government,1920,146.0,B+,42,681.0,10.0,88872.0,133565,True,66.8,6.68,39.73,532,1119.5,False,True,True,True,False,False,4.0,SRMJEEE,6834,106,Low (<1L),Central,3,2
RVCE Bangalore,Bangalore,Karnataka,Autonomous,1963,47.0,A++,222,654.0,2.8,267556.0,111075,False,85.6,12.6,43.49,171,1780.1,True,True,True,True,True,False,78.9,KCET,1800,63,Medium (1-5L),South,5,6
Academy of Computer Science Nizamabad,Nizamabad,Telangana,Deemed,1957,430.0,B++,235,484.0,5.1,140980.0,71342,True,59.1,2.23,13.57,55,1666.6,False,True,False,False,False,False,71.8,State Level,2477,69,Medium (1-5L),South,1,3
Sri Babasaheb Institute of Physical Education Bhopal,Bhopal,Madhya Pradesh,Private,1859,96.0,A,28,1344.0,1.2,251125.0,147353,True,67.5,10.72,60.15,143,2278.0,True,False,False,True,False,True,71.6,MHT CET,1623,167,Medium (1-5L),Central,3,4
National Institute of Technology Raipur,Raipur,Chhattisgarh,Government,1956,267.0,A,195,1281.0,0.4,5530.0,168354,True,60.3,5.11,35.1,518,2082.4,True,True,True,True,True,False,76.8,JEE Main,500,70,Low (<1L),Central,5,4
Laxmi Deemed University Aizawl,Aizawl,Mizoram,Deemed,1968,,B++,113,1170.0,4.5,127539.0,53019,False,32.7,3.62,24.89,460,108.0,False,True,True,True,False,True,58.7,UPSEE,5214,58,Medium (1-5L),Northeast,4,3
Aryabhatta University Gandhinagar,Gandhinagar,Gujarat,Private,1895,170.0,B++,31,734.0,4.4,252708.0,123113,True,29.2,2.62,10.86,563,2278.4,True,False,False,True,True,False,25.2,NATA,3261,131,Medium (1-5L),West,3,3
Shri Ram Academy of Social Work Chandigarh,Chandigarh,Chandigarh,Deemed,1905,,B,10,1190.0,5.9,328761.0,98721,True,68.3,9.89,57.37,679,572.0,True,False,True,True,True,False,13.9,MHT CET,6969,121,Medium (1-5L),North,4,1
Tagore Foundation Information Technology College Patna,Patna,Bihar,Private,1973,54.0,B+,140,1196.0,0.7,780050.0,136712,False,60.7,18.09,45.74,107,2411.5,False,True,True,False,True,False,72.5,CAT,819,53,High (>5L),East,3,2
Vijayawada College of Ayurveda,Vijayawada,Andhra Pradesh,Private,2018,,A+,76,1137.0,1.1,1658077.0,58819,True,83.3,21.12,72.22,492,818.2,True,True,True,True,False,True,14.1,CLAT,1206,8,High (>5L),South,5,5
Chennai Agriculture Autonomous College,Chennai,Tamil Nadu,Autonomous,1982,409.0,B+,241,1460.0,4.9,120611.0,125629,True,36.6,4.76,31.35,436,2155.8,True,True,False,False,True,False,80.1,CUET,7095,44,Medium (1-5L),South,3,2
Autonomous College of Commerce Bhubaneswar,Bhubaneswar,Odisha,Autonomous,1860,,B+,137,1246.0,6.3,170201.0,100141,True,62.6,7.11,43.63,104,1714.2,False,True,True,False,False,False,13.0,UPSEE,7816,166,Medium (1-5L),East,2,2
Modern Institute of Social Work Agartala,Agartala,Tripura,Private,1990,207.0,A+,153,827.0,2.2,470785.0,45591,True,63.4,7.89,38.66,219,1274.1,False,False,False,True,False,True,13.6,University Entrance,1849,36,Medium (1-5L),Northeast,2,5
Saraswati Deemed University Itanagar,Itanagar,Arunachal Pradesh,Deemed,1919,,B+,222,1448.0,1.6,258593.0,91980,True,51.7,9.26,42.69,330,1484.8,False,True,True,True,True,True,81.6,University Entrance,2298,107,Medium (1-5L),Northeast,5,2
State Institute of Technology Ahmedabad,Ahmedabad,Gujarat,Government,2005,,B++,176,848.0,9.4,7982.0,21405,False,38.9,4.48,15.74,389,332.3,False,False,True,True,False,False,75.9,University Entrance,7983,21,Low (<1L),West,2,3
Rani College of Science and Research Lucknow,Lucknow,Uttar Pradesh,Private,1942,316.0,B++,68,225.0,16.4,383627.0,140798,True,55.8,4.02,25.25,647,469.6,False,True,True,True,True,True,10.9,UPSEE,3701,84,Medium (1-5L),North,5,3
Patel Academy of Veterinary Science Kochi,Kochi,Kerala,Deemed,1957,216.0,B+,33,859.0,9.0,117635.0,140954,True,39.6,2.15,8.6,438,2077.7,True,False,True,True,True,False,5.6,JEE Main,7693,69,Medium (1-5L),South,4,2
Excel Institute of Commerce Mandi,Mandi,Himachal Pradesh,Private,1933,376.0,B++,158,1049.0,2.1,127523.0,94485,False,30.8,2.87,11.49,157,1810.8,False,True,False,True,True,True,64.0,TNEA,2188,93,Medium (1-5L),North,4,3
Sri Bhagat Singh Institute of Commerce Hyderabad,Hyderabad,Telangana,Private,1850,,B+,132,1125.0,5.3,289190.0,98002,True,37.1,2.95,11.78,644,345.4,True,True,True,False,False,False,73.7,NEET UG,5984,176,Medium (1-5L),South,3,2
Satna Institute of Management (Deemed),Satna,Madhya Pradesh,Deemed,1943,53.0,A+,111,594.0,1.1,874653.0,112233,True,89.6,13.36,81.91,197,378.0,False,False,False,False,True,True,8.9,State Level,676,83,High (>5L),Central,2,5
Excel Institute of Fine Arts Aizawl,Aizawl,Mizoram,Private,1882,393.0,A,181,708.0,6.6,133095.0,24642,True,39.8,3.46,10.54,249,2275.5,False,False,True,False,True,True,76.8,WBJEE,4691,144,Medium (1-5L),Northeast,3,4
Autonomous College of Information Technology Naharlagun,Naharlagun,Arunachal Pradesh,Autonomous,1914,,B++,171,760.0,2.2,360456.0,162768,True,73.5,8.71,52.57,641,1195.0,True,False,False,True,False,True,37.5,NATA,1668,112,Medium (1-5L),Northeast,3,3
Armed Forces Medical College,Pune,Maharashtra,Government,1948,,A++,139,160.0,0.9,86636.0,148009,True,69.2,13.89,96.56,44,2098.0,False,False,True,False,False,False,7.2,NEET UG,150,78,Low (<1L),West,1,6
Raman Autonomous Institute Prayagraj,Prayagraj,Uttar Pradesh,Autonomous,2019,119.0,B+,192,769.0,5.2,53540.0,171300,True,70.5,8.36,39.74,441,480.2,False,False,False,False,False,False,55.3,KCET,3963,7,Low (<1L),North,0,2
District Education College Dimapur,Dimapur,Nagaland,Government,1937,51.0,B++,250,58.0,113.7,37133.0,20041,True,72.9,11.47,53.51,47,158.5,True,True,True,True,True,True,55.9,VITEEE,6592,89,Low (<1L),Northeast,6,3
Aligarh Muslim University,Aligarh,Uttar Pradesh,Government,1875,224.0,A++,139,389.0,7.7,49803.0,171643,False,78.3,12.21,60.04,654,1803.5,True,True,False,False,True,True,66.1,AMU Entrance,3000,151,Low (<1L),North,4,6
State Institute of Science Prayagraj,Prayagraj,Uttar Pradesh,Government,1995,122.0,A,118,1061.0,3.2,57170.0,134063,False,77.1,11.92,79.44,640,1573.2,True,True,True,True,True,True,64.6,GATE,3397,31,Low (<1L),North,6,4
Central University of Tamil Nadu,Thiruvarur,Tamil Nadu,Government,2009,327.0,B++,37,259.0,1.2,45968.0,35742,True,32.1,4.58,25.22,509,583.2,True,False,True,True,True,True,83.5,CUET,300,17,Low (<1L),South,5,3
Subhas Academy of Applied Sciences Imphal,Imphal,Manipur,Deemed,2005,14.0,B,168,558.0,7.1,867241.0,142558,False,78.5,18.93,102.22,267,2188.3,False,True,False,True,False,False,83.2,CLAT,3939,21,High (>5L),Other,2,1
Chanakya Foundation Journalism College Satna,Satna,Madhya Pradesh,Private,1951,490.0,A,211,1498.0,5.0,326506.0,84865,True,46.7,2.71,16.82,598,889.8,False,True,True,False,False,False,75.4,TS EAMCET,7546,75,Medium (1-5L),Central,2,4
Global Academy of Homeopathy Delhi,Delhi,Delhi,Private,1936,181.0,B++,143,50.0,121.2,244488.0,51828,True,41.5,2.8,12.82,604,2056.1,True,True,True,True,True,True,78.4,UPSEE,6059,90,Medium (1-5L),North,6,3
Modern Institute of Social Work Darbhanga,Darbhanga,Bihar,Private,1995,341.0,B+,185,274.0,29.1,355088.0,24054,True,32.6,2.46,14.94,620,1127.7,True,True,True,False,True,True,5.5,JEE Advanced,7967,31,Medium (1-5L),East,5,2
Prime College of Education Vijayawada,Vijayawada,Andhra Pradesh,Private,1929,,B,203,77.0,6.2,355955.0,111588,True,45.1,4.86,10.52,700,1647.2,True,False,True,True,True,True,16.3,VITEEE,481,97,Medium (1-5L),South,5,1
Aryabhatta Institute of Architecture Jabalpur,Jabalpur,Madhya Pradesh,Private,1986,,A,64,320.0,12.8,651750.0,167439,True,55.4,4.61,22.25,430,2166.6,False,True,False,False,False,False,18.2,TNEA,4099,40,High (>5L),Central,1,4
Agartala Autonomous College of Social Work,Agartala,Tripura,Autonomous,1857,215.0,B++,117,402.0,11.0,124873.0,36357,False,27.9,3.8,11.99,160,2488.2,False,False,True,True,False,True,66.3,Own Entrance,4436,169,Medium (1-5L),Northeast,3,3
Government Polytechnic Raipur,Raipur,Chhattisgarh,Government,1934,163.0,B+,183,1447.0,1.4,85688.0,34175,True,85.9,11.65,37.77,237,1520.9,True,True,True,True,True,False,33.0,TNEA,2044,92,Low (<1L),Central,5,2
Kakinada College of Veterinary Science,Kakinada,Andhra Pradesh,Private,1987,96.0,B+,106,823.0,8.5,454103.0,108236,True,66.6,10.5,41.95,60,358.9,True,False,False,True,False,True,9.0,CUET,7015,39,Medium (1-5L),South,3,2
Himachal Pradesh State Dental Sciences College Shimla,Shimla,H.P.,Government,1922,,A,92,1401.0,0.1,40871.0,40343,False,79.0,7.81,18.52,38,1119.5,False,False,True,True,False,False,67.8,University Entrance,157,104,Low (<1L),Other,2,4
Nellore Government Education College,Nellore,Andhra Pradesh,Government,1893,328.0,B++,188,510.0,0.7,49757.0,156761,True,48.4,2.33,12.08,447,2454.0,True,False,True,False,False,False,65.0,CUET,382,133,Low (<1L),South,2,3
Mizoram State Applied Sciences College Aizawl,Aizawl,Mizoram,Government,1933,82.0,A+,163,275.0,10.1,17553.0,24802,True,87.0,13.85,29.94,320,1722.2,True,False,True,False,True,True,65.6,WBJEE,2779,93,Low (<1L),Northeast,4,5
Arunachal Pradesh State Management College Naharlagun,Naharlagun,Arunachal Pradesh,Government,1968,360.0,A,165,1469.0,2.9,21750.0,69126,False,48.7,3.13,18.66,555,1908.5,True,True,True,True,True,True,73.0,CUET,4274,58,Low (<1L),Northeast,6,4
Indian Institute of Technology Palakkad,Palakkad,Kerala,Government,2015,411.0,A,160,1227.0,0.2,31612.0,163638,True,59.2,8.07,32.5,680,807.0,True,True,True,True,False,True,38.1,JEE Advanced,280,11,Low (<1L),South,5,4
Thane Medical Sciences Autonomous College,Thane,Maharashtra,Autonomous,1881,,A++,83,1011.0,2.0,105471.0,85174,True,91.1,12.39,77.61,147,1616.5,True,True,True,True,True,True,27.5,UPSEE,2035,145,Medium (1-5L),West,6,6
Government Polytechnic Ahmedabad,Ahmedabad,Gujarat,Government,1978,452.0,A,169,606.0,10.7,46497.0,81376,False,41.3,3.49,12.85,260,1177.6,True,True,False,False,False,True,39.1,WBJEE,6500,48,Low (<1L),West,3,4
Deemed Institute of Social Work Itanagar,Itanagar,Arunachal Pradesh,Deemed,1884,56.0,A+,89,858.0,0.1,705397.0,170300,True,77.4,17.94,84.08,383,2151.2,False,True,True,True,True,False,66.1,University Entrance,91,142,High (>5L),Northeast,4,5
New Horizon College of Engineering,Bangalore,Karnataka,Autonomous,2001,343.0,A,218,600.0,2.0,115003.0,104953,False,23.1,4.9,25.32,279,1447.4,False,True,False,True,True,True,48.9,KCET,1200,25,Medium (1-5L),South,4,4
Prayagraj Journalism Autonomous College,Prayagraj,Uttar Pradesh,Autonomous,2002,361.0,B+,220,543.0,8.5,86641.0,91668,True,26.6,4.72,27.19,567,442.2,True,True,True,True,False,True,9.6,JEE Advanced,4598,24,Low (<1L),North,5,2
Modern Institute of Fine Arts Agartala,Agartala,Tripura,Private,2006,198.0,B++,91,1188.0,0.2,378116.0,154139,True,63.4,4.52,9.3,114,966.1,False,False,False,True,False,True,14.4,TS EAMCET,269,20,Medium (1-5L),Northeast,2,3
Government College of Management Muzaffarpur,Muzaffarpur,Bihar,Government,1871,,B++,33,631.0,7.9,47865.0,114229,True,46.2,4.91,21.47,695,1788.7,False,False,False,False,False,False,81.7,University Entrance,4966,155,Low (<1L),East,0,3
Jharkhand State Technology College Dhanbad,Dhanbad,Jharkhand,Government,1942,42.0,B+,29,948.0,8.0,52437.0,157760,True,92.3,8.07,32.5,11,2230.3,False,True,False,False,False,True,56.8,TNEA,7550,84,Low (<1L),East,2,2
Uttar Pradesh State Medical Sciences College Aligarh,Aligarh,Uttar Pradesh,Government,1959,89.0,B++,203,1367.0,3.4,97297.0,83994,False,93.3,17.82,58.52,632,639.0,True,True,False,True,False,True,19.3,TNEA,4690,67,Low (<1L),North,4,3
Academy of Technology Thane,Thane,Maharashtra,Deemed,1891,287.0,B++,235,1309.0,4.8,140199.0,66039,True,26.0,2.05,11.01,491,912.5,True,True,True,True,True,False,53.4,University Entrance,6307,135,Medium (1-5L),West,5,3
Sri Chandra Institute of Commerce Muzaffarpur,Muzaffarpur,Bihar,Private,2020,484.0,B+,98,337.0,4.6,307852.0,24254,True,39.4,4.43,9.66,14,2325.1,True,True,True,True,True,True,7.8,COMEDK,1536,6,Medium (1-5L),East,6,2
Manipal Academy of Higher Education,Manipal,Karnataka,Private,1953,17.0,A++,79,563.0,5.3,614886.0,22015,True,83.7,28.91,168.74,345,301.7,False,True,False,False,True,True,42.8,MET,3000,73,High (>5L),South,3,6
Prime College of Fine Arts Kollam,Kollam,Kerala,Private,1961,185.0,A,71,789.0,6.2,149543.0,146413,True,43.2,5.34,35.64,575,1747.3,False,False,True,True,True,True,82.2,University Entrance,4888,65,Medium (1-5L),South,4,4
Chanakya Deemed University Salem,Salem,Tamil Nadu,Deemed,2014,,B+,201,994.0,1.4,1044961.0,166426,True,92.3,20.32,99.59,513,2347.7,False,True,False,True,True,False,23.4,UPSEE,1384,12,High (>5L),South,3,2
Usha Academy of Journalism Rajahmundry,Rajahmundry,Andhra Pradesh,Deemed,1902,100.0,A+,130,882.0,9.0,382899.0,124446,True,52.0,8.02,38.81,395,382.5,False,True,False,True,True,False,80.8,SRMJEEE,7899,124,Medium (1-5L),South,3,5
Lucknow Institute of Fashion Design,Lucknow,Uttar Pradesh,Private,1951,,A+,118,773.0,7.6,334062.0,71349,False,78.6,5.38,26.78,23,2327.6,True,True,True,True,True,True,23.9,VITEEE,5884,75,Medium (1-5L),North,6,5
District Technology College Pantnagar,Pantnagar,Uttarakhand,Government,1967,,B++,195,354.0,17.8,299546.0,64241,False,91.5,28.98,133.96,54,1154.6,True,True,True,True,True,True,54.1,AP EAMCET,6302,59,Medium (1-5L),North,6,3
Autonomous College of Fine Arts Haldwani,Haldwani,Uttarakhand,Autonomous,1938,,A,10,923.0,8.0,112966.0,178752,True,25.0,4.66,9.74,562,1926.1,True,False,True,True,True,True,73.6,NATA,7397,88,Medium (1-5L),North,5,4
Raman Institute of Nursing Udaipur,Udaipur,Rajasthan,Private,2007,,B,97,231.0,16.0,664722.0,29154,True,64.6,4.86,30.8,647,1614.8,False,False,True,False,True,False,55.8,AP EAMCET,3703,19,High (>5L),North,2,1
Jai Prakash College of Fine Arts and Research Gangtok,Gangtok,Sikkim,Private,2005,144.0,B+,117,819.0,8.3,391932.0,78462,True,59.6,9.88,31.81,460,2099.2,False,True,True,True,False,False,51.2,SRMJEEE,6793,21,Medium (1-5L),Northeast,3,2
Nehru College of Medical Sciences and Research Haridwar,Haridwar,Uttarakhand,Private,1997,136.0,A,126,768.0,7.3,594847.0,131964,True,73.3,5.35,12.21,193,2362.8,True,True,True,True,True,True,10.9,CUET,5616,29,High (>5L),North,6,4
Government Polytechnic Tura,Tura,Meghalaya,Government,2020,229.0,A,84,1256.0,3.1,97031.0,174100,True,82.8,7.47,39.72,467,1882.5,True,True,True,True,True,True,5.7,KCET,3845,6,Low (<1L),Northeast,6,4
Academy of Technology Bareilly,Bareilly,Uttar Pradesh,Deemed,1858,72.0,A++,28,1197.0,6.0,407954.0,94094,True,66.1,7.62,43.22,581,1951.9,True,True,True,True,True,True,45.7,SRMJEEE,7212,168,Medium (1-5L),North,6,6
Government Journalism College Bokaro,Bokaro,Jharkhand,Government,1854,,B++,35,867.0,2.9,27073.0,61824,True,42.4,4.56,21.56,670,2419.8,False,False,False,False,False,False,64.8,VITEEE,2499,172,Low (<1L),East,0,3
Bikaner Institute of Pharmacy,Bikaner,Rajasthan,Private,1916,435.0,B++,239,403.0,19.3,139475.0,158682,True,32.3,2.97,19.06,250,123.7,False,True,False,True,True,False,81.5,WBJEE,7792,110,Medium (1-5L),North,3,3
Jai Prakash Institute of Commerce Rewa,Rewa,Madhya Pradesh,Private,2016,,B++,97,504.0,12.1,197892.0,167586,True,38.6,5.48,25.145,421,933.6,False,True,True,True,True,False,23.6,SRMJEEE,6119,10,Medium (1-5L),Central,4,3
Haridwar Autonomous College of Physical Education,Haridwar,Uttarakhand,Autonomous,1864,237.0,A+,9,895.0,4.6,99516.0,138997,True,74.2,3.64,24.95,35,2321.3,True,True,False,True,True,False,82.5,COMEDK,4086,162,Low (<1L),North,4,5
Jawaharlal University Indore,Indore,Madhya Pradesh,Private,1985,,B++,218,146.0,23.7,387266.0,135826,True,60.9,11.02,54.27,113,,False,False,True,True,True,True,74.7,BITSAT,3456,41,Medium (1-5L),Central,4,3
Bhubaneswar Institute of Fine Arts (Deemed),Bhubaneswar,Odisha,Deemed,1891,41.0,A+,136,410.0,10.0,734708.0,100920,True,82.7,19.2,109.23,463,662.1,True,False,False,False,False,True,13.9,NATA,4080,135,High (>5L),East,2,5
Birla Institute of Technology Mesra,Ranchi,Jharkhand,Deemed,1955,190.0,A+,97,438.0,2.3,341772.0,125710,False,60.2,6.1,29.59,576,722.9,False,True,True,False,False,True,33.5,BIT MCA,1000,71,Medium (1-5L),East,3,5
Modern Institute of Science Ahmedabad,Ahmedabad,Gujarat,Private,2006,77.0,B+,68,120.0,8.5,1852372.0,65755,True,90.3,16.01,104.15,79,2477.3,False,False,False,True,False,True,46.6,Own Entrance,1025,20,High (>5L),West,2,2
Bikaner Autonomous College of Arts,Bikaner,Rajasthan,Autonomous,1865,54.0,A,188,598.0,4.9,448773.0,40760,True,85.5,14.09,61.94,175,2425.7,False,True,True,True,False,False,58.8,COMEDK,2916,161,Medium (1-5L),North,3,4
Hindu College Delhi,New Delhi,Delhi,Government,1899,151.0,A++,180,1136.0,1.8,44820.0,165123,True,66.4,8.87,40.92,496,1432.6,True,True,True,True,True,True,20.8,CUET,2000,127,Low (<1L),North,6,6
Karaikal Institute of Dental Sciences,Karaikal,Puducherry,Private,2005,109.0,B,71,42.0,125.9,561255.0,84687,True,78.7,7.62,28.0,410,2095.1,True,False,True,True,True,True,37.5,CAT,5288,21,High (>5L),South,5,1
Autonomous College of Commerce Erode,Erode,Tamil Nadu,Autonomous,1976,,B+,53,1258.0,2.2,113083.0,123532,True,51.15,2.3,5.3,204,1591.7,True,False,True,False,False,False,56.9,Own Entrance,2799,50,Medium (1-5L),South,2,2
Aizawl Arts Autonomous College,Aizawl,Mizoram,Autonomous,1941,256.0,B+,189,125.0,48.7,98329.0,72943,True,39.9,2.31,5.38,338,2162.4,False,True,False,True,True,False,29.0,UPSEE,6088,85,Low (<1L),Northeast,3,2
Academy of Arts Raipur,Raipur,Chhattisgarh,Deemed,1883,479.0,A,139,380.0,19.4,161342.0,27457,True,33.9,2.33,6.62,346,2130.7,True,True,False,False,False,False,72.1,CAT,7383,143,Medium (1-5L),Central,2,4
Government Model College Anantnag,Anantnag,Jammu & Kashmir,Government,1893,287.0,B+,170,750.0,10.5,30275.0,60816,True,71.9,2.84,15.65,305,520.2,False,False,False,True,True,False,59.8,JEE Advanced,7839,133,Low (<1L),North,2,2
Excel Institute of Computer Science Ludhiana,Ludhiana,Punjab,Private,1939,,B+,27,498.0,14.3,580133.0,105396,True,71.9,8.79,58.32,213,1661.1,False,False,True,True,True,False,13.8,JEE Advanced,7144,87,High (>5L),North,3,2
Sri Rajendra Prasad Institute of Social Work Karaikal,Karaikal,Puducherry,Private,1976,,A++,90,1143.0,5.9,643843.0,115647,True,58.9,8.15,28.95,280,2146.1,True,True,True,True,True,True,50.7,CAT,6755,50,High (>5L),South,6,6
Raman College of Management and Research Karimnagar,Karimnagar,Telangana,Private,1957,222.0,A,36,862.0,5.7,460647.0,111857,True,56.9,11.71,39.59,609,2361.0,True,True,False,True,False,False,13.8,AP EAMCET,4904,69,Medium (1-5L),South,3,4
Modern Institute of Technology Rajkot,Rajkot,Gujarat,Private,1912,,B++,214,1120.0,3.9,1354865.0,153236,True,88.5,5.48,25.145,371,2331.6,True,False,False,False,False,True,79.2,COMEDK,4344,114,High (>5L),West,2,3
Ambala College of Hotel Management,Ambala,Haryana,Private,1964,216.0,A,25,54.0,124.3,214151.0,149583,True,45.8,5.48,25.145,193,1501.7,True,True,True,False,True,True,50.5,UPSEE,6710,62,Medium (1-5L),North,5,4
West Bengal State Science College Asansol,Asansol,West Bengal,Government,1939,194.0,A,221,404.0,13.2,8866.0,43977,True,71.9,3.49,7.0,484,,True,True,True,False,True,False,10.2,COMEDK,5315,87,Low (<1L),East,4,4
Academy of Dental Sciences Aurangabad,Aurangabad,Maharashtra,Deemed,1943,96.0,A+,136,489.0,11.3,1301997.0,149185,True,90.0,19.93,59.42,142,2014.0,False,False,False,True,False,True,13.0,Own Entrance,5535,83,High (>5L),West,2,5
Excel Institute of Hotel Management Tura,Tura,Meghalaya,Private,1879,76.0,B+,112,435.0,8.9,742667.0,165745,True,56.0,4.86,25.26,238,2344.3,False,True,False,False,False,True,45.2,SRMJEEE,3879,147,High (>5L),Northeast,2,2
Raman Institute of Pharmacy Meerut,Meerut,Uttar Pradesh,Private,1960,182.0,A,170,746.0,5.9,274188.0,78343,True,25.9,3.07,12.09,602,1283.6,True,False,True,True,True,True,77.9,BITSAT,4367,66,Medium (1-5L),North,5,4
Prime College of Information Technology Margao,Margao,Goa,Private,1947,,B++,174,381.0,16.9,378116.0,27328,False,33.8,3.11,18.54,665,1287.9,True,True,True,False,False,False,34.1,KCET,6420,79,Medium (1-5L),West,3,3
Gujarat State Science College Surat,Surat,Gujarat,Government,1902,190.0,A+,91,217.0,21.3,33621.0,97066,True,84.1,11.32,29.68,449,1448.7,False,True,False,True,True,True,27.2,WBJEE,4624,124,Low (<1L),West,4,5
Puducherry State Engineering College Puducherry,Puducherry,Puducherry,Government,1907,,B++,233,766.0,7.3,84778.0,139997,True,80.0,7.0,42.75,600,383.2,True,True,False,False,False,True,65.9,UPSEE,5585,119,Low (<1L),South,3,3
Global Academy of Physical Education Gangtok,Gangtok,Sikkim,Private,1864,,A++,176,858.0,3.6,728365.0,64415,True,73.0,5.37,17.51,613,712.1,True,True,True,True,True,True,70.6,University Entrance,3111,162,High (>5L),Northeast,6,6
Deemed Institute of Dental Sciences Siliguri,Siliguri,West Bengal,Deemed,1987,21.0,A,81,1425.0,1.9,521045.0,71914,True,87.6,9.23,41.84,121,1373.8,True,True,False,True,True,False,26.9,State Level,2678,39,High (>5L),East,4,4
Prime College of Social Work Aligarh,Aligarh,Uttar Pradesh,Private,1934,289.0,A,5,1157.0,4.1,378116.0,46453,False,35.8,3.24,6.75,448,506.8,True,True,True,False,False,False,29.5,VITEEE,4761,92,Medium (1-5L),North,3,4
Government Model College Alappuzha,Alappuzha,Kerala,Government,1887,,B,170,1302.0,3.2,44432.0,129119,True,38.4,4.98,22.04,51,2104.5,True,False,True,False,False,False,61.9,VITEEE,4182,139,Low (<1L),South,2,1
Chandigarh Institute of Science,Chandigarh,Chandigarh,Private,1997,32.0,A++,108,480.0,5.4,2319593.0,65972,True,85.0,29.54,125.72,267,459.9,False,True,True,True,True,False,21.5,JEE Advanced,2614,29,High (>5L),North,4,6
Guntur Government Science College,Guntur,Andhra Pradesh,Government,1895,69.0,B+,249,805.0,2.6,55145.0,168972,True,90.7,24.56,160.6,316,118.2,True,True,True,False,False,True,42.4,TS EAMCET,2064,131,Low (<1L),South,4,2
Rajendra Prasad Institute of Education Nellore,Nellore,Andhra Pradesh,Private,1962,45.0,A++,7,601.0,4.9,747496.0,154939,True,87.7,11.3,41.6,637,2007.2,False,True,False,False,True,True,24.9,TS EAMCET,2935,64,High (>5L),South,3,6
GB Pant University of Agriculture,Pantnagar,Uttarakhand,Government,1960,70.0,A++,95,622.0,0.8,94374.0,72155,False,78.3,11.5,53.96,342,1683.6,False,False,True,True,True,True,41.9,JRF,500,66,Low (<1L),North,4,6
Academy of Technology Ranchi,Ranchi,Jharkhand,Deemed,2014,474.0,A,61,420.0,18.8,122409.0,53304,True,29.9,5.3,18.53,169,1106.8,True,False,True,True,True,True,26.0,NEET UG,7888,12,Medium (1-5L),East,5,4
Sikkim University,Gangtok,Sikkim,Government,2007,157.0,B++,67,151.0,1.7,49915.0,117994,True,35.5,4.91,11.93,645,2317.0,True,True,True,True,False,True,74.0,CUET,250,19,Low (<1L),Northeast,5,3
Modern Institute of Nursing Dehradun,Dehradun,Uttarakhand,Private,1963,194.0,B++,234,1466.0,5.0,393467.0,129960,False,43.6,4.58,28.97,378,1333.2,False,False,False,False,False,False,38.5,COMEDK,7386,63,Medium (1-5L),North,0,3
District Engineering College Haridwar,Haridwar,Uttarakhand,Government,1869,,B++,233,909.0,2.9,43589.0,168475,True,35.0,2.38,14.99,265,516.1,True,False,True,True,False,False,63.2,MHT CET,2679,157,Low (<1L),North,3,3
Bilaspur Hotel Management Autonomous College,Bilaspur,Chhattisgarh,Autonomous,1987,344.0,B+,5,1222.0,3.1,80725.0,29326,True,21.7,3.36,19.86,599,2374.5,False,False,False,False,True,True,78.1,KCET,3813,39,Low (<1L),Central,2,2
Srinagar College of Applied Sciences,Srinagar,Jammu & Kashmir,Private,2019,127.0,B++,146,1355.0,0.7,493947.0,148876,False,80.8,10.38,40.26,343,1964.1,True,True,True,True,False,True,50.2,TS EAMCET,998,7,Medium (1-5L),North,5,3
Autonomous College of Management Bangalore,Bangalore,Karnataka,Autonomous,1884,282.0,B++,159,827.0,8.8,54408.0,62537,True,49.1,2.19,10.79,694,1909.0,True,True,False,True,True,False,47.3,GATE,7238,142,Low (<1L),South,4,3
Modern Institute of Hotel Management Agartala,Agartala,Tripura,Private,2000,91.0,B++,250,933.0,3.7,2432742.0,52631,True,86.9,21.31,63.32,271,1928.6,True,True,False,False,True,True,64.1,NEET UG,3408,26,High (>5L),Northeast,4,3
Government College of Nursing Margao,Margao,Goa,Government,1902,50.0,A+,238,378.0,1.0,93396.0,125435,True,73.8,7.19,48.87,261,896.8,True,True,False,False,False,True,82.0,State Level,369,124,Low (<1L),West,3,5
Modern Institute of Pharmacy Gandhinagar,Gandhinagar,Gujarat,Private,1856,364.0,B++,134,1272.0,0.9,202081.0,64721,True,51.9,2.55,7.85,161,185.6,True,True,False,True,False,False,38.9,UPSEE,1201,170,Medium (1-5L),West,3,3
Amrita Institute of Computer Science Imphal,Imphal,Manipur,Private,1942,46.0,B+,10,299.0,23.3,1694012.0,139136,True,96.1,10.47,52.07,99,333.5,True,False,True,False,False,True,75.0,BITSAT,6973,84,High (>5L),Other,3,2
Government Polytechnic Sonipat,Sonipat,Haryana,Government,1945,,B+,76,593.0,0.6,46446.0,138951,False,86.9,5.21,32.21,612,961.7,True,False,False,False,False,True,70.5,CAT,353,81,Low (<1L),North,2,2
Modern Institute of Journalism Vadodara,Vadodara,Gujarat,Private,1863,,B++,163,629.0,4.3,667735.0,125598,True,62.6,11.23,31.94,288,768.7,False,True,True,True,True,True,63.3,JEE Advanced,2683,163,High (>5L),West,5,3
Kohima Institute of Science,Kohima,Nagaland,Private,1879,336.0,B,80,1157.0,2.9,394099.0,46908,True,32.4,2.06,12.96,398,1507.6,False,True,False,True,False,False,58.1,AP EAMCET,3388,147,Medium (1-5L),Northeast,2,1
Modern Institute of Medical Sciences Aizawl,Aizawl,Mizoram,Private,1904,464.0,B++,110,901.0,7.5,346941.0,51520,False,43.1,2.47,14.02,496,2278.2,False,False,False,False,False,False,55.0,JEE Main,6756,122,Medium (1-5L),Northeast,0,3
Hamirpur Dental Sciences Autonomous College,Hamirpur,Himachal Pradesh,Autonomous,1963,180.0,B+,12,186.0,30.8,110145.0,175791,True,52.3,6.48,22.33,602,1705.7,True,False,True,False,False,False,7.7,COMEDK,5724,63,Medium (1-5L),North,2,2
Excel Institute of Law Chandigarh,Chandigarh,Punjab,Private,1995,261.0,A,156,690.0,6.8,146222.0,50477,True,55.3,2.64,6.42,651,2414.5,True,True,True,True,True,False,65.4,NEET UG,4698,31,Medium (1-5L),North,5,4
New Delhi Autonomous College of Management,New Delhi,Delhi,Autonomous,2000,205.0,B,144,1212.0,5.6,76827.0,70694,True,52.8,8.58,35.17,358,1836.9,False,True,False,True,True,False,42.3,COMEDK,6837,26,Low (<1L),North,3,1
Devi Ahilya University Nizamabad,Nizamabad,Telangana,Private,1951,,B++,86,653.0,7.0,652176.0,42822,False,60.7,8.92,19.06,182,2298.5,True,True,False,True,True,False,79.1,MHT CET,4550,75,High (>5L),South,4,3
Vidyasagar University Nagpur,Nagpur,Maharashtra,Private,1865,151.0,B,233,1239.0,1.1,322086.0,114778,True,80.8,6.95,29.76,170,2440.6,True,True,True,True,True,True,7.1,NEET UG,1322,161,Medium (1-5L),West,6,1
Hamirpur Government Dental Sciences College,Hamirpur,Himachal Pradesh,Government,1957,,B++,101,356.0,4.1,43615.0,30620,False,49.5,3.39,15.7,153,1096.3,False,True,True,False,False,False,77.1,University Entrance,1442,69,Low (<1L),North,2,3
State Institute of Engineering Amravati,Amravati,maharashtra,Government,1987,,A++,200,1305.0,4.7,198419.0,31724,True,97.1,18.01,44.75,408,,True,True,True,True,True,True,63.9,Own Entrance,6069,39,Medium (1-5L),Other,6,6
Agartala Dental Sciences Autonomous College,Agartala,Tripura,Autonomous,1977,,B++,67,1104.0,3.1,227180.0,114355,True,54.6,5.73,15.78,115,1896.0,True,False,True,True,True,True,78.6,MHT CET,3438,49,Medium (1-5L),Northeast,5,3
Tilak Foundation Arts College Begusarai,Begusarai,Bihar,Private,1860,472.0,B+,244,1049.0,4.9,379679.0,132822,True,26.4,5.02,21.67,312,1654.6,True,True,True,True,True,True,22.7,JEE Advanced,5165,166,Medium (1-5L),East,6,2
Autonomous College of Applied Sciences Kohima,Kohima,Nagaland,Autonomous,2013,156.0,A++,122,1442.0,1.2,116258.0,20044,True,69.1,3.58,12.13,566,,False,False,False,False,True,True,56.8,NATA,1706,13,Medium (1-5L),Northeast,2,6
Tagore College of Fine Arts and Research Thanjavur,Thanjavur,Tamil Nadu,Private,1862,190.0,A+,28,779.0,4.8,736506.0,27585,True,73.7,5.93,39.89,394,361.2,True,True,True,True,True,True,19.8,NATA,7100,164,High (>5L),South,6,5
Haldwani College of Medical Sciences,Haldwani,Uttarakhand,Private,1870,,A,205,290.0,26.1,361785.0,99079,True,45.3,2.39,16.56,601,2496.9,True,True,True,True,True,False,15.2,JEE Advanced,7580,156,Medium (1-5L),North,5,4
State Institute of Dental Sciences Jodhpur,Jodhpur,Rajasthan,Government,2006,355.0,A,84,135.0,2.3,22197.0,122855,True,31.3,5.28,15.47,609,852.3,True,True,True,True,True,True,33.5,CUET,312,20,Low (<1L),North,6,4
Central University of Gujarat,Gandhinagar,Gujarat,Government,2009,244.0,A,143,579.0,0.6,41341.0,62033,True,32.4,2.62,9.11,385,1136.3,False,False,False,False,False,True,66.2,CUET,350,17,Low (<1L),West,1,4
Autonomous College of Computer Science Vijayawada,Vijayawada,Andhra Pradesh,Autonomous,1919,79.0,B++,119,1120.0,1.5,212966.0,102336,False,85.3,14.17,49.91,324,1118.6,False,True,True,False,True,True,3.3,University Entrance,1674,107,Medium (1-5L),South,4,3
Ambedkar Autonomous Institute Aizawl,Aizawl,Mizoram,Autonomous,1957,8.0,B++,145,773.0,5.0,401727.0,61974,False,82.2,15.86,83.11,66,1018.1,False,True,True,False,True,False,7.2,NEET UG,1084,69,Medium (1-5L),Northeast,3,3
Excel Institute of Pharmacy Ghaziabad,Ghaziabad,Uttar Pradesh,Private,1953,374.0,B,39,470.0,13.1,288429.0,60739,False,27.7,3.61,23.07,78,622.9,True,True,True,True,True,True,1.3,JEE Main,6153,73,Medium (1-5L),North,6,1
Bilaspur Government Ayurveda College,Bilaspur,Chhattisgarh,Government,1924,,A,9,273.0,23.8,46240.0,59053,True,31.6,2.09,7.19,303,215.9,True,True,False,True,True,True,6.0,WBJEE,6484,102,Low (<1L),Central,5,4
Modern Institute of Physical Education Vasco da Gama,Vasco da Gama,Goa,Private,1872,286.0,B+,95,1461.0,3.7,100151.0,73641,True,29.3,2.15,6.98,215,1344.2,True,True,True,True,True,True,34.3,CUET,5351,154,Medium (1-5L),West,6,2
Sagar Government Applied Sciences College,Sagar,Madhya Pradesh,Government,1898,,A,150,665.0,2.0,94607.0,116804,True,65.8,12.16,65.28,413,,True,False,False,True,True,True,47.8,Own Entrance,1311,128,Low (<1L),Central,4,4
Mapusa Institute of Physical Education,Mapusa,Goa,Private,2014,158.0,A,146,970.0,5.2,727743.0,62034,True,55.3,10.66,57.56,274,2298.0,False,True,True,True,False,False,43.2,JEE Advanced,5009,12,High (>5L),West,3,4
Government Polytechnic Agartala,Agartala,Tripura,Government,2002,488.0,A,235,1032.0,5.1,17050.0,86343,False,71.9,4.09,24.98,16,204.9,True,False,True,True,True,True,1.9,AP EAMCET,5222,24,Low (<1L),Northeast,5,4
District Journalism College Kochi,Kochi,Kerala,Government,2005,280.0,A,198,1048.0,1.2,20926.0,65080,True,53.0,3.48,21.62,482,1474.8,True,True,True,True,True,True,41.0,BITSAT,1279,21,Low (<1L),South,6,4
Aizawl Ayurveda Autonomous College,Aizawl,Mizoram,Autonomous,1926,335.0,B++,142,830.0,0.9,106253.0,67051,False,28.3,3.24,10.4,140,2119.0,False,False,True,False,False,False,52.8,WBJEE,778,100,Medium (1-5L),Northeast,1,3
Assam State Dental Sciences College Silchar,Silchar,Assam,Government,1855,146.0,B++,178,152.0,23.2,23855.0,86713,True,85.3,9.09,57.5,152,162.3,True,True,True,True,False,True,16.7,VITEEE,3534,171,Low (<1L),Northeast,5,3
Sri Raman Institute of Computer Science Bhavnagar,Bhavnagar,Gujarat,Private,1861,222.0,A,116,639.0,10.5,378116.0,62146,True,32.5,3.34,9.24,388,1929.7,False,True,False,False,False,False,36.5,University Entrance,6712,165,Medium (1-5L),West,1,4
Sri Gandhi Institute of Applied Sciences Dimapur,Dimapur,Nagaland,Private,1981,,B+,186,394.0,19.3,501898.0,74827,True,80.6,4.56,14.1,566,2019.7,False,False,True,False,True,True,9.9,CLAT,7590,45,High (>5L),Northeast,3,2
Bhabha Institute of Science Aizawl,Aizawl,Mizoram,Private,1945,234.0,A,206,1056.0,2.6,270681.0,96339,False,73.6,6.8,28.45,608,,True,True,True,True,True,True,10.3,COMEDK,2702,81,Medium (1-5L),Northeast,6,4
Gaya College of Education,Gaya,Bihar,Private,2004,231.0,A,148,1056.0,5.8,563921.0,91663,True,75.3,8.06,24.15,543,271.9,True,False,True,True,True,False,55.7,State Level,6153,22,High (>5L),East,4,4
District Law College Chandigarh,Chandigarh,Chandigarh,Government,1915,6.0,B++,93,1447.0,5.1,256428.0,38121,False,92.0,22.81,101.28,56,314.1,True,True,True,True,True,True,58.5,VITEEE,7355,111,Medium (1-5L),North,6,3
Excel Institute of Science Chandigarh,Chandigarh,Chandigarh,Private,2006,100.0,A,70,401.0,6.8,1812723.0,22728,True,94.8,14.39,98.23,26,1344.4,False,True,True,True,True,True,83.2,KCET,2719,20,High (>5L),North,5,4
Agartala Engineering Autonomous College,Agartala,Tripura,Autonomous,1946,,B++,132,728.0,4.5,200087.0,45618,True,69.2,3.6,19.35,524,2029.0,False,True,False,False,True,False,57.1,UPSEE,3257,80,Medium (1-5L),Northeast,2,3
Sri Subhas Institute of Physical Education Begusarai,Begusarai,Bihar,Private,1888,,A,211,452.0,0.2,322633.0,66576,False,41.9,2.66,10.77,317,1687.0,False,True,False,True,True,False,46.3,KCET,78,138,Medium (1-5L),East,3,4
Excel Institute of Arts Korba,Korba,Chhattisgarh,Private,1984,112.0,B+,33,889.0,0.2,418841.0,26964,True,81.9,4.24,10.74,572,321.5,True,True,True,True,True,True,51.2,JEE Main,147,42,Medium (1-5L),Central,6,2
District Social Work College Bhubaneswar,Bhubaneswar,Odisha,Government,1982,,A++,157,443.0,10.2,46446.0,43067,True,65.8,8.72,50.68,90,233.9,False,False,True,True,False,False,32.0,SRMJEEE,4535,44,Low (<1L),East,2,6
Agartala Institute of Information Technology (Deemed),Agartala,Tripura,Deemed,2019,171.0,B++,199,43.0,103.3,128646.0,61641,False,40.8,2.66,12.46,123,1318.3,False,False,False,True,True,False,14.0,University Entrance,4441,7,Medium (1-5L),Northeast,2,3
St Xaviers College Mumbai,Mumbai,Maharashtra,Autonomous,1869,144.0,A++,130,1004.0,3.0,126496.0,41479,True,59.2,3.69,21.86,686,664.0,True,True,True,True,False,False,54.9,Own Entrance,3000,157,Medium (1-5L),West,4,6
Government College of Commerce Jamshedpur,Jamshedpur,Jharkhand,Government,1957,37.0,A++,244,260.0,11.8,167095.0,120144,True,92.8,25.66,148.63,290,1140.9,True,True,True,False,False,True,17.6,NEET UG,3079,69,Medium (1-5L),East,4,6
Guwahati Engineering Autonomous College,Guwahati,Assam,Autonomous,1923,138.0,B++,75,1439.0,2.7,88666.0,39963,False,57.9,3.34,9.65,166,,True,True,False,True,False,True,66.0,TNEA,3915,103,Low (<1L),Northeast,4,3
Dhirubhai Ambani Institute,Gandhinagar,Gujarat,Private,2001,326.0,A,160,736.0,0.8,138258.0,35705,True,30.2,3.45,14.91,157,782.8,False,True,True,False,True,True,61.3,JEE Main,600,25,Medium (1-5L),West,4,4
Sri Lakshmi Institute of Engineering Aizawl,Aizawl,Mizoram,Private,1925,65.0,A+,181,232.0,25.2,339045.0,64997,True,72.5,9.88,66.45,641,1314.0,True,False,True,True,True,True,67.5,JEE Main,5846,101,Medium (1-5L),Northeast,5,5
Prime College of Journalism Indore,Indore,Madhya Pradesh,Private,1882,452.0,B++,74,766.0,2.1,332376.0,154418,False,28.4,2.51,6.37,173,2077.2,True,True,True,True,False,True,37.9,NATA,1617,144,Medium (1-5L),Central,5,3
King George Medical University,Lucknow,Uttar Pradesh,Government,1911,134.0,A+,7,1344.0,0.2,19152.0,44510,True,74.3,8.07,32.5,185,208.5,True,True,True,False,True,True,72.0,NEET UG,250,115,Low (<1L),North,5,5
District Information Technology College Margao,Margao,Goa,Government,1903,103.0,B,128,259.0,1.2,24914.0,124027,True,67.8,12.13,71.39,470,1493.0,True,True,False,True,True,False,29.7,CLAT,320,123,Low (<1L),West,4,1
Deemed Institute of Fine Arts Mohali,Mohali,Punjab,Deemed,1918,,A,211,1111.0,2.6,309813.0,62752,True,94.5,19.94,103.05,646,2471.8,True,True,True,True,True,True,52.1,GATE,2845,108,Medium (1-5L),North,6,4
Prime College of Technology Kharagpur,Kharagpur,West Bengal,Private,1871,233.0,B+,68,1415.0,1.1,150901.0,113183,True,40.0,2.62,12.6,452,964.6,False,True,True,False,False,False,70.6,NATA,1624,155,Medium (1-5L),East,2,2
Government Engineering College Dimapur,Dimapur,Nagaland,Government,2021,196.0,A+,51,1254.0,1.5,90101.0,170111,False,71.9,11.94,29.52,403,1211.5,False,True,True,False,False,False,55.1,SRMJEEE,1902,5,Low (<1L),Northeast,2,5
Government College of Engineering Warangal,Warangal,Telangana,Government,1907,,A++,171,980.0,8.0,163741.0,35881,True,93.4,28.73,163.39,56,637.6,True,False,False,False,True,True,21.5,CUET,7876,119,Medium (1-5L),South,3,6
Government College of Information Technology Dehradun,Dehradun,Uttarakhand,Government,1901,369.0,A,227,1138.0,4.2,46446.0,125070,True,40.7,4.99,24.33,287,979.8,True,True,False,True,True,True,64.3,MHT CET,4774,125,Low (<1L),North,5,4
Tagore Institute of Medical Sciences Shillong,Shillong,Meghalaya,Private,1924,401.0,A,120,172.0,18.4,346264.0,26363,True,47.7,3.97,20.75,32,973.4,False,True,True,True,False,False,30.0,NATA,3168,102,Medium (1-5L),Northeast,3,4
Jharkhand State Fine Arts College Bokaro,Bokaro,Jharkhand,Government,1862,245.0,A++,134,791.5,4.1,15881.0,122168,True,70.1,12.04,73.38,390,81.1,True,True,True,False,False,True,25.8,KCET,5701,164,Low (<1L),East,4,6
Autonomous College of Management Dimapur,Dimapur,Nagaland,Autonomous,1932,249.0,B++,250,418.0,2.7,138165.0,85141,True,71.8,7.87,41.79,496,423.5,True,True,True,True,True,True,23.6,JEE Advanced,1114,94,Medium (1-5L),Northeast,6,3
Karnataka State Architecture College Bellary,Bellary,Karnataka,Government,2019,,A,6,791.5,4.1,146765.0,53911,True,92.2,21.94,78.03,78,2407.1,True,True,True,True,False,True,72.0,CAT,2430,7,Medium (1-5L),South,5,4
Government College of Law Nainital,Nainital,Uttarakhand,Government,2004,201.0,A+,45,778.0,5.9,84244.0,38411,True,78.3,11.77,41.31,202,294.3,False,True,True,False,False,False,49.1,JEE Advanced,4615,22,Low (<1L),North,2,5
Indian Institute of Technology Patna,Patna,Bihar,Government,2008,,A,46,576.0,0.8,32759.0,92530,True,31.5,3.33,8.84,462,1380.1,True,False,True,False,False,False,36.9,JEE Advanced,450,18,Low (<1L),East,2,4
Aryabhata Deemed University Mapusa,Mapusa,Goa,Deemed,1939,,A+,117,797.0,5.9,1157860.0,20878,True,86.9,13.36,71.59,533,1234.5,True,True,True,True,True,True,36.9,AP EAMCET,4666,87,High (>5L),West,6,5
Dayanand Foundation Information Technology College Haridwar,Haridwar,Uttarakhand,Private,1973,26.0,A+,129,1162.0,4.0,1928830.0,106573,True,89.7,15.35,63.34,629,2172.8,False,False,True,False,False,False,1.4,TNEA,4643,53,High (>5L),North,1,5
Saraswati Deemed University Aizawl,Aizawl,Mizoram,Deemed,1994,,B,155,338.0,11.0,431412.0,35350,True,87.2,17.26,44.98,271,271.5,False,False,False,True,True,False,68.7,COMEDK,3709,32,Medium (1-5L),Northeast,2,1
Government Polytechnic Patna,Patna,Bihar,Government,1940,156.0,A++,65,198.0,30.0,45762.0,111679,True,67.5,10.07,25.84,218,815.8,False,False,True,True,False,False,32.2,COMEDK,5944,86,Low (<1L),East,2,6
State Institute of Hotel Management Dimapur,Dimapur,Nagaland,Government,1948,248.0,A,219,50.0,111.5,73518.0,164077,False,85.7,9.27,26.97,277,2397.0,True,False,False,True,False,True,83.7,TS EAMCET,5574,78,Low (<1L),Northeast,3,4
Pune College of Homeopathy,Pune,Maharashtra,Private,1902,386.0,B,59,453.0,13.5,222276.0,88678,True,51.4,4.49,19.6,625,1918.3,False,True,True,True,True,False,53.4,KCET,6130,124,Medium (1-5L),West,4,1
Usha Autonomous Institute Dimapur,Dimapur,Nagaland,Autonomous,2000,55.0,B++,140,724.0,2.5,190522.0,139103,True,87.7,9.21,58.41,671,51.7,True,True,True,True,True,True,6.6,TNEA,1844,26,Medium (1-5L),Northeast,6,3
Chandigarh Government Management College,Chandigarh,Chandigarh,Government,1943,,B,24,1226.0,5.3,45903.0,72505,False,63.5,2.73,16.9,274,611.2,False,False,False,True,False,False,53.4,GATE,6452,83,Low (<1L),North,1,1
Jai Prakash Academy of Social Work Bhubaneswar,Bhubaneswar,Odisha,Deemed,1947,493.0,A,154,943.0,3.4,124684.0,25230,True,42.6,5.95,22.68,595,456.2,True,True,True,True,True,True,76.1,VITEEE,3167,79,Medium (1-5L),East,6,4
Academy of Veterinary Science Dharamsala,Dharamsala,Himachal Pradesh,Deemed,1994,,A+,26,151.0,3.3,1145030.0,21560,True,84.3,18.68,85.74,66,676.9,True,True,True,True,False,True,83.8,KCET,498,32,High (>5L),North,5,5
Kohima Autonomous College of Physical Education,Kohima,Nagaland,Autonomous,1918,197.0,B++,68,734.0,0.1,100252.0,73333,True,29.2,4.81,15.64,507,730.4,True,True,False,True,False,True,23.4,CUET,108,108,Medium (1-5L),Northeast,4,3
Aryabhata Academy of Technology Bathinda,Bathinda,Punjab,Deemed,1869,47.0,A,59,327.0,7.9,1320972.0,84415,False,88.4,16.94,65.1,271,1587.1,True,True,True,True,True,False,37.0,COMEDK,2574,157,High (>5L),North,5,4
Himachal Pradesh State Homeopathy College Hamirpur,Hamirpur,Himachal Pradesh,Government,1888,,A+,235,1024.0,3.8,157150.0,68425,False,94.3,26.25,59.97,498,,True,False,False,False,False,True,51.9,WBJEE,3855,138,Medium (1-5L),North,2,5
Naharlagun Institute of Arts (Deemed),Naharlagun,Arunachal Pradesh,Deemed,2015,,B+,156,1058.0,6.4,393944.0,90551,True,66.1,3.85,19.61,456,163.5,True,True,True,False,False,False,84.6,COMEDK,6786,11,Medium (1-5L),Northeast,3,2
Excel Institute of Architecture Durg,Durg,Chhattisgarh,Private,1922,,B+,9,246.0,24.0,119440.0,52154,True,40.2,2.67,16.35,89,1151.4,False,True,False,False,False,False,52.7,WBJEE,5908,104,Medium (1-5L),Central,1,2
Academy of Social Work Ranchi,Ranchi,Jharkhand,Deemed,1994,195.0,B,199,643.0,1.2,376777.0,145797,True,53.1,5.82,25.11,612,1671.5,True,True,True,True,True,False,43.3,University Entrance,766,32,Medium (1-5L),East,5,1
State Institute of Ayurveda Vadodara,Vadodara,Gujarat,Government,1894,,A,73,388.0,16.2,12384.0,154305,False,37.4,5.69,30.03,382,291.6,True,True,False,True,False,True,42.5,NATA,6270,132,Low (<1L),West,4,4
Modern Institute of Arts Imphal,Imphal,Manipur,Private,1877,,A,104,936.0,0.5,1281051.0,92363,False,85.3,10.42,28.34,70,294.6,True,True,True,False,False,True,73.7,COMEDK,455,149,High (>5L),Other,4,4
Deemed Institute of Computer Science Itanagar,Itanagar,Arunachal Pradesh,Deemed,1954,341.0,B,24,790.0,3.3,205584.0,99284,True,27.9,2.36,7.12,527,1686.4,False,True,False,True,False,False,1.7,TS EAMCET,2600,72,Medium (1-5L),Northeast,2,1
Prime College of Ayurveda Shillong,Shillong,Meghalaya,Private,1997,56.0,B,161,840.0,7.3,1103794.0,139618,True,86.2,26.85,160.07,189,1038.8,True,True,True,False,False,True,16.1,JEE Advanced,6099,29,High (>5L),Northeast,4,1
Excel Institute of Pharmacy Berhampur,Berhampur,Odisha,Private,1959,,A,70,1327.0,3.4,348309.0,177865,True,57.6,2.68,16.37,577,985.1,True,True,True,True,True,True,78.7,TNEA,4527,67,Medium (1-5L),East,6,4
Gandhi College of Computer Science and Research Shillong,Shillong,Meghalaya,Private,1952,347.0,B++,201,50.0,110.8,277250.0,24670,False,34.4,3.13,15.26,434,2326.6,True,True,True,True,True,True,14.4,MHT CET,5541,74,Medium (1-5L),Northeast,6,3
Tirupati Institute of Education (Deemed),Tirupati,Andhra Pradesh,Deemed,1992,169.0,A,178,104.0,40.2,282759.0,114903,False,72.3,9.87,32.98,449,637.7,False,True,True,False,True,True,55.8,NATA,4184,34,Medium (1-5L),South,4,4
Lady Shri Ram College,New Delhi,Delhi,Private,1956,227.0,A++,250,1349.0,1.1,516423.0,104568,True,58.7,5.26,35.47,508,,True,True,True,False,True,True,15.6,CUET,1500,70,High (>5L),North,5,6
Tagore University Solapur,Solapur,Maharashtra,Private,1893,,A,149,1461.0,1.4,242348.0,27913,False,43.7,3.56,20.91,338,2258.0,False,False,True,True,True,True,41.8,CAT,2035,133,Medium (1-5L),West,4,4
Government Model College Ludhiana,Ludhiana,Punjab,Government,1925,,B,193,740.0,5.2,77522.0,141149,True,65.5,5.4,31.59,357,1381.2,True,False,True,True,True,False,43.6,TNEA,3839,101,Low (<1L),North,4,1
Tirunelveli College of Information Technology,Tirunelveli,Tamil Nadu,Private,1899,167.0,B++,172,79.0,56.9,254240.0,133244,False,39.8,5.48,25.145,131,1328.0,False,True,False,False,True,False,14.6,BITSAT,4494,127,Medium (1-5L),South,2,3
Autonomous College of Hotel Management Bellary,Bellary,Karnataka,Autonomous,1972,334.0,B+,7,1400.0,0.7,55965.0,55444,False,44.5,4.73,14.45,457,994.7,False,False,False,True,False,False,24.6,University Entrance,988,54,Low (<1L),South,1,2
Aryabhata Deemed University Kullu,Kullu,Himachal Pradesh,Deemed,2020,177.0,A,228,1261.0,3.9,132755.0,153936,False,45.6,2.71,9.65,680,1842.2,False,True,True,False,False,True,71.0,CLAT,4948,6,Medium (1-5L),North,3,4
Namchi College of Engineering,Namchi,Sikkim,Private,1904,,A,237,567.0,8.2,102298.0,163148,False,55.2,3.21,18.06,553,2465.2,False,False,False,True,True,True,47.3,MHT CET,4637,122,Medium (1-5L),Northeast,3,4
District Social Work College Bhopal,Bhopal,Madhya Pradesh,Government,1893,,A+,183,359.0,8.0,35659.0,140598,True,84.4,8.07,38.68,414,1907.0,False,False,False,False,True,False,14.5,WBJEE,2868,133,Low (<1L),Central,1,5
Government Polytechnic Karnal,Karnal,Haryana,Government,1857,,B++,111,51.0,100.3,46446.0,157497,True,66.1,13.78,29.87,610,,False,True,False,True,True,True,52.5,KCET,5114,169,Low (<1L),North,4,3
Uttarakhand State Architecture College Haridwar,Haridwar,Uttarakhand,Government,1879,441.0,A,172,781.0,4.7,31864.0,114864,True,32.8,4.24,10.1,505,1513.8,False,False,False,False,True,True,38.7,NATA,3705,147,Low (<1L),North,2,4
Swami Institute of Homeopathy Bhagalpur,Bhagalpur,Bihar,Private,2020,145.0,B,45,774.0,8.3,765830.0,22568,True,59.6,9.75,30.76,255,798.9,True,True,True,True,True,False,44.4,VITEEE,6433,6,High (>5L),East,5,1
Jamshedpur College of Agriculture,Jamshedpur,Jharkhand,Private,1991,237.0,B+,16,496.0,3.7,339059.0,35061,True,56.4,6.59,43.41,292,2075.4,True,True,False,False,True,False,74.0,CAT,1811,35,Medium (1-5L),East,3,2
Modern Institute of Technology Vijayawada,Vijayawada,Andhra Pradesh,Private,2023,231.0,A,148,348.0,6.8,357537.0,29806,True,57.8,2.97,20.55,10,639.8,False,False,False,False,True,False,37.8,UPSEE,2349,3,Medium (1-5L),South,1,4
Bennett University,Greater Noida,Uttar Pradesh,Private,2016,320.0,A,192,533.0,1.5,295717.0,86492,False,49.7,3.25,7.6,682,1571.4,True,False,True,False,False,False,65.8,Own Test,800,10,Medium (1-5L),North,2,4
Indian Institute of Management Calcutta,Kolkata,West Bengal,Government,1961,,A++,205,1322.0,0.4,78614.0,110109,True,85.6,12.62,28.14,480,42.7,True,False,True,True,True,True,79.1,CAT,480,65,Low (<1L),East,5,6
Patel Academy of Dental Sciences Gurugram,Gurugram,Haryana,Deemed,2003,97.0,A,139,937.0,4.1,309813.0,174623,True,94.1,14.04,96.28,78,953.1,False,True,True,False,False,False,34.7,AP EAMCET,3808,23,Medium (1-5L),North,2,4
Baramulla College of Technology,Baramulla,Jammu & Kashmir,Private,1892,68.0,B,239,55.0,18.4,378116.0,119330,True,74.2,8.76,33.99,536,491.0,False,False,False,False,False,True,39.5,CLAT,1012,134,Medium (1-5L),North,1,1
Meera College of Hotel Management and Research New Delhi,New Delhi,Delhi,Private,1868,250.0,A+,7,779.0,4.8,242758.0,82087,True,67.1,5.48,25.145,184,2045.6,True,False,True,False,True,True,27.8,UPSEE,5591,158,Medium (1-5L),North,4,5
Prime College of Fashion Design Purnia,Purnia,Bihar,Private,1932,478.0,B+,208,244.0,3.7,378116.0,54412,True,52.0,5.27,24.94,199,,True,False,True,True,True,True,14.3,GATE,893,94,Medium (1-5L),East,5,2
Indira Foundation Ayurveda College Nashik,Nashik,Maharashtra,Private,2018,434.0,A,69,322.0,16.5,220947.0,57096,False,60.7,2.57,16.78,172,2140.5,True,True,True,True,True,True,17.8,State Level,5316,8,Medium (1-5L),West,6,4
Academy of Science Agartala,Agartala,Tripura,Deemed,1905,,B,93,699.0,3.1,129580.0,84814,False,39.2,2.68,15.65,410,479.1,True,True,False,False,False,False,54.0,WBJEE,2195,121,Medium (1-5L),Northeast,2,1
Shivaji University Shillong,Shillong,Meghalaya,Private,1892,78.0,B++,95,1012.0,1.4,901873.0,165513,True,89.7,23.7,144.53,22,1638.3,True,True,False,True,True,False,6.1,VITEEE,1450,134,High (>5L),Northeast,4,3
Modern Institute of Physical Education Agartala,Agartala,Tripura,Private,1978,107.0,B++,140,251.0,23.6,315496.0,58648,True,68.0,11.05,62.98,218,1053.8,True,True,True,True,True,True,34.2,WBJEE,5919,48,Medium (1-5L),Northeast,6,3
Ambala Autonomous College of Dental Sciences,Ambala,Haryana,Autonomous,1904,,B,68,569.0,6.3,64861.0,113421,True,40.3,3.71,25.94,459,1367.4,False,False,False,False,False,True,23.7,CUET,3592,122,Low (<1L),North,1,1
Academy of Nursing Shimoga,Shimoga,Karnataka,Deemed,2014,330.0,A,149,144.0,24.3,94122.0,69713,True,38.2,2.19,4.89,393,2429.2,False,False,True,False,False,False,74.9,State Level,3505,12,Low (<1L),South,1,4
Global Academy of Medical Sciences Dharamsala,Dharamsala,Himachal Pradesh,Private,1903,92.0,B+,223,244.0,23.8,618498.0,29861,True,76.3,7.12,39.33,186,203.8,False,False,True,False,True,True,34.2,TS EAMCET,5808,123,High (>5L),North,3,2
Gandhi Academy of Veterinary Science Kharagpur,Kharagpur,West Bengal,Deemed,1902,22.0,A+,5,125.0,24.9,814140.0,160911,True,94.1,21.46,102.49,485,2402.9,True,False,False,True,False,False,53.1,CAT,3118,124,High (>5L),East,2,5
Government College of Law Bhavnagar,Bhavnagar,Gujarat,Government,1900,346.0,A,27,66.0,32.1,45532.0,60968,True,56.5,3.05,15.02,12,2160.3,True,True,False,True,False,True,45.1,TS EAMCET,2117,126,Low (<1L),West,4,4
Jai Prakash Autonomous Institute Margao,Margao,Goa,Autonomous,1854,103.0,B+,39,597.0,12.8,239018.0,145388,True,51.15,4.83,12.45,663,142.4,True,False,True,False,False,False,43.6,AP EAMCET,7652,172,Medium (1-5L),West,2,2
Global Academy of Technology Itanagar,Itanagar,Arunachal Pradesh,Private,1865,172.0,B++,168,672.0,7.7,154800.0,73935,False,60.7,2.31,13.42,146,2271.7,False,False,False,False,True,False,80.3,NATA,5194,161,Medium (1-5L),Northeast,1,3
Aryabhata Academy of Pharmacy Mohali,Mohali,Punjab,Deemed,1867,,B+,177,298.0,24.6,280169.0,157124,True,36.7,5.76,14.51,141,2392.4,False,True,True,False,False,False,67.9,CAT,7321,159,Medium (1-5L),North,2,2
Global Academy of Technology Namchi,Namchi,Sikkim,Private,1939,65.0,B+,141,558.0,4.1,359361.0,102070,False,76.4,11.74,37.03,525,953.9,True,False,True,False,False,False,27.8,AP EAMCET,2269,87,Medium (1-5L),Northeast,2,2
Dimapur Institute of Homeopathy,Dimapur,Nagaland,Private,1856,186.0,B+,182,50.0,124.0,318094.0,53730,True,50.6,3.1,7.22,491,1035.0,True,True,False,False,False,True,7.4,BITSAT,6202,170,Medium (1-5L),Northeast,3,2
Amrita Autonomous Institute Dimapur,Dimapur,Nagaland,Autonomous,1946,320.0,A,234,1454.0,2.6,107315.0,43960,True,35.3,2.74,8.63,406,2167.3,True,False,False,True,True,False,82.9,Own Entrance,3853,80,Medium (1-5L),Northeast,3,4
Modern Institute of Hotel Management Chandigarh,Chandigarh,Chandigarh,Private,1912,210.0,B++,44,925.0,5.6,134771.0,102301,False,55.6,2.2,8.87,434,1184.0,False,False,False,False,True,True,3.6,CLAT,5164,114,Medium (1-5L),North,2,3
Government Model College Jaipur,Jaipur,Rajasthan,Government,1914,288.0,B++,215,179.0,1.2,47932.0,88863,True,50.5,4.18,28.04,586,1893.7,True,True,True,True,True,False,73.1,JEE Advanced,220,112,Low (<1L),North,5,3
Deemed Institute of Agriculture Naharlagun,Naharlagun,Arunachal Pradesh,Deemed,1908,,A+,59,1445.0,0.7,337068.0,135543,True,58.7,3.55,8.12,119,334.1,False,False,True,True,False,False,42.1,CUET,1067,118,Medium (1-5L),Northeast,2,5
Global Academy of Dental Sciences Kohima,Kohima,Nagaland,Private,1908,451.0,A,125,1300.0,0.8,155461.0,131870,True,60.7,4.42,11.29,168,326.2,True,True,True,True,True,True,18.0,BITSAT,977,118,Medium (1-5L),Northeast,6,4
Saraswati Deemed University Alappuzha,Alappuzha,Kerala,Deemed,1896,246.0,A+,167,840.0,0.5,413271.0,151951,True,58.2,7.29,21.72,657,1804.0,True,True,True,True,True,True,15.1,Own Entrance,393,130,Medium (1-5L),South,6,5
Government Model College Vadodara,Vadodara,Gujarat,Government,1998,62.0,A++,182,609.0,2.7,111856.0,113815,True,94.1,30.43,202.72,16,1125.0,False,False,False,False,False,False,72.8,VITEEE,1641,28,Medium (1-5L),West,0,6
Government Polytechnic Dimapur,Dimapur,Nagaland,Government,1980,,A,198,1498.0,0.8,49651.0,173845,True,41.0,2.03,10.25,376,1469.4,False,False,True,False,False,False,66.1,TS EAMCET,1241,46,Low (<1L),Northeast,1,4
Government Engineering College Naharlagun,Naharlagun,Arunachal Pradesh,Government,1853,22.0,A,52,87.0,86.7,296960.0,111516,True,87.7,31.0,197.37,568,321.0,False,True,False,True,False,False,12.2,Own Entrance,7540,173,Medium (1-5L),Northeast,2,4
Modern Institute of Journalism Tezpur,Tezpur,Assam,Private,2003,184.0,A,185,346.0,8.8,552284.0,122121,False,59.4,4.84,17.54,436,335.6,True,True,True,True,True,True,35.7,GATE,3040,23,High (>5L),Northeast,6,4
Modern Institute of Agriculture Aizawl,Aizawl,Mizoram,Private,1972,,B++,207,221.0,23.8,1060221.0,31307,True,90.6,14.59,37.78,604,1060.0,False,False,True,True,True,False,30.8,University Entrance,5265,54,High (>5L),Northeast,3,3
Maharashtra State Nursing College Solapur,Solapur,Maharashtra,Government,1930,179.0,A++,83,198.0,23.6,80663.0,113978,True,80.4,9.2,38.89,204,1715.2,False,False,False,False,False,True,59.2,Own Entrance,4666,96,Low (<1L),West,1,6
Modern Institute of Journalism Agartala,Agartala,Tripura,Private,1966,,B++,126,779.0,2.5,724306.0,103818,True,71.7,11.74,34.5,138,323.2,False,False,True,False,False,False,75.8,UPSEE,1976,60,High (>5L),Northeast,1,3
Central University of Haryana,Mahendragarh,Haryana,Government,2009,,B++,54,411.0,0.9,14574.0,34690,True,39.3,3.57,16.84,266,2043.5,True,True,True,True,True,True,70.6,CUET,350,17,Low (<1L),North,6,3
Sri Shri Ram Institute of Hotel Management Kalyani,Kalyani,West Bengal,Private,1864,381.0,B++,131,1238.0,1.5,377975.0,63929,True,51.3,3.14,14.37,698,1320.9,True,False,True,True,True,True,6.2,KCET,1804,162,Medium (1-5L),East,5,3
Sardar University Gulbarga,Gulbarga,Karnataka,Private,1941,267.0,B+,51,598.0,11.0,378116.0,135960,True,50.7,5.48,25.145,221,1563.1,True,True,True,True,True,True,27.7,CLAT,6557,85,Medium (1-5L),South,6,2
Jodhpur Dental Sciences Autonomous College,Jodhpur,Rajasthan,Autonomous,2000,154.0,A+,193,267.0,18.4,200829.0,158109,True,47.9,3.97,21.8,572,51.7,False,False,False,False,False,False,19.4,Own Entrance,4926,26,Medium (1-5L),North,0,5
Prime College of Physical Education Ajmer,Ajmer,Rajasthan,Private,1954,79.0,B+,150,1066.0,3.0,551395.0,89125,True,88.2,25.65,63.17,137,2077.4,False,False,False,False,False,True,69.4,JEE Main,3199,72,High (>5L),North,1,2
Sri Patel Institute of Engineering Hyderabad,Hyderabad,Telangana,Private,1934,,B,15,384.0,13.8,252113.0,103061,False,79.7,6.09,15.12,463,2494.2,False,False,True,True,True,True,32.4,JEE Advanced,5314,92,Medium (1-5L),South,4,1
Arunachal Pradesh State Technology College Itanagar,Itanagar,Arunachal Pradesh,Government,1937,100.0,A+,235,1177.0,2.9,219135.0,139601,True,96.6,17.14,44.0,41,1247.6,True,True,False,False,True,False,82.9,SRMJEEE,3417,89,Medium (1-5L),Northeast,3,5
Howrah College of Social Work,Howrah,West Bengal,Private,1913,,B+,45,1067.0,3.0,226741.0,174897,True,53.7,5.1,14.5,600,1129.1,False,True,False,False,False,False,41.8,UPSEE,3160,113,Medium (1-5L),East,1,2
Vivekananda University Hazaribagh,Hazaribagh,Jharkhand,Private,2010,,B+,50,374.0,2.6,711265.0,21708,True,63.6,11.79,51.32,77,1901.6,False,True,True,False,True,False,57.5,BITSAT,973,16,High (>5L),East,3,2
Durg Homeopathy Autonomous College,Durg,Chhattisgarh,Autonomous,1939,55.0,B++,144,150.0,12.3,278489.0,37376,True,74.6,15.17,59.11,688,1040.6,True,True,True,True,True,True,59.2,JEE Advanced,1845,87,Medium (1-5L),Central,6,3
Meerut College of Fashion Design,Meerut,Uttar Pradesh,Private,1880,173.0,A,222,1099.0,5.4,528061.0,57815,False,73.6,8.47,35.18,156,531.3,False,True,False,True,False,False,76.0,VITEEE,5891,146,High (>5L),North,2,4
Prime College of Architecture Baramulla,Baramulla,Jammu & Kashmir,Private,1919,7.0,A,122,670.0,11.8,1746203.0,83389,True,89.8,5.48,25.145,81,1556.3,True,False,True,True,True,True,16.7,MHT CET,7935,107,High (>5L),North,5,4
Devi Ahilya Foundation Agriculture College Itanagar,Itanagar,Arunachal Pradesh,Private,1950,193.0,B,95,1425.0,5.3,378116.0,156543,True,73.3,9.99,64.03,159,1284.4,False,True,False,True,True,True,62.6,JEE Advanced,7534,76,Medium (1-5L),Northeast,4,1
Sapru Autonomous Institute Panaji,Panaji,Goa,Autonomous,2014,198.0,B+,13,632.0,12.3,138434.0,31301,False,73.7,3.75,8.63,89,809.0,True,True,True,True,False,True,41.3,CUET,7783,12,Medium (1-5L),West,5,2
Government College of Arts Hamirpur,Hamirpur,Himachal Pradesh,Government,1857,247.0,B,205,1329.0,1.5,23137.0,126252,False,71.9,4.81,19.19,54,901.4,True,True,False,True,True,True,12.8,University Entrance,2017,169,Low (<1L),North,5,1
Excel Institute of Agriculture Aizawl,Aizawl,Mizoram,Private,1850,252.0,A,94,363.0,2.6,251768.0,78824,False,48.1,2.9,19.76,396,2385.3,False,False,False,False,False,False,5.9,State Level,935,176,Medium (1-5L),Northeast,0,4
Puducherry Autonomous College of Engineering,Puducherry,Puducherry,Autonomous,1878,469.0,B+,122,1238.0,5.1,37259.0,41800,True,44.5,3.16,12.88,207,1405.5,True,True,True,True,True,False,67.2,University Entrance,6373,148,Low (<1L),South,5,2
Sri Raman Institute of Physical Education Ujjain,Ujjain,Madhya Pradesh,Private,1872,138.0,A++,88,551.0,7.7,462206.0,139514,True,74.3,10.92,29.34,94,1579.7,True,True,True,True,True,True,8.8,University Entrance,4238,154,Medium (1-5L),Central,6,6
Government Polytechnic Kohima,Kohima,Nagaland,Government,1992,108.0,B+,90,222.0,24.2,67601.0,111367,True,83.0,6.72,30.23,370,1541.8,False,True,False,True,False,False,63.1,COMEDK,5370,34,Low (<1L),Northeast,2,2
Chanakya Autonomous Institute Faridabad,Faridabad,Haryana,Autonomous,1994,210.0,B++,168,1129.0,3.8,57625.0,104006,True,20.4,2.56,11.52,339,850.6,False,True,True,True,False,False,31.5,NEET UG,4238,32,Low (<1L),North,3,3
Berhampur Institute of Veterinary Science (Deemed),Berhampur,Odisha,Deemed,1994,,B,10,1425.0,1.1,128171.0,59234,True,26.9,3.78,25.49,420,262.3,True,True,True,True,True,False,66.0,JEE Main,1565,32,Medium (1-5L),East,5,1
Swami Institute of Fine Arts Imphal,Imphal,Manipur,Private,2022,161.0,B+,53,779.0,4.8,291892.0,52791,True,58.6,5.53,33.62,37,524.7,True,True,True,True,True,True,55.5,AP EAMCET,6651,4,Medium (1-5L),Other,6,2
District Law College Tura,Tura,Meghalaya,Government,1918,319.0,B,55,1492.0,2.4,33793.0,62423,False,34.9,4.99,10.12,123,475.5,False,False,True,False,True,False,4.4,CUET,3652,108,Low (<1L),Northeast,2,1
Sri Amrita Institute of Dental Sciences Bellary,Bellary,Karnataka,Private,1948,,A,88,391.0,4.5,505246.0,157467,False,56.9,4.46,20.48,430,979.0,False,True,True,False,True,True,84.1,KCET,1746,78,High (>5L),South,4,4
Muzaffarpur College of Journalism,Muzaffarpur,Bihar,Private,2003,423.0,A,111,948.0,5.5,126514.0,80323,False,26.6,2.92,9.06,444,223.1,True,True,True,True,True,True,65.7,CLAT,5179,23,Medium (1-5L),East,6,4
Modern Institute of Journalism Vijayawada,Vijayawada,Andhra Pradesh,Private,1933,131.0,A+,53,647.0,3.5,224849.0,54351,True,70.2,8.5,28.2,697,2131.4,False,True,True,False,True,False,69.4,University Entrance,2262,93,Medium (1-5L),South,3,5
Government Agriculture College Alappuzha,Alappuzha,Kerala,Government,1861,68.0,A+,32,575.0,0.9,164492.0,37314,True,92.0,19.34,111.87,495,1567.3,True,False,False,False,False,False,6.6,CLAT,496,165,Medium (1-5L),South,1,5
Shri Ram Deemed University Gangtok,Gangtok,Sikkim,Deemed,2011,,A,139,311.0,5.4,237950.0,132374,True,40.7,3.45,10.42,579,535.0,True,False,True,False,True,True,68.4,BITSAT,1683,15,Medium (1-5L),Northeast,4,4
Sri Jawaharlal Institute of Nursing Bhavnagar,Bhavnagar,Gujarat,Private,1968,387.0,A,7,117.0,5.6,342170.0,119917,True,36.3,3.4,10.1,266,288.5,False,True,True,False,True,True,78.0,JEE Main,659,58,Medium (1-5L),West,4,4
Rajendra Prasad Foundation Hotel Management College Aizawl,Aizawl,Mizoram,Private,1978,,A+,210,1247.0,3.6,378116.0,62160,True,85.9,29.62,79.47,190,1057.2,True,False,False,False,False,True,75.1,TS EAMCET,4432,48,Medium (1-5L),Northeast,2,5
Kamla Nehru Institute of Agriculture Raipur,Raipur,Chhattisgarh,Private,1944,433.0,A,89,426.0,18.6,289125.0,39127,True,35.5,3.29,7.5,170,633.7,True,True,True,True,True,False,7.8,CAT,7941,82,Medium (1-5L),Central,5,4
Central University of Jharkhand,Ranchi,Jharkhand,Government,2009,338.0,B+,20,1348.0,0.2,18679.0,148819,True,62.5,5.33,23.13,379,1395.9,True,True,True,True,True,True,79.8,CUET,300,17,Low (<1L),East,6,2
Government Polytechnic Karimnagar,Karimnagar,Telangana,Government,1860,183.0,B,44,1248.0,0.7,54229.0,39506,True,69.0,8.38,23.48,267,2027.8,True,True,True,False,True,True,33.6,University Entrance,845,166,Low (<1L),South,5,1
Gurugram Fine Arts Autonomous College,Gurugram,Haryana,Autonomous,1900,,B+,53,960.0,5.2,317714.0,118553,True,89.1,10.49,37.93,598,101.7,False,True,True,False,True,True,31.1,KCET,5003,126,Medium (1-5L),North,4,2
Alappuzha Government Nursing College,Alappuzha,Kerala,Government,1938,71.0,B++,162,959.0,8.0,178918.0,116987,True,88.7,12.73,50.18,47,878.8,False,False,False,False,True,True,47.1,KCET,7646,88,Medium (1-5L),South,2,3
Excel Institute of Social Work Jodhpur,Jodhpur,Rajasthan,Private,1889,461.0,B+,202,52.0,145.8,392085.0,83175,True,54.3,5.49,29.64,153,1994.8,True,True,False,True,True,True,57.3,NATA,7583,137,Medium (1-5L),North,5,2
Government Polytechnic Vasco da Gama,Vasco da Gama,Goa,Government,1981,,B,32,267.0,20.8,235179.0,33217,False,98.0,22.07,94.58,635,1524.9,True,True,True,False,True,True,73.1,Own Entrance,5544,45,Medium (1-5L),West,5,1
Government Computer Science College Kohima,Kohima,Nagaland,Government,2020,214.0,B++,91,349.0,17.5,33459.0,78614,True,66.3,8.07,52.89,615,1047.6,True,True,False,True,True,True,60.0,State Level,6100,6,Low (<1L),Northeast,5,3
Udaipur Information Technology Autonomous College,Udaipur,Rajasthan,Autonomous,1867,,B+,222,1353.0,5.9,203838.0,50846,True,50.0,5.94,28.58,556,1273.2,True,True,True,True,False,True,77.6,COMEDK,7996,159,Medium (1-5L),North,5,2
Deemed Institute of Architecture Chandigarh,Chandigarh,Chandigarh,Deemed,1890,191.0,A++,200,1041.0,1.5,212934.0,175821,False,61.3,3.5,15.58,654,814.4,False,False,False,False,True,False,40.5,SRMJEEE,1582,136,Medium (1-5L),North,1,6
Amrita Institute of Hotel Management New Delhi,New Delhi,Delhi,Private,1875,79.0,A++,76,1487.0,2.6,571191.0,147149,True,62.9,11.29,39.88,35,2124.5,False,False,False,True,True,False,50.7,UPSEE,3813,151,High (>5L),North,2,6
Government Veterinary Science College Aizawl,Aizawl,Mizoram,Government,2006,,B+,203,828.0,7.2,90225.0,162072,True,74.9,6.93,28.69,125,748.8,False,False,False,False,False,False,2.5,GATE,5922,20,Low (<1L),Northeast,0,2
Guntur Commerce Autonomous College,Guntur,Andhra Pradesh,Autonomous,2002,,A,120,783.0,4.2,122474.0,149557,True,29.2,4.09,15.18,330,1642.8,False,False,True,True,False,False,48.8,MHT CET,3299,24,Medium (1-5L),South,2,4
Rajendra Prasad Institute of Engineering Phagwara,Phagwara,Punjab,Private,2000,116.0,A+,159,81.0,68.7,793237.0,136628,True,62.0,4.12,28.1,498,126.2,False,False,False,False,False,False,23.5,MHT CET,5561,26,High (>5L),North,0,5
Government Model College Dindigul,Dindigul,Tamil Nadu,Government,1940,493.0,B+,73,679.0,10.8,31121.0,42116,True,49.7,3.99,15.89,623,,True,True,True,True,True,True,19.8,CUET,7323,86,Low (<1L),South,6,2
Indian Institute of Engineering Science and Technology,Howrah,West Bengal,Government,1856,,A+,226,1190.0,0.8,19234.0,114026,False,83.7,6.02,38.17,239,1856.5,True,True,True,True,True,True,48.1,WBJEE,1000,170,Low (<1L),East,6,5
Global Academy of Commerce Kalyani,Kalyani,West Bengal,Private,2015,38.0,B,28,418.0,3.4,1327027.0,102138,True,60.7,11.34,58.35,316,2080.9,True,False,True,False,True,False,32.4,SRMJEEE,1403,11,High (>5L),East,3,1
Agartala Government Arts College,Agartala,Tripura,Government,1869,170.0,B+,211,482.0,7.3,6656.0,38730,False,45.8,5.53,32.06,92,1001.4,True,True,False,True,True,True,17.3,JEE Advanced,3519,157,Low (<1L),Northeast,5,2
Anantnag Autonomous College of Commerce,Anantnag,Jammu & Kashmir,Autonomous,1899,251.0,B,17,878.0,5.1,120299.0,142164,True,47.7,4.9,21.45,688,437.8,False,True,True,False,False,False,81.9,JEE Advanced,4517,127,Medium (1-5L),North,2,1
Rani Deemed University New Delhi,New Delhi,Delhi,Deemed,1994,357.0,A,123,1038.0,3.8,262891.0,27533,False,27.4,5.37,24.86,671,2403.5,True,True,False,False,False,True,10.7,NEET UG,3896,32,Medium (1-5L),North,3,4
Acharya Academy of Engineering Korba,Korba,Chhattisgarh,Deemed,1885,72.0,B+,213,1305.0,3.9,596883.0,57260,True,73.7,7.19,43.46,434,1160.6,True,False,False,False,False,False,5.0,JEE Main,5026,141,High (>5L),Central,1,2
Autonomous College of Law Cuttack,Cuttack,Odisha,Autonomous,1942,121.0,A,104,699.0,6.5,199311.0,25337,True,65.6,8.73,48.86,619,1255.0,False,False,True,False,False,False,81.3,JEE Advanced,4556,84,Medium (1-5L),East,1,4
Tezpur University,Tezpur,Assam,Government,1994,291.0,A,6,658.0,0.8,7271.0,94575,True,50.9,4.07,28.36,317,2461.0,True,True,True,True,True,True,19.0,CUET,500,32,Low (<1L),Northeast,6,4
District Medical Sciences College Pilani,Pilani,Rajasthan,Government,1985,59.0,A+,147,959.0,0.5,40416.0,109948,True,82.3,11.74,31.58,32,115.1,True,True,True,True,True,True,62.1,GATE,499,41,Low (<1L),North,6,5
Deemed Institute of Fashion Design Nizamabad,Nizamabad,Telangana,Deemed,1900,65.0,A,195,560.0,7.9,1457172.0,140590,False,82.4,16.77,113.53,306,1543.5,False,True,False,True,True,True,61.4,WBJEE,4440,126,High (>5L),South,4,4
Radhakrishnan Academy of Pharmacy Jamshedpur,Jamshedpur,Jharkhand,Deemed,1964,91.0,A,244,1339.0,2.4,309813.0,55288,True,87.4,18.24,95.93,686,,True,True,False,True,True,False,64.1,VITEEE,3212,62,Medium (1-5L),East,4,4
State Institute of Agriculture Silchar,Silchar,Assam,Government,1996,496.0,B++,113,293.0,24.0,6974.0,178897,True,71.9,3.66,14.57,446,,True,False,False,True,True,True,71.2,CAT,7018,30,Low (<1L),Northeast,4,3
Prime College of Fine Arts Shillong,Shillong,Meghalaya,Private,1874,127.0,A,86,1458.0,2.3,353833.0,49078,False,61.5,5.81,38.83,192,203.6,True,False,True,True,False,True,22.8,SRMJEEE,3336,152,Medium (1-5L),Northeast,4,4
Sri Sapru Institute of Nursing Haldwani,Haldwani,Uttarakhand,Private,1986,495.0,B+,103,215.0,13.9,361530.0,54863,True,29.9,3.3,8.6,32,58.0,True,True,True,True,True,False,12.8,MHT CET,2984,40,Medium (1-5L),North,5,2
Haridwar Information Technology Autonomous College,Haridwar,Uttarakhand,Autonomous,1947,145.0,A+,130,1489.0,2.8,164468.0,68878,False,71.2,8.44,54.52,318,2081.5,True,True,True,True,False,True,63.1,NATA,4186,79,Medium (1-5L),North,5,5
Prime College of Applied Sciences Aizawl,Aizawl,Mizoram,Private,1924,,B+,86,1410.0,4.4,109293.0,138197,False,49.9,3.2,13.11,396,,False,True,False,False,False,False,1.3,AP EAMCET,6252,102,Medium (1-5L),Northeast,1,2
Bose Deemed University Aizawl,Aizawl,Mizoram,Deemed,1964,203.0,A,211,375.0,2.1,531604.0,136449,True,70.8,6.2,26.12,444,1822.1,False,False,True,True,True,False,35.8,COMEDK,777,62,High (>5L),Northeast,3,4
Karaikal Government Engineering College,Karaikal,Puducherry,Government,1876,233.0,B,210,119.0,33.3,69423.0,47629,True,65.4,5.46,35.76,228,2048.5,False,True,False,False,True,True,14.6,WBJEE,3957,150,Low (<1L),South,3,1
Excel Institute of Dental Sciences Siliguri,Siliguri,West Bengal,Private,1904,11.0,B,117,877.0,1.9,2072687.0,67901,True,94.6,13.84,95.7,651,,True,True,False,True,False,False,10.2,CLAT,1706,122,High (>5L),East,3,1
Government Management College Madurai,Madurai,Tamil Nadu,Government,1986,95.0,B++,59,465.0,10.9,30476.0,63052,True,76.2,9.18,22.89,320,912.3,True,True,True,True,True,True,75.8,Own Entrance,5066,40,Low (<1L),South,6,3
Government Polytechnic Ranchi,Ranchi,Jharkhand,Government,2003,32.0,B+,11,306.0,3.6,46446.0,36409,False,98.4,26.37,163.11,493,2052.2,False,True,True,False,True,True,76.7,CAT,1090,23,Low (<1L),East,4,2
Swami College of Nursing and Research Pune,Pune,Maharashtra,Private,1982,132.0,A,232,345.0,7.1,422736.0,97836,True,68.4,4.56,22.59,632,24.7,False,False,False,True,False,False,57.5,MHT CET,2463,44,Medium (1-5L),West,1,4
Bihar State Physical Education College Bhagalpur,Bhagalpur,Bihar,Government,1925,140.0,A,91,645.0,3.3,33698.0,142949,True,67.6,14.07,93.96,233,162.9,True,False,False,False,False,False,25.9,NEET UG,2128,101,Low (<1L),East,1,4
State Institute of Technology Asansol,Asansol,West Bengal,Government,2007,39.0,B,91,791.5,4.1,149707.0,126770,False,92.3,28.1,193.91,446,1199.0,False,False,False,True,False,False,43.8,GATE,804,19,Medium (1-5L),East,1,1
State Institute of Technology Jamshedpur,Jamshedpur,Jharkhand,Government,1908,242.0,A,105,904.0,7.3,46446.0,62826,True,71.9,10.59,71.18,356,454.6,False,False,True,False,True,False,64.1,COMEDK,6563,118,Low (<1L),East,2,4
State Institute of Pharmacy Margao,Margao,Goa,Government,1870,,B+,182,1171.0,3.2,25761.0,113541,True,38.9,8.07,32.5,179,733.2,False,False,True,False,False,False,64.7,MHT CET,3788,156,Low (<1L),West,1,2
Khammam College of Applied Sciences,Khammam,Telangana,Private,1929,,B+,76,179.0,40.0,1546294.0,44671,False,88.2,13.39,46.57,600,909.6,True,True,True,True,False,True,8.5,COMEDK,7166,97,High (>5L),South,5,2
National Institute of Technology Hamirpur,Hamirpur,Himachal Pradesh,Government,1986,,A,228,245.0,2.0,37461.0,29704,True,34.4,5.86,21.45,460,251.1,False,True,True,False,False,False,77.5,JEE Main,500,40,Low (<1L),North,2,4
Devi Ahilya College of Veterinary Science and Research Dharamsala,Dharamsala,Himachal Pradesh,Private,1940,,B++,113,268.0,27.1,372199.0,73766,True,40.8,2.59,8.1,577,466.1,False,False,False,False,False,True,32.6,COMEDK,7252,86,Medium (1-5L),North,1,3
Aryabhatta Deemed University Nizamabad,Nizamabad,Telangana,Deemed,1997,64.0,B++,127,1150.0,4.5,907926.0,62389,True,88.4,16.03,75.93,566,434.7,True,False,True,True,True,True,27.5,SRMJEEE,5170,29,High (>5L),South,5,3
Patna University,Patna,Bihar,Government,1917,178.0,A,234,1139.0,1.8,36096.0,29321,True,52.6,8.07,32.5,353,1157.3,True,True,True,True,False,True,69.4,Own Entrance,2000,109,Low (<1L),East,5,4
Agartala College of Technology,Agartala,Tripura,Private,1998,67.0,A+,20,1233.0,6.0,746843.0,117012,True,88.9,28.05,74.11,211,1237.8,True,True,True,True,True,False,28.0,TNEA,7412,28,High (>5L),Northeast,5,5
Autonomous College of Dental Sciences Dimapur,Dimapur,Nagaland,Autonomous,1969,187.0,A++,14,617.0,1.9,54789.0,42426,True,55.8,8.78,28.8,665,2077.1,False,False,True,False,True,False,53.2,JEE Advanced,1164,57,Low (<1L),Northeast,2,6
State Institute of Engineering Hyderabad,Hyderabad,Telangana,Government,2009,,A,183,1238.0,2.3,32882.0,112215,True,79.0,12.0,54.41,581,256.0,True,True,True,True,True,True,13.0,CUET,2799,17,Low (<1L),South,6,4
University of Rajasthan,Jaipur,Rajasthan,Government,1947,67.0,A+,59,1345.0,1.9,42175.0,128693,True,74.5,8.34,40.05,21,1602.3,True,True,False,True,False,False,59.0,Own Entrance,2500,79,Low (<1L),North,3,5
Indian Institute of Technology BHU Varanasi,Varanasi,Uttar Pradesh,Government,1919,185.0,A++,20,1150.0,0.9,78788.0,60579,True,69.4,7.18,16.46,331,144.8,True,True,True,False,False,False,50.1,JEE Advanced,1050,107,Low (<1L),North,3,6
Global Academy of Homeopathy Shillong,Shillong,Meghalaya,Private,1930,269.0,A,8,1431.0,2.3,168148.0,133316,True,60.7,4.79,23.91,660,92.7,True,True,True,True,True,False,43.6,BITSAT,3358,96,Medium (1-5L),Northeast,5,4
Bikaner College of Medical Sciences,Bikaner,Rajasthan,Private,1874,,A,201,1132.0,1.4,1585029.0,102482,True,95.9,14.35,54.48,184,,True,False,True,True,False,False,20.8,CUET,1622,152,High (>5L),North,3,4
Government College of Architecture Nashik,Nashik,Maharashtra,Government,1953,,B,82,513.0,15.3,232919.0,86859,True,85.3,8.07,32.5,682,1163.1,False,False,False,True,False,False,3.9,NEET UG,7859,73,Medium (1-5L),West,1,1
Mahatma Gandhi Deemed University Shillong,Shillong,Meghalaya,Deemed,1952,218.0,B+,234,430.0,6.0,231316.0,116385,True,44.1,5.82,25.11,136,2200.5,True,True,False,True,True,True,64.9,AP EAMCET,2563,74,Medium (1-5L),Northeast,5,2
Goa State Applied Sciences College Mapusa,Mapusa,Goa,Government,1906,194.0,B,114,160.0,41.1,92672.0,93625,True,70.6,9.88,44.0,223,1006.8,False,True,True,True,True,True,47.9,State Level,6578,120,Low (<1L),West,5,1
Radhakrishnan Deemed University Ujjain,Ujjain,Madhya Pradesh,Deemed,1889,444.0,A,7,314.0,17.3,149388.0,60596,True,35.4,5.87,26.28,352,2129.2,False,True,True,False,True,True,25.9,CAT,5439,137,Medium (1-5L),Central,4,4
Aryabhata College of Physical Education and Research Tezpur,Tezpur,Assam,Private,1960,213.0,B++,110,1249.0,4.1,303655.0,70455,True,52.2,3.02,8.1,602,720.6,True,True,True,True,True,True,21.9,GATE,5083,66,Medium (1-5L),Northeast,6,3
SNDT Womens University,Mumbai,Maharashtra,Government,1916,69.0,A+,150,931.0,1.1,59658.0,74588,True,83.7,10.91,64.6,360,1362.2,True,True,True,True,True,True,20.8,Own Entrance,1000,110,Low (<1L),West,6,5
Ramanujan College of Fashion Design and Research Khammam,Khammam,Telangana,Private,2011,5.0,B,30,317.0,4.3,603217.0,134094,True,82.8,17.64,105.16,53,101.1,False,False,True,False,True,False,39.4,SRMJEEE,1374,15,High (>5L),South,2,1
Autonomous College of Technology Chandigarh,Chandigarh,Punjab,Autonomous,1943,19.0,B,172,156.0,34.7,493021.0,162493,True,79.9,12.35,25.43,342,2326.2,False,False,True,True,True,False,50.5,JEE Main,5406,83,Medium (1-5L),North,3,1
Margao Government Arts College,Margao,Goa,Government,1910,,B+,98,799.0,0.1,43509.0,149837,True,31.4,2.76,14.03,112,583.1,True,True,True,True,True,True,3.0,TS EAMCET,118,116,Low (<1L),West,6,2
Autonomous College of Homeopathy Agartala,Agartala,Tripura,Autonomous,1929,348.0,B++,205,1089.0,2.3,94748.0,147874,True,27.2,1.91,11.53,551,756.4,False,False,True,False,False,False,39.6,JEE Advanced,2487,97,Low (<1L),Northeast,1,3
Kumaun University,Nainital,Uttarakhand,Government,1973,157.0,B++,126,1046.0,0.4,44630.0,142883,True,54.9,3.5,21.91,150,411.1,False,True,False,False,True,True,20.0,CUET,400,53,Low (<1L),North,3,3
Aizawl College of Physical Education,Aizawl,Mizoram,Private,1885,,B,134,754.0,1.0,1487979.0,56979,True,94.8,22.69,51.36,177,226.1,True,False,False,True,True,False,68.3,TNEA,720,141,High (>5L),Northeast,3,1
Sikar Institute of Fine Arts (Deemed),Sikar,Rajasthan,Deemed,1973,87.0,A+,211,853.0,1.5,856223.0,122124,True,88.9,15.1,104.18,383,1510.5,True,True,True,True,True,True,46.3,CUET,1262,53,High (>5L),North,6,5
Academy of Law Ajmer,Ajmer,Rajasthan,Deemed,2011,126.0,A,222,1305.0,2.5,309813.0,155142,False,73.1,3.73,16.1,509,145.6,True,True,True,False,False,False,1.5,UPSEE,3284,15,Medium (1-5L),North,3,4
Srinivasa Autonomous Institute Ghaziabad,Ghaziabad,Uttar Pradesh,Autonomous,2019,235.0,B++,60,877.0,7.8,107902.0,100806,True,45.5,4.78,25.39,350,1345.8,True,True,True,True,True,True,72.6,CLAT,6874,7,Medium (1-5L),North,6,3
Hyderabad Institute of Computer Science (Deemed),Hyderabad,Telangana,Deemed,1893,74.0,B+,51,1208.0,5.6,445303.0,173531,True,55.9,9.99,20.19,436,2301.2,True,True,False,True,False,False,21.7,SRMJEEE,6798,133,Medium (1-5L),South,3,2
Global Academy of Veterinary Science Jammu,Jammu,Jammu & Kashmir,Private,1941,28.0,A,99,779.0,4.8,1575568.0,47115,True,82.0,25.53,83.36,459,447.3,True,True,True,True,True,True,10.5,SRMJEEE,2533,85,High (>5L),North,6,4
Government Law College Bardhaman,Bardhaman,West Bengal,Government,1939,,A,91,768.0,9.2,96015.0,78107,False,87.8,13.99,56.93,532,57.4,True,False,True,False,True,False,65.1,AP EAMCET,7071,87,Low (<1L),East,3,4
Kamla Nehru Foundation Commerce College Korba,Korba,Chhattisgarh,Private,1851,,B++,139,991.0,2.5,1841247.0,114210,True,97.2,21.13,46.58,256,75.0,True,True,False,True,False,True,78.8,TS EAMCET,2429,175,High (>5L),Central,4,3
Global Academy of Journalism Anantnag,Anantnag,Jammu & Kashmir,Private,2004,111.0,A,60,1125.0,0.3,442606.0,148012,False,68.8,4.24,12.62,441,209.7,True,True,True,True,True,True,67.2,GATE,360,22,Medium (1-5L),North,6,4
Government Model College Nagpur,Nagpur,Maharashtra,Government,2015,,B,180,1430.0,0.3,173524.0,66549,True,85.5,18.7,116.27,375,1665.8,True,True,False,False,False,True,8.4,CAT,480,11,Medium (1-5L),West,3,1
Prime College of Veterinary Science Ghaziabad,Ghaziabad,Uttar Pradesh,Private,1874,89.0,A,216,1127.0,4.6,2054891.0,140515,True,81.3,27.26,182.18,89,1031.8,False,True,False,False,False,True,70.5,WBJEE,5220,152,High (>5L),North,2,4
Silchar Government Physical Education College,Silchar,Assam,Government,1894,178.0,B+,203,498.0,14.2,37397.0,149966,True,59.9,2.85,13.67,84,1788.3,True,False,False,True,True,False,7.4,TS EAMCET,7095,132,Low (<1L),Northeast,3,2
Naharlagun Government Applied Sciences College,Naharlagun,Arunachal Pradesh,Government,1909,95.0,A+,139,734.0,2.8,94547.0,162519,True,85.3,7.41,35.28,560,235.7,False,False,False,False,True,False,22.9,CAT,2030,117,Low (<1L),Northeast,1,5
Kamla Nehru Autonomous Institute Rohtak,Rohtak,Haryana,Autonomous,1932,59.0,A,192,679.0,6.8,330147.0,23612,True,51.15,8.48,21.95,547,547.4,True,False,False,True,True,True,34.3,MHT CET,4620,94,Medium (1-5L),North,4,4
Autonomous College of Dental Sciences Visakhapatnam,Visakhapatnam,Andhra Pradesh,Autonomous,1917,68.0,A,238,335.0,8.0,113542.0,106922,True,70.6,11.65,66.11,427,118.2,True,True,True,False,True,False,32.7,Own Entrance,2690,109,Medium (1-5L),South,4,4
Patna Autonomous College of Law,Patna,Bihar,Autonomous,1871,76.0,B++,233,347.0,14.4,96679.0,132362,True,60.9,6.6,35.62,693,1718.5,True,True,True,True,False,False,53.5,JEE Advanced,5012,155,Low (<1L),East,4,3
Government Model College Kochi,Kochi,Kerala,Government,1903,273.0,B+,208,108.0,47.7,8813.0,28472,True,52.5,2.19,13.7,428,932.8,True,True,True,True,True,True,31.0,JEE Advanced,5155,123,Low (<1L),South,6,2
Shillong Government Agriculture College,Shillong,Meghalaya,Government,1960,,B++,26,853.0,4.3,38743.0,22934,True,49.9,4.75,20.13,414,2473.8,True,True,True,True,True,True,28.3,TS EAMCET,3696,66,Low (<1L),Northeast,6,3
Galgotias Foundation Pharmacy College Aizawl,Aizawl,Mizoram,Private,1988,281.0,B++,33,277.0,1.9,157627.0,36855,False,36.3,2.51,16.33,544,1900.1,True,True,True,True,True,True,53.1,BITSAT,522,38,Medium (1-5L),Northeast,6,3
Uttar Pradesh State Dental Sciences College Kanpur,Kanpur,Uttar Pradesh,Government,1890,207.0,B+,85,917.0,2.9,46446.0,120689,False,60.0,4.77,11.94,414,975.6,True,True,True,False,False,False,39.4,TS EAMCET,2662,136,Low (<1L),North,3,2
Aizawl College of Fashion Design,Aizawl,Mizoram,Private,1938,,B+,75,1106.0,4.3,1902266.0,89595,True,83.5,17.02,98.45,50,2368.9,False,False,False,True,False,True,32.8,JEE Main,4735,88,High (>5L),Northeast,2,2
Global Academy of Engineering Chandigarh,Chandigarh,Chandigarh,Private,1944,,B+,113,696.0,6.9,610997.0,67166,True,78.5,7.75,49.63,160,1632.1,True,True,True,True,True,True,61.6,JEE Main,4783,82,High (>5L),North,6,2
Aurangabad Government Social Work College,Aurangabad,Maharashtra,Government,2020,,B+,185,401.0,7.9,99888.0,27782,True,79.5,11.16,32.83,516,477.8,True,True,True,True,True,True,65.4,WBJEE,3176,6,Low (<1L),West,6,2
Sri Shivaji Institute of Journalism Kakinada,Kakinada,Andhra Pradesh,Private,1980,266.0,B++,240,794.0,10.0,209249.0,29894,True,29.5,4.9,17.92,687,762.1,False,True,False,True,False,False,14.7,AP EAMCET,7938,46,Medium (1-5L),South,2,3
Deemed Institute of Engineering Kozhikode,Kozhikode,Kerala,Deemed,1947,159.0,A,92,1050.0,3.5,416688.0,174161,False,57.8,8.52,26.93,59,1411.2,True,False,True,False,True,False,76.4,TNEA,3652,79,Medium (1-5L),South,3,4
Kanpur Autonomous College of Technology,Kanpur,Uttar Pradesh,Autonomous,1983,182.0,B++,155,104.0,25.6,121820.0,105873,True,39.0,2.12,6.19,233,2310.1,False,False,False,False,False,True,51.0,NATA,2660,43,Medium (1-5L),North,1,3
Global Academy of Pharmacy Durg,Durg,Chhattisgarh,Private,2014,,B++,13,1383.0,5.6,389470.0,174054,False,35.0,4.48,29.02,382,393.0,False,False,False,True,False,False,17.1,University Entrance,7781,12,Medium (1-5L),Central,1,3
Government Management College Kalyani,Kalyani,West Bengal,Government,2001,,A++,191,141.0,45.0,216517.0,110571,False,94.5,23.3,56.15,170,1225.8,True,True,True,True,True,True,66.4,MHT CET,6345,25,Medium (1-5L),East,6,6
Karaikal Autonomous College of Nursing,Karaikal,Puducherry,Autonomous,1977,,B++,193,704.0,8.9,91167.0,171548,True,48.4,3.79,19.64,350,1089.6,True,True,False,False,False,False,22.7,TNEA,6248,49,Low (<1L),South,2,3
Chandigarh Government Commerce College,Chandigarh,Punjab,Government,1918,158.0,B+,146,907.0,5.4,7596.0,38971,True,61.5,2.84,11.9,236,2228.0,False,True,False,False,False,True,42.0,Own Entrance,4880,108,Low (<1L),North,2,2
Shivaji College of Hotel Management and Research Silchar,Silchar,Assam,Private,1998,,A,125,1081.0,6.0,861050.0,39174,True,96.0,27.24,174.7,15,1716.8,True,False,True,False,True,False,81.7,TNEA,6516,28,High (>5L),Northeast,3,4
Patiala College of Information Technology,Patiala,Punjab,Private,1988,52.0,B,107,405.0,7.4,797209.0,170712,True,74.6,11.64,49.91,243,252.3,True,False,True,True,True,False,29.1,State Level,2999,38,High (>5L),North,4,1
Modern Institute of Architecture Karimnagar,Karimnagar,Telangana,Private,1989,,A++,81,1107.0,5.7,601650.0,179861,True,67.2,5.51,20.16,218,641.1,True,True,True,True,True,True,14.5,UPSEE,6313,37,High (>5L),South,6,6
Bhabha University Jammu,Jammu,Jammu & Kashmir,Private,2001,44.0,A+,202,963.0,8.1,780876.0,89121,True,82.3,27.7,123.62,195,,False,True,True,False,False,False,22.2,NATA,7770,25,High (>5L),North,2,5
Global Academy of Arts Tezpur,Tezpur,Assam,Private,1936,,A+,115,670.0,2.2,519724.0,155864,True,58.2,6.79,20.67,659,131.5,True,True,True,False,True,True,32.7,CUET,1489,90,High (>5L),Northeast,5,5
Sri Tagore Institute of Management Chandigarh,Chandigarh,Chandigarh,Private,1926,52.0,B,239,1136.0,0.8,204632.0,162702,True,67.6,5.52,36.3,587,,True,True,True,True,True,True,11.5,TS EAMCET,932,100,Medium (1-5L),North,6,1
Savitribai Phule Pune University,Pune,Maharashtra,Government,1949,64.0,A++,119,1085.0,3.2,72912.0,50471,True,80.6,12.17,54.09,66,1134.7,True,True,False,True,False,False,44.1,Own Entrance,3500,77,Low (<1L),West,3,6
Babasaheb Autonomous Institute Hamirpur,Hamirpur,Himachal Pradesh,Autonomous,1945,394.0,B+,20,1284.0,4.1,33512.0,157752,True,24.5,3.54,7.41,493,378.6,False,True,True,False,False,False,3.3,Own Entrance,5293,81,Low (<1L),North,2,2
Modern Institute of Dental Sciences Mapusa,Mapusa,Goa,Private,2017,,B++,79,1396.0,0.5,364861.0,130723,True,56.1,4.4,17.26,277,1408.3,False,False,False,False,True,True,61.7,TNEA,687,9,Medium (1-5L),West,2,3
Himachal Pradesh State Journalism College Hamirpur,Hamirpur,Himachal Pradesh,Government,1910,,B+,160,647.0,8.5,243449.0,90497,True,87.8,27.64,189.86,116,2129.2,True,True,True,True,False,True,14.0,BITSAT,5521,116,Medium (1-5L),North,5,2
District Medical Sciences College Aizawl,Aizawl,Mizoram,Government,1912,150.0,B,245,514.0,13.9,16343.0,146084,True,40.6,5.82,14.14,567,593.6,True,False,False,False,True,True,81.2,Own Entrance,7164,114,Low (<1L),Northeast,3,1
Sikar Institute of Arts (Deemed),Sikar,Rajasthan,Deemed,1867,17.0,B++,216,336.0,20.5,1253759.0,87327,True,81.1,13.7,94.75,240,1899.4,False,True,True,False,False,False,25.6,VITEEE,6894,159,High (>5L),North,2,3
Modern Institute of Fashion Design Naharlagun,Naharlagun,Arunachal Pradesh,Private,1972,,B+,110,779.0,4.8,311421.0,67525,True,38.4,4.56,25.87,81,1010.6,True,True,False,False,True,True,20.5,VITEEE,609,54,Medium (1-5L),Northeast,4,2
Government College of Dental Sciences Dimapur,Dimapur,Nagaland,Government,1926,,A,23,905.0,2.5,125660.0,58394,True,94.7,21.58,83.64,414,138.9,True,True,True,True,True,True,34.9,CAT,2241,100,Medium (1-5L),Northeast,6,4
National Institute of Technology Surathkal,Mangalore,Karnataka,Government,1960,137.0,A+,41,44.0,20.5,68727.0,47644,True,83.0,15.0,55.42,327,1334.2,False,False,True,False,False,False,56.7,JEE Main,900,66,Low (<1L),South,1,5
Laxmi Deemed University Naharlagun,Naharlagun,Arunachal Pradesh,Deemed,1941,234.0,A,113,275.0,8.7,101582.0,147678,True,33.0,5.73,38.08,75,1106.0,False,True,False,False,False,False,29.3,COMEDK,2381,85,Medium (1-5L),Northeast,1,4
Government Model College Mangalore,Mangalore,Karnataka,Government,1913,383.0,B++,22,1047.0,1.7,49249.0,66205,True,58.3,5.65,31.51,559,1035.8,False,True,True,True,True,False,55.5,JEE Advanced,1806,113,Low (<1L),South,4,3
Autonomous College of Agriculture Shimoga,Shimoga,Karnataka,Autonomous,1851,,B++,31,1043.0,1.6,318042.0,74682,False,85.9,9.54,58.88,29,1707.9,False,True,True,True,True,True,44.6,COMEDK,1635,175,Medium (1-5L),South,5,3
Thanjavur Government Ayurveda College,Thanjavur,Tamil Nadu,Government,1960,340.0,A,210,1083.0,6.0,22001.0,26906,True,30.9,5.26,24.53,29,610.1,True,True,True,True,True,True,36.1,TNEA,6461,66,Low (<1L),South,6,4
Chanakya College of Dental Sciences and Research Karaikal,Karaikal,Puducherry,Private,1900,314.0,A,40,779.0,4.8,258063.0,105149,True,30.6,3.8,19.74,342,1718.0,True,True,True,True,True,True,70.8,TNEA,743,126,Medium (1-5L),South,6,4
Government Fashion Design College Sonipat,Sonipat,Haryana,Government,1857,73.0,A+,36,1413.0,5.4,51747.0,77770,True,81.5,11.66,78.79,691,341.1,True,True,True,True,True,True,45.9,CLAT,7670,169,Low (<1L),North,6,5
Korba Institute of Ayurveda,Korba,Chhattisgarh,Private,1933,,B,216,801.0,4.0,270682.0,137795,True,46.9,4.28,22.81,481,,False,True,True,False,False,True,48.2,UPSEE,3214,93,Medium (1-5L),Central,3,1
International Institute of Information Technology Hyderabad,Hyderabad,Telangana,Deemed,1998,,A++,66,231.0,2.6,580658.0,176719,True,65.4,3.78,14.09,489,2328.7,True,True,True,False,True,True,62.9,JEE Main,600,28,High (>5L),South,5,6
PES University,Bangalore,Karnataka,Private,1972,,A+,215,1395.0,1.8,625151.0,177117,False,81.2,9.1,58.17,300,2368.2,False,True,True,True,True,True,19.2,PESSAT,2500,54,High (>5L),South,5,5
Manipur State Hotel Management College Imphal,Imphal,Manipur,Government,2007,,B++,231,302.0,22.7,46446.0,74002,False,74.0,14.59,59.58,151,2108.7,False,False,False,False,True,False,2.9,Own Entrance,6855,19,Low (<1L),Other,1,3
Laxmi College of Veterinary Science and Research Karaikal,Karaikal,Puducherry,Private,1958,387.0,B+,46,640.0,11.0,107169.0,50041,True,40.8,2.95,13.53,337,405.2,True,False,False,False,True,True,73.1,NEET UG,7024,68,Medium (1-5L),South,3,2
Government College of Dental Sciences Hamirpur,Hamirpur,Himachal Pradesh,Government,1889,308.0,A,215,1413.0,3.4,49119.0,140026,False,59.2,3.62,23.69,256,258.2,False,True,True,True,True,True,3.8,JEE Advanced,4824,137,Low (<1L),North,5,4
Autonomous College of Applied Sciences Panaji,Panaji,Goa,Autonomous,1979,85.0,A,107,1154.0,6.9,464527.0,135711,True,72.0,17.08,54.25,468,977.5,True,False,False,True,False,True,17.5,BITSAT,7944,47,Medium (1-5L),West,3,4
Phagwara Autonomous College of Social Work,Phagwara,Punjab,Autonomous,1902,,B+,193,198.0,4.3,310874.0,30631,True,90.2,14.93,67.59,512,110.0,False,False,False,True,False,False,31.5,COMEDK,844,124,Medium (1-5L),North,1,2
District Engineering College Gangtok,Gangtok,Sikkim,Government,1985,110.0,B++,159,1233.0,0.5,46446.0,54691,True,77.5,13.89,83.71,604,2222.2,False,False,True,False,False,False,34.3,CAT,627,41,Low (<1L),Northeast,1,3
Srinivasa Deemed University Puducherry,Puducherry,Puducherry,Deemed,1948,23.0,A++,102,1496.0,3.4,667900.0,29236,False,87.7,10.44,45.95,453,1458.5,False,False,False,False,True,True,79.7,TNEA,5110,78,High (>5L),South,2,6
Government College of Medical Sciences Baramulla,Baramulla,Jammu & Kashmir,Government,1932,333.0,A,129,915.0,4.6,17192.0,69762,True,34.1,2.84,14.45,534,542.0,False,True,False,False,True,True,70.1,CLAT,4214,94,Low (<1L),North,3,4
Autonomous College of Information Technology Haldwani,Haldwani,Uttarakhand,Autonomous,1938,250.0,B+,164,773.0,5.0,188357.0,58498,True,66.0,5.68,17.19,643,1630.8,True,True,True,True,True,True,59.6,JEE Main,6834,88,Medium (1-5L),North,6,2
Global Academy of Law Guwahati,Guwahati,Assam,Private,1921,112.0,B++,116,1465.0,1.3,663912.0,121531,True,70.9,11.58,57.8,150,1151.6,True,True,False,True,True,True,13.6,TNEA,1907,105,High (>5L),Northeast,5,3
Lakshmi University Agartala,Agartala,Tripura,Private,1937,405.0,B+,135,1264.0,2.1,169851.0,131953,True,40.5,3.26,11.02,174,1256.4,True,True,False,True,True,True,38.5,AP EAMCET,2654,89,Medium (1-5L),Northeast,5,2
Pondicherry University,Puducherry,Puducherry,Government,1985,186.0,A++,47,253.0,3.2,90571.0,113837,True,80.5,12.03,49.75,194,1375.8,False,False,True,True,True,True,43.4,CUET,800,41,Low (<1L),South,4,6
Bikaner College of Commerce,Bikaner,Rajasthan,Private,2023,360.0,B+,59,929.0,5.7,189356.0,97348,True,37.1,4.24,17.48,58,898.1,False,False,False,False,True,True,12.6,BITSAT,5303,3,Medium (1-5L),North,2,2
Autonomous College of Science Aizawl,Aizawl,Mizoram,Autonomous,1856,,A++,203,82.0,18.8,226058.0,145183,True,56.7,4.8,21.8,551,1044.7,True,False,True,False,True,True,75.6,UPSEE,1538,170,Medium (1-5L),Northeast,4,6
Government College of Dental Sciences Chandigarh,Chandigarh,Chandigarh,Government,1865,,B++,204,90.0,80.7,46395.0,169043,True,86.8,7.17,50.13,603,20.3,False,True,False,False,True,False,71.7,BITSAT,7265,161,Low (<1L),North,2,3
Excel Institute of Information Technology Gangtok,Gangtok,Sikkim,Private,1884,82.0,A+,100,982.0,1.2,2084885.0,73178,False,96.9,23.29,159.76,30,160.7,True,True,True,True,True,False,32.1,University Entrance,1173,142,High (>5L),Northeast,5,5
Government College of Agriculture Kochi,Kochi,Kerala,Government,2009,230.0,A,220,388.0,0.4,6575.0,44795,True,35.6,3.89,10.13,48,1408.5,True,True,True,True,True,True,46.2,AP EAMCET,169,17,Low (<1L),South,6,4
Maharashtra State Physical Education College Aurangabad,Aurangabad,Maharashtra,Government,1884,377.0,B+,89,623.0,1.2,47656.0,142872,True,46.3,5.13,29.97,395,725.5,False,True,False,False,False,False,62.6,NATA,738,142,Low (<1L),West,1,2
District Homeopathy College Imphal,Imphal,Manipur,Government,2015,,B,224,1070.0,2.8,46446.0,126220,True,56.3,4.09,16.52,521,317.3,False,True,True,True,False,True,4.1,SRMJEEE,2959,11,Low (<1L),Other,4,1
Jai Prakash Institute of Management Panaji,Panaji,Goa,Private,1999,189.0,B++,247,341.0,9.4,379852.0,93858,True,48.5,5.48,25.145,263,1214.7,True,True,True,False,False,False,53.7,TNEA,3216,27,Medium (1-5L),West,3,3
Odisha State Architecture College Bhubaneswar,Bhubaneswar,Odisha,Government,1863,288.0,B+,13,959.0,5.0,23468.0,51330,False,44.2,5.96,18.87,665,1617.6,True,True,True,True,True,True,9.1,JEE Main,4792,163,Low (<1L),East,6,2
Presidency University Kolkata,Kolkata,West Bengal,Government,1817,191.0,A,100,900.0,0.6,16795.0,55501,True,56.8,5.91,30.91,401,1122.4,True,True,True,True,True,False,78.0,CUET,500,209,Low (<1L),East,5,4
Autonomous College of Dental Sciences Chandigarh,Chandigarh,Chandigarh,Autonomous,1922,213.0,B++,34,782.0,2.0,42199.0,56025,True,47.9,3.73,23.34,107,2436.6,False,True,False,False,True,True,65.5,TNEA,1573,104,Low (<1L),North,3,3
Punjab State Science College Jalandhar,Jalandhar,Punjab,Government,1998,,B,174,1132.0,4.6,5559.0,87524,True,60.5,4.93,26.79,532,2352.7,True,True,True,True,True,True,84.3,BITSAT,5220,28,Low (<1L),North,6,1
Global Academy of Applied Sciences Hisar,Hisar,Haryana,Private,1897,90.0,B++,248,1211.0,3.6,1697049.0,69600,True,96.5,25.93,71.96,297,227.5,True,False,True,False,False,False,67.7,TS EAMCET,4373,129,High (>5L),North,2,3
Devi Ahilya University Dimapur,Dimapur,Nagaland,Private,2001,266.0,A,29,744.0,3.2,188155.0,124827,False,38.2,3.45,10.64,609,2411.3,False,True,True,True,True,True,44.9,MHT CET,2359,25,Medium (1-5L),Northeast,5,4
Rajendra Prasad Institute of Management Sonipat,Sonipat,Haryana,Private,2023,227.0,A,21,1372.0,0.9,119470.0,107345,True,45.2,4.64,16.63,566,2133.8,False,False,False,False,False,True,53.9,VITEEE,1173,3,Medium (1-5L),North,1,4
Galgotias Academy of Journalism Dimapur,Dimapur,Nagaland,Deemed,1991,26.0,B,54,1353.0,1.9,1142278.0,77767,True,83.9,9.29,21.14,607,1317.0,False,True,False,False,False,False,66.6,CUET,2583,35,High (>5L),Northeast,1,1
Rajiv Gandhi University,Itanagar,Arunachal Pradesh,Government,1984,,B+,89,1279.0,0.2,19904.0,129401,True,38.4,2.61,17.89,469,1356.5,False,True,True,True,True,True,18.4,CUET,250,42,Low (<1L),Northeast,5,2
Telangana State Applied Sciences College Nizamabad,Nizamabad,Telangana,Government,1885,487.0,B++,160,1006.0,6.5,24852.0,123266,True,32.4,5.36,23.68,684,452.6,True,True,True,True,False,True,60.5,MHT CET,6490,141,Low (<1L),South,5,3
Baramulla Government Computer Science College,Baramulla,Jammu & Kashmir,Government,1980,395.0,A,201,737.0,5.7,41607.0,118489,True,33.1,2.79,19.51,543,1217.2,True,False,False,False,False,True,1.2,NATA,4207,46,Low (<1L),North,2,4
Government Management College Gangtok,Gangtok,Sikkim,Government,1943,178.0,B+,163,1179.0,4.5,7097.0,139176,True,47.2,2.3,15.36,28,1078.3,True,True,False,True,True,True,77.1,State Level,5349,83,Low (<1L),Northeast,5,2
Government Polytechnic Coimbatore,Coimbatore,Tamil Nadu,Government,1993,224.0,B,187,791.5,4.1,40275.0,66637,True,43.9,4.78,14.31,622,2286.9,True,True,True,True,True,True,56.7,KCET,6259,33,Low (<1L),South,6,1
Modern Institute of Applied Sciences New Delhi,New Delhi,Delhi,Private,1857,26.0,B+,170,1434.0,1.6,1540099.0,29388,True,97.4,20.55,119.33,318,,False,False,False,True,True,False,62.4,TS EAMCET,2249,169,High (>5L),North,2,2
Government Model College Hisar,Hisar,Haryana,Government,1856,235.0,A+,156,791.5,4.1,42339.0,119723,True,66.1,9.39,28.11,137,233.9,True,True,True,False,True,True,15.7,BITSAT,7166,170,Low (<1L),North,5,5
Itanagar Government Fashion Design College,Itanagar,Arunachal Pradesh,Government,1966,8.0,A,166,1109.0,1.2,155657.0,134259,True,87.5,20.84,135.14,195,1195.0,True,True,True,True,True,True,23.3,CUET,1336,60,Medium (1-5L),Northeast,6,4
Thrissur College of Computer Science,Thrissur,Kerala,Private,1930,16.0,A,8,905.0,6.8,1474148.0,25986,False,82.6,15.01,62.45,404,1101.2,True,True,True,True,True,True,61.3,TNEA,6177,96,High (>5L),South,6,4
Mangalore Ayurveda Autonomous College,Mangalore,Karnataka,Autonomous,1953,283.0,B+,71,450.0,0.7,39483.0,177868,False,21.2,2.73,7.13,523,2238.5,True,True,False,False,True,False,79.5,COMEDK,330,73,Low (<1L),South,3,2
Haridwar Autonomous College of Journalism,Haridwar,Uttarakhand,Autonomous,1953,113.0,B++,121,401.0,8.8,76190.0,92335,True,60.3,5.31,33.76,154,848.9,True,True,True,True,True,True,65.0,UPSEE,3547,73,Low (<1L),North,6,3
Sardar University Shimla,Shimla,Himachal Pradesh,Private,2016,,A,16,702.0,9.5,347129.0,24154,False,56.4,2.96,15.5,154,2118.8,True,False,True,True,True,True,15.9,State Level,6696,10,Medium (1-5L),North,5,4
Rani University Indore,Indore,Madhya Pradesh,Private,1876,248.0,B++,229,113.0,65.9,532419.0,157116,True,60.1,5.48,25.145,36,1819.7,True,True,True,True,True,True,27.5,JEE Advanced,7452,150,High (>5L),Central,6,3
Autonomous College of Agriculture New Delhi,New Delhi,Delhi,Autonomous,1967,60.0,A,71,648.0,6.2,146566.0,49328,True,51.15,5.51,30.73,629,1974.2,True,True,True,True,True,True,67.4,KCET,3991,59,Medium (1-5L),North,6,4
Government Polytechnic Anand,Anand,Gujarat,Government,1870,,A,238,1352.0,4.7,79725.0,32339,True,74.0,11.96,51.1,134,2108.0,True,True,True,False,False,False,79.8,COMEDK,6405,156,Low (<1L),West,3,4
District Fine Arts College Shillong,Shillong,Meghalaya,Government,2023,231.0,A,127,744.0,0.2,73156.0,81099,False,74.0,9.66,61.35,46,1296.3,False,False,False,False,False,False,28.8,JEE Advanced,134,3,Low (<1L),Northeast,0,4
District Veterinary Science College Bilaspur,Bilaspur,Chhattisgarh,Government,1899,319.0,B+,83,77.0,74.4,46446.0,73046,True,64.2,3.18,13.4,524,2101.9,True,False,False,True,False,False,42.9,JEE Main,5731,127,Low (<1L),Central,2,2
Prime College of Education Warangal,Warangal,Telangana,Private,1954,205.0,B,20,1224.0,3.0,378116.0,96926,True,40.6,4.9,26.03,664,520.8,False,True,True,True,False,True,2.3,COMEDK,3680,72,Medium (1-5L),South,4,1
Swami College of Hotel Management and Research New Delhi,New Delhi,Delhi,Private,1886,223.0,B++,140,769.0,1.2,320375.0,73487,True,74.8,7.69,48.39,619,980.2,True,True,True,False,True,True,28.8,WBJEE,933,140,Medium (1-5L),North,5,3
Government Polytechnic Phagwara,Phagwara,Punjab,Government,2005,223.0,A+,233,314.0,25.4,76643.0,167068,True,83.9,12.79,27.67,536,46.3,False,False,True,False,False,True,73.3,WBJEE,7967,21,Low (<1L),North,2,5
Vijayawada Institute of Pharmacy (Deemed),Vijayawada,Andhra Pradesh,Deemed,1885,,A,36,918.0,0.1,265714.0,76148,True,40.6,3.38,19.55,444,438.8,False,True,True,True,True,True,39.7,WBJEE,78,141,Medium (1-5L),South,5,4
Jai Prakash University Jodhpur,Jodhpur,Rajasthan,Private,1885,466.0,A,167,1091.0,7.1,390877.0,104033,True,33.8,2.53,13.65,50,1335.4,False,False,True,False,False,True,42.4,TNEA,7767,141,Medium (1-5L),North,2,4
College of Engineering Pune,Pune,Maharashtra,Government,1854,,A+,127,918.0,1.3,79169.0,43079,True,68.0,9.34,38.73,402,13.7,True,False,False,False,True,False,45.8,MHT CET,1200,172,Low (<1L),West,2,5
Ambedkar Deemed University Sikar,Sikar,Rajasthan,Deemed,1998,471.0,B++,170,773.5,5.2,204036.0,112882,False,49.1,3.12,7.71,173,1655.4,False,False,False,False,True,True,57.6,CLAT,3253,28,Medium (1-5L),North,2,3
Academy of Agriculture Kharagpur,Kharagpur,West Bengal,Deemed,1910,234.0,B++,222,789.0,2.6,256067.0,29105,True,72.6,5.07,12.13,694,1323.4,False,False,False,True,False,True,35.1,NATA,2071,116,Medium (1-5L),East,2,3
Government Polytechnic Hamirpur,Hamirpur,Himachal Pradesh,Government,1914,,A,145,332.0,18.0,201989.0,125219,True,91.5,20.96,74.54,379,1237.6,True,False,True,False,True,False,3.8,KCET,5976,112,Medium (1-5L),North,3,4
Indira Institute of Pharmacy Sagar,Sagar,Madhya Pradesh,Private,1919,,B++,37,614.0,5.3,363606.0,120219,True,56.8,2.22,6.76,90,444.4,True,True,True,True,True,True,25.0,AP EAMCET,3227,107,Medium (1-5L),Central,6,3
Jawaharlal University Kochi,Kochi,Kerala,Private,1950,233.0,A,77,143.0,21.4,322655.0,124430,True,56.3,5.48,25.145,21,1470.4,True,True,False,True,True,False,75.9,University Entrance,3056,76,Medium (1-5L),South,4,4
Meera University Naharlagun,Naharlagun,Arunachal Pradesh,Private,1985,25.0,B+,194,682.0,2.3,1144076.0,174001,True,93.5,21.43,61.44,59,1336.7,True,False,True,True,False,True,5.0,JEE Advanced,1600,41,High (>5L),Northeast,4,2
Sri Ambedkar Institute of Management Coimbatore,Coimbatore,Tamil Nadu,Private,1897,181.0,A+,106,1305.0,3.6,364255.0,151158,True,75.6,4.94,17.08,684,1048.4,True,True,True,True,True,False,77.6,JEE Advanced,4668,129,Medium (1-5L),South,5,5
Global Academy of Arts Dimapur,Dimapur,Nagaland,Private,1922,233.0,A,115,413.0,1.3,126142.0,59941,True,28.9,4.06,26.11,639,1039.5,False,True,True,False,True,True,81.8,MHT CET,538,104,Medium (1-5L),Northeast,4,4
Autonomous College of Technology Vasco da Gama,Vasco da Gama,Goa,Autonomous,1999,176.0,A+,250,1275.0,5.7,123346.0,96311,True,51.7,3.62,25.3,623,2163.0,True,True,True,True,True,True,21.3,CLAT,7238,27,Medium (1-5L),West,6,5
State Institute of Science Bhopal,Bhopal,Madhya Pradesh,Government,1873,,B+,38,804.0,5.1,132846.0,130951,True,85.8,24.11,117.18,193,640.6,True,False,False,True,False,True,7.3,TS EAMCET,4131,153,Medium (1-5L),Central,3,2
Chandra Institute of Fine Arts Imphal,Imphal,Manipur,Private,1953,,B++,74,503.0,3.7,122549.0,61075,False,45.2,4.0,23.26,556,1618.9,True,False,False,True,False,True,54.8,KCET,1885,73,Medium (1-5L),Other,3,3
Autonomous College of Agriculture Delhi,Delhi,Delhi,Autonomous,1859,,B+,144,1286.0,2.4,446564.0,128451,True,86.5,16.16,75.31,217,1261.0,True,False,True,True,True,True,18.6,State Level,3076,167,Medium (1-5L),North,5,2
Modern Institute of Social Work Ranchi,Ranchi,Jharkhand,Private,1918,465.0,A,175,584.0,4.8,374497.0,161812,True,46.6,4.75,28.53,149,718.6,True,True,True,True,True,True,5.9,COMEDK,2831,108,Medium (1-5L),East,6,4
Madhya Pradesh State Arts College Bhopal,Bhopal,Madhya Pradesh,Government,1876,493.0,B++,234,581.0,5.4,5640.0,156074,True,48.5,2.19,11.8,80,1271.6,False,False,True,True,False,False,53.1,AP EAMCET,3119,150,Low (<1L),Central,2,3
Government Hotel Management College Puri,Puri,Odisha,Government,1940,248.0,A++,137,1390.0,1.7,18128.0,105400,True,82.2,12.87,42.03,544,1776.6,True,False,False,True,False,True,40.8,State Level,2348,86,Low (<1L),East,3,6
Babasaheb Autonomous Institute Dimapur,Dimapur,Nagaland,Autonomous,2010,302.0,A,11,640.0,4.7,97158.0,96525,True,27.9,4.92,23.97,247,2048.9,False,True,False,False,True,False,36.6,MHT CET,2985,16,Low (<1L),Northeast,2,4
Global Academy of Arts Pantnagar,Pantnagar,Uttarakhand,Private,1948,377.0,A,153,62.0,62.3,322734.0,58840,False,25.9,3.6,17.36,320,87.1,False,False,True,False,False,False,55.6,CUET,3860,78,Medium (1-5L),North,1,4
Devi Ahilya Foundation Journalism College Dharwad,Dharwad,Karnataka,Private,1890,227.0,A,52,1159.0,3.4,553026.0,46268,False,60.1,6.86,19.3,32,1098.6,False,False,False,True,True,False,52.8,TS EAMCET,3955,136,High (>5L),South,2,4
Tura Government Information Technology College,Tura,Meghalaya,Government,1999,211.0,B+,20,1177.0,6.5,46869.0,173186,True,63.0,3.95,15.09,656,1411.0,True,True,True,False,True,False,43.5,WBJEE,7661,27,Low (<1L),Northeast,4,2
Modern Institute of Applied Sciences Sikar,Sikar,Rajasthan,Private,1988,161.0,A,143,373.0,11.6,318887.0,66088,True,67.4,6.98,33.25,456,955.1,True,True,False,True,True,True,72.0,TS EAMCET,4345,38,Medium (1-5L),North,5,4
State Institute of Dental Sciences Aizawl,Aizawl,Mizoram,Government,1917,400.0,A,229,408.0,7.8,43266.0,81529,True,52.3,3.94,20.82,317,2102.0,True,True,True,True,True,True,74.5,Own Entrance,3175,109,Low (<1L),Northeast,6,4
Meerut Institute of Agriculture (Deemed),Meerut,Uttar Pradesh,Deemed,1986,69.0,B++,11,1285.0,1.1,836109.0,52046,True,85.9,8.55,36.73,525,1652.4,True,True,True,True,True,True,40.6,Own Entrance,1407,40,High (>5L),North,6,3
Baramulla Institute of Technology,Baramulla,Jammu & Kashmir,Private,1933,237.0,A,232,481.0,8.9,128000.0,130572,True,31.4,4.15,8.36,517,2087.0,True,True,True,True,True,True,33.2,NATA,4260,93,Medium (1-5L),North,6,4
Academy of Information Technology Dharwad,Dharwad,Karnataka,Deemed,1975,221.0,A+,103,412.0,5.5,446202.0,148553,True,72.7,5.82,25.11,208,1796.6,True,False,False,False,False,False,1.5,GATE,2280,51,Medium (1-5L),South,1,5
Indian Institute of Technology Guwahati,Guwahati,Assam,Government,1994,,A++,76,527.0,1.5,45007.0,37668,False,85.8,13.6,32.02,695,1214.6,False,True,True,False,True,True,46.3,JEE Advanced,800,32,Low (<1L),Northeast,4,6
Aizawl Autonomous College of Hotel Management,Aizawl,Mizoram,Autonomous,2007,,A,166,61.0,36.3,118749.0,122992,True,72.3,16.28,110.99,270,2384.5,True,True,False,False,True,True,74.4,GATE,2216,19,Medium (1-5L),Northeast,4,4
Prime College of Arts Belgaum,Belgaum,Karnataka,Private,1948,63.0,A+,171,1123.0,1.8,378116.0,36031,True,68.6,6.99,23.81,318,626.0,True,True,True,True,True,True,55.8,JEE Advanced,2068,78,Medium (1-5L),South,6,5
Lakshmi Institute of Information Technology Dimapur,Dimapur,Nagaland,Private,1933,,B+,158,453.0,16.2,460396.0,87819,True,72.9,11.85,52.96,149,1242.2,True,True,False,False,True,False,44.5,NEET UG,7339,93,Medium (1-5L),Northeast,3,2
Shri Ram Autonomous Institute Ludhiana,Ludhiana,Punjab,Autonomous,2023,,B+,231,910.0,6.9,67819.0,167822,True,35.2,4.08,12.87,542,2426.5,True,False,False,True,True,True,48.2,TNEA,6241,3,Low (<1L),North,4,2
Rajendra Prasad University Namchi,Namchi,Sikkim,Private,2010,438.0,B++,50,1449.0,1.0,347410.0,80831,True,36.8,4.92,12.11,402,2454.6,False,False,True,True,False,False,35.0,WBJEE,1512,16,Medium (1-5L),Northeast,2,3
SR University,Warangal,Telangana,Private,2018,,A,169,52.0,11.5,312047.0,133514,True,35.4,3.36,8.71,643,,False,True,False,True,False,False,63.7,Own Entrance,600,8,Medium (1-5L),South,2,4
Namchi Government Commerce College,Namchi,Sikkim,Government,2014,,A++,36,863.0,5.7,78355.0,172231,True,80.1,12.26,57.44,538,437.1,True,True,True,True,False,True,35.8,VITEEE,4952,12,Low (<1L),Northeast,5,6
Academy of Ayurveda Muzaffarpur,Muzaffarpur,Bihar,Deemed,2022,200.0,A,197,328.0,10.4,246084.0,157611,True,27.8,4.01,24.11,247,1726.4,True,True,True,True,False,False,9.8,COMEDK,3419,4,Medium (1-5L),East,4,4
Sri Babasaheb Institute of Architecture Darbhanga,Darbhanga,Bihar,Private,1975,270.0,B+,100,183.0,26.8,187016.0,109289,False,42.0,4.58,14.18,446,1925.8,True,False,False,False,False,True,9.4,VITEEE,4906,51,Medium (1-5L),East,2,2
State Institute of Homeopathy Vasco da Gama,Vasco da Gama,Goa,Government,1899,133.0,A,84,1009.0,1.0,58744.0,26158,True,69.3,7.83,16.14,616,1040.7,False,False,True,True,False,False,54.3,KCET,1055,127,Low (<1L),West,2,4
SP Jain Institute of Management,Mumbai,Maharashtra,Private,1981,157.0,A++,243,406.0,0.7,212884.0,84107,True,56.2,6.91,45.61,46,1383.1,False,True,False,True,True,False,77.8,CAT/XAT,300,45,Medium (1-5L),West,3,6
National Institute of Technology Warangal,Warangal,Telangana,Government,1959,202.0,A+,51,705.0,1.2,75910.0,169382,False,79.0,8.79,18.84,509,531.9,True,True,True,True,True,True,68.0,JEE Main,850,67,Low (<1L),South,6,5
Excel Institute of Physical Education Vijayawada,Vijayawada,Andhra Pradesh,Private,1871,131.0,A+,192,670.0,0.2,327268.0,171287,True,55.7,4.28,15.04,184,1671.8,True,True,False,False,True,True,9.5,State Level,135,155,Medium (1-5L),South,4,5
Government Model College Madurai,Madurai,Tamil Nadu,Government,1964,81.0,A,42,438.0,2.1,162446.0,97667,False,92.1,32.49,88.5,375,1683.7,True,True,True,True,False,False,43.7,NEET UG,941,62,Medium (1-5L),South,4,4
Autonomous College of Arts Rewa,Rewa,M.P.,Autonomous,1961,149.0,A,239,278.0,4.3,237542.0,45989,True,56.7,4.66,28.36,211,1150.5,True,True,True,True,True,False,40.0,KCET,1184,65,Medium (1-5L),Other,5,4
Gangtok Government Arts College,Gangtok,Sikkim,Government,1862,,A+,180,1337.0,2.4,134977.0,171498,False,97.9,32.52,152.1,484,,False,False,False,False,False,True,4.8,BITSAT,3154,164,Medium (1-5L),Northeast,1,5
Government Pharmacy College Agartala,Agartala,Tripura,Government,1864,,A,162,791.5,4.1,98233.0,25372,True,76.8,6.94,38.96,174,1601.1,True,True,True,True,False,False,72.3,CAT,2990,162,Low (<1L),Northeast,4,4
OP Jindal Global University,Sonipat,Haryana,Private,2009,54.0,A+,238,1443.0,0.5,544432.0,53500,True,73.1,10.63,60.53,549,235.4,False,True,True,True,True,False,57.3,JSAT,700,17,High (>5L),North,4,5
Autonomous College of Ayurveda Korba,Korba,Chhattisgarh,Autonomous,1996,,A,84,690.0,2.5,143932.0,42846,True,77.0,15.08,83.51,39,427.0,True,True,True,False,True,False,63.9,NATA,1743,30,Medium (1-5L),Central,4,4
Deemed Institute of Engineering Karaikal,Karaikal,Puducherry,Deemed,1995,175.0,B++,165,1118.0,4.8,260699.0,171830,False,67.9,7.74,18.78,533,616.9,False,True,True,False,False,False,14.0,CLAT,5313,31,Medium (1-5L),South,2,3
Sri Tagore Institute of Computer Science Prayagraj,Prayagraj,Uttar Pradesh,Private,2008,,A,77,1154.0,1.8,359279.0,110421,True,40.8,4.69,16.73,300,342.7,False,False,False,True,False,False,33.1,JEE Main,2128,18,Medium (1-5L),North,1,4
Sapru Deemed University Aizawl,Aizawl,Mizoram,Deemed,1943,225.0,A,207,108.0,17.9,527572.0,47797,True,50.1,6.21,38.49,467,1569.1,True,False,False,False,True,False,3.1,COMEDK,1928,83,High (>5L),Northeast,2,4
Sikar Institute of Hotel Management,Sikar,Rajasthan,Private,1901,68.0,B++,158,598.0,12.8,414891.0,78361,False,58.1,6.55,35.45,520,944.5,True,True,True,True,True,True,9.7,CUET,7667,125,Medium (1-5L),North,6,3
Prime College of Law Puducherry,Puducherry,Puducherry,Private,1958,106.0,B++,142,58.0,110.0,332442.0,156249,True,72.9,8.73,22.11,481,791.2,True,False,True,True,False,True,69.6,TNEA,6378,68,Medium (1-5L),South,4,3
Bhagalpur Institute of Architecture,Bhagalpur,Bihar,Private,1917,134.0,A+,210,718.0,9.2,275603.0,143634,True,77.4,8.3,23.56,466,312.7,False,False,False,False,True,False,81.6,CLAT,6575,109,Medium (1-5L),East,1,5
District Medical Sciences College Mohali,Mohali,Punjab,Government,1907,24.0,B+,133,1262.0,0.7,131106.0,84614,False,86.1,13.41,49.6,497,2481.3,True,False,True,True,True,True,24.2,State Level,882,119,Medium (1-5L),North,5,2
Jharkhand State Technology College Hazaribagh,Hazaribagh,Jharkhand,Government,1924,382.0,B++,188,623.0,12.8,49751.0,146885,True,55.9,8.07,32.5,677,585.8,False,True,True,False,False,False,64.1,CUET,7966,102,Low (<1L),East,2,3
Baramulla Nursing Autonomous College,Baramulla,Jammu & Kashmir,Autonomous,1902,33.0,B++,108,1283.0,3.6,123346.0,72157,False,92.0,15.64,92.04,170,2056.8,False,True,True,False,True,False,78.2,CUET,4657,124,Medium (1-5L),North,3,3
Government Fine Arts College Korba,Korba,Chhattisgarh,Government,1914,191.0,A,152,1429.0,3.5,30078.0,175638,True,81.2,8.76,29.35,677,962.1,True,True,True,False,False,True,54.2,State Level,5046,112,Low (<1L),Central,4,4
Modern Institute of Veterinary Science Haridwar,Haridwar,Uttarakhand,Private,2007,188.0,A,111,625.0,12.1,251535.0,21893,True,31.6,3.97,14.3,380,1089.8,True,False,True,False,True,True,56.7,TNEA,7571,19,Medium (1-5L),North,4,4
Padmavati College of Homeopathy and Research Tirupati,Tirupati,Andhra Pradesh,Private,1863,,A+,53,1012.0,2.9,558699.0,73221,False,96.3,13.17,36.26,344,1670.0,False,True,False,True,True,True,74.2,NATA,2903,163,High (>5L),South,4,5
Sapru College of Hotel Management and Research Prayagraj,Prayagraj,Uttar Pradesh,Private,1882,,A+,6,425.0,12.8,224747.0,61892,True,77.9,7.4,28.43,58,803.0,False,False,False,False,False,True,54.0,VITEEE,5424,144,Medium (1-5L),North,1,5
Panjab University,Chandigarh,Chandigarh,Government,1882,209.0,A++,78,1487.0,2.0,89890.0,158660,True,87.7,9.84,53.56,447,1522.9,False,False,True,False,False,True,27.6,Own Entrance,3000,144,Low (<1L),North,2,6
Saraswati University Dharamsala,Dharamsala,Himachal Pradesh,Private,1855,304.0,A,202,627.0,10.5,123314.0,119316,True,39.1,5.48,25.145,636,678.3,False,True,False,False,False,True,78.6,UPSEE,6561,171,Medium (1-5L),North,2,4
Government Model College Kohima,Kohima,Nagaland,Government,1980,215.0,A+,213,730.0,7.7,55359.0,72120,False,65.7,9.64,33.37,471,1845.7,False,True,False,False,True,False,40.4,KCET,5643,46,Low (<1L),Northeast,2,5
Kolkata Institute of Medical Sciences,Kolkata,West Bengal,Private,1988,,B++,210,1331.0,0.7,1361388.0,34397,False,95.1,23.22,122.98,686,1570.2,False,False,False,False,True,True,9.0,CLAT,925,38,High (>5L),East,2,3
Global Academy of Management Anand,Anand,Gujarat,Private,1926,,B,201,164.0,28.3,701409.0,83919,False,59.0,11.03,72.85,444,2362.7,False,False,False,False,True,False,71.1,TS EAMCET,4638,100,High (>5L),West,1,1
Modern Institute of Homeopathy Namchi,Namchi,Sikkim,Private,1963,,A,134,1323.0,5.9,686516.0,148566,True,66.7,5.71,30.42,26,100.0,False,True,True,False,True,True,39.8,University Entrance,7871,63,High (>5L),Northeast,4,4
Raman Deemed University Naharlagun,Naharlagun,Arunachal Pradesh,Deemed,1854,,B+,73,956.0,7.9,309813.0,155879,True,34.8,3.59,17.45,669,46.6,False,False,False,False,False,False,53.1,NEET UG,7530,172,Medium (1-5L),Northeast,0,2
Himachal Pradesh State Applied Sciences College Kullu,Kullu,Himachal Pradesh,Government,1853,,B++,148,941.0,1.2,249150.0,94139,True,91.7,31.31,201.9,566,2055.1,False,False,True,True,False,True,28.8,MHT CET,1090,173,Medium (1-5L),North,3,3
Hazaribagh Government Fashion Design College,Hazaribagh,Jharkhand,Government,1886,319.0,A,130,1492.0,4.4,18768.0,89339,True,33.4,4.57,10.83,260,1892.9,True,True,True,True,False,True,29.8,NATA,6577,140,Low (<1L),East,5,4
Government Model College Nashik,Nashik,Maharashtra,Government,1866,,B++,197,243.0,18.2,18844.0,158467,True,40.4,5.81,24.69,432,1932.8,True,False,True,True,True,False,37.3,COMEDK,4420,160,Low (<1L),West,4,3
Sathyabama Institute of Science and Technology,Chennai,Tamil Nadu,Deemed,1987,247.0,A+,103,272.0,9.2,475651.0,83917,True,76.8,7.94,28.62,272,1351.5,True,False,False,True,False,False,24.8,Own Entrance,2500,39,Medium (1-5L),South,2,5
Government Information Technology College Asansol,Asansol,West Bengal,Government,1925,,B++,236,402.0,12.4,32173.0,26931,True,71.9,9.07,42.7,132,899.2,True,True,True,False,True,True,21.2,CLAT,4977,101,Low (<1L),East,5,3
Kanpur Engineering Autonomous College,Kanpur,Uttar Pradesh,Autonomous,1958,439.0,B,96,1496.0,5.0,51033.0,59484,False,30.5,4.84,28.65,217,1106.6,True,True,True,False,True,True,15.1,CAT,7468,68,Low (<1L),North,5,1
Deemed Institute of Homeopathy Baramulla,Baramulla,Jammu & Kashmir,Deemed,1932,58.0,A++,225,1145.0,6.6,1491958.0,178463,True,90.1,19.05,119.05,279,695.6,True,True,True,True,True,True,37.6,JEE Main,7599,94,High (>5L),North,6,6
Modern Institute of Fine Arts Davangere,Davangere,Karnataka,Private,1992,242.0,A,24,1457.0,0.6,378116.0,59853,False,72.7,11.74,77.23,606,557.4,False,True,True,True,True,False,58.1,AP EAMCET,906,34,Medium (1-5L),South,4,4
Deemed Institute of Nursing Bathinda,Bathinda,Punjab,Deemed,1929,176.0,A,87,49.0,74.3,232975.0,113874,True,59.1,3.29,14.75,130,1402.7,True,False,False,True,False,True,73.4,VITEEE,3639,97,Medium (1-5L),North,3,4
Amrita Academy of Veterinary Science Kohima,Kohima,Nagaland,Deemed,1972,,B+,48,1188.0,0.8,309813.0,107145,True,29.3,4.52,10.93,222,,False,False,False,False,False,True,42.1,UPSEE,952,54,Medium (1-5L),Northeast,1,2
Tripura University,Agartala,Tripura,Government,1987,177.0,B++,48,563.0,0.6,48795.0,24820,True,43.2,5.62,26.04,71,711.5,True,True,True,True,True,False,67.3,CUET,350,39,Low (<1L),Northeast,5,3
University of Hyderabad,Hyderabad,Telangana,Government,1974,84.0,A++,77,726.0,2.1,52941.0,29821,True,65.2,10.68,27.09,475,2472.8,True,True,True,True,True,True,46.6,CUET,1500,52,Low (<1L),South,6,6
Azim Premji University,Bangalore,Karnataka,Private,2010,330.0,A,188,1274.0,0.3,378116.0,46895,False,27.6,4.31,15.22,446,418.3,True,True,False,True,True,True,38.3,Own Test,400,16,Medium (1-5L),South,5,4
Kurukshetra Government Applied Sciences College,Kurukshetra,Haryana,Government,1894,20.0,A+,213,1044.0,2.8,66748.0,176562,True,97.2,16.42,40.9,345,971.5,False,True,False,True,True,False,50.3,NATA,2874,132,Low (<1L),North,3,5
Lakshmi Autonomous Institute Kohima,Kohima,Nagaland,Autonomous,1858,23.0,B++,243,1156.0,0.4,426759.0,82237,True,84.4,14.79,68.01,216,709.0,True,True,True,False,False,True,60.9,MHT CET,496,168,Medium (1-5L),Northeast,4,3
Gauhati University,Guwahati,Assam,Government,1948,171.0,A,78,64.0,15.6,29890.0,122254,True,46.6,2.58,16.39,469,956.2,False,False,False,False,False,False,27.5,Own Entrance,1000,78,Low (<1L),Northeast,0,4
Davangere Institute of Ayurveda,Davangere,Karnataka,Private,1864,335.0,A,217,90.0,26.7,353041.0,38662,True,27.6,2.17,9.43,675,349.2,True,True,True,True,True,True,20.7,NATA,2399,162,Medium (1-5L),South,6,4
Government College of Nursing Chandigarh,Chandigarh,Chandigarh,Government,1920,,A,231,744.0,10.2,83926.0,96651,True,76.5,8.85,39.24,135,527.7,True,False,False,True,False,True,81.7,CLAT,7582,106,Low (<1L),North,3,4
Academy of Education Chandigarh,Chandigarh,Chandigarh,Deemed,1894,93.0,A,210,1090.0,6.2,462135.0,36619,True,72.1,7.19,38.34,539,2418.5,True,True,True,True,False,True,66.1,NATA,6782,132,Medium (1-5L),North,5,4
Sardar College of Pharmacy and Research Jammu,Jammu,Jammu & Kashmir,Private,1912,,A,226,1226.0,5.2,254262.0,92080,False,57.2,5.15,10.9,115,279.1,False,True,True,True,False,False,78.9,AP EAMCET,6371,114,Medium (1-5L),North,3,4
Indian Institute of Technology Indore,Indore,Madhya Pradesh,Government,2009,130.0,A+,66,683.0,0.8,91503.0,168170,True,77.0,14.35,43.36,281,990.7,True,False,False,False,False,True,57.4,JEE Advanced,550,17,Low (<1L),Central,2,5
Raman University Itanagar,Itanagar,Arunachal Pradesh,Private,1970,,A,209,585.0,11.1,185772.0,144878,True,48.0,2.8,14.3,409,1155.0,True,True,True,True,True,True,66.6,JEE Advanced,6482,56,Medium (1-5L),Northeast,6,4
Srinivasa Academy of Nursing Bhilai,Bhilai,Chhattisgarh,Deemed,1992,153.0,A,218,1389.0,2.3,452780.0,53645,True,58.6,8.3,37.34,373,850.9,True,True,True,True,True,True,36.2,JEE Main,3129,34,Medium (1-5L),Central,6,4
Government College of Arts Shimoga,Shimoga,Karnataka,Government,1912,,A+,10,1363.0,2.3,178295.0,178386,False,91.8,25.89,52.05,198,1772.4,False,False,True,True,False,False,55.4,GATE,3121,114,Medium (1-5L),South,2,5
Itanagar College of Veterinary Science,Itanagar,Arunachal Pradesh,Private,1929,46.0,B++,27,447.0,13.6,2172161.0,87050,True,88.0,23.94,114.5,615,1965.0,True,True,True,True,True,True,10.3,JEE Advanced,6071,97,High (>5L),Northeast,6,3
Aryabhata University Imphal,Imphal,Manipur,Private,1921,,A,30,693.0,0.9,193220.0,170729,True,26.9,3.85,11.1,166,1892.2,True,False,True,True,True,True,22.4,GATE,610,105,Medium (1-5L),Other,5,4
Aryabhata Deemed University Karimnagar,Karimnagar,Telangana,Deemed,1977,,B,191,342.0,20.7,478495.0,150280,True,51.9,7.67,45.51,631,690.0,True,True,True,True,True,True,62.3,SRMJEEE,7070,49,Medium (1-5L),South,6,1
Lucknow College of Engineering,Lucknow,Uttar Pradesh,Private,2007,149.0,A,149,1203.0,4.3,218622.0,148901,True,73.7,9.71,24.58,669,1033.1,False,False,False,False,True,True,84.2,KCET,5126,19,Medium (1-5L),North,2,4
Puducherry Institute of Social Work,Puducherry,Puducherry,Private,1981,163.0,B+,78,562.0,4.2,160360.0,105285,True,49.3,3.79,10.16,426,1780.2,False,False,True,True,True,True,4.4,COMEDK,2367,45,Medium (1-5L),South,4,2
Saraswati Institute of Management Karimnagar,Karimnagar,Telangana,Private,1913,92.0,B,71,881.0,8.9,611305.0,102317,True,80.1,5.48,25.145,551,1104.3,True,True,False,True,False,True,25.7,VITEEE,7843,113,High (>5L),South,4,1
Excel Institute of Fine Arts Puri,Puri,Odisha,Private,1973,132.0,B+,117,256.0,23.7,361614.0,58141,False,79.6,10.22,66.02,288,176.2,True,True,True,True,False,False,51.4,MHT CET,6060,53,Medium (1-5L),East,4,2
Galgotias Foundation Engineering College Bathinda,Bathinda,Punjab,Private,1948,227.0,B,147,49.0,7.9,341153.0,46830,True,65.6,10.81,48.77,480,376.8,False,True,False,False,True,True,57.2,NEET UG,386,78,Medium (1-5L),North,3,1
Aizawl Institute of Homeopathy,Aizawl,Mizoram,Private,1941,,B,44,184.0,39.1,297834.0,175801,True,47.4,2.41,10.06,48,1245.9,False,True,True,True,False,True,74.3,NATA,7193,85,Medium (1-5L),Northeast,4,1
Excel Institute of Architecture Alappuzha,Alappuzha,Kerala,Private,2011,182.0,A,149,530.0,14.6,502982.0,175827,True,68.9,6.5,42.44,205,872.6,False,True,True,True,True,True,26.7,MHT CET,7712,15,High (>5L),South,5,4
Telangana State Journalism College Nizamabad,Nizamabad,Telangana,Government,1863,189.0,A,160,1486.0,3.4,6105.0,153170,False,62.3,3.42,15.52,493,57.1,False,False,False,True,False,True,37.6,CAT,4987,163,Low (<1L),South,2,4
Autonomous College of Architecture Haldwani,Haldwani,Uttarakhand,Autonomous,1874,220.0,B++,243,796.0,1.6,136765.0,22153,True,42.0,2.26,15.33,593,1813.0,False,True,False,True,True,True,20.8,NEET UG,1239,152,Medium (1-5L),North,4,3
Haryana State Management College Gurugram,Gurugram,Haryana,Government,1933,230.0,B++,144,55.0,32.2,19426.0,178744,True,47.1,2.67,18.49,377,888.6,False,True,False,True,True,True,12.4,BITSAT,1771,93,Low (<1L),North,4,3
Modern Institute of Homeopathy Aizawl,Aizawl,Mizoram,Private,1874,87.0,A,117,1112.0,6.4,1556692.0,34844,True,83.4,29.56,158.36,604,1904.4,True,False,False,True,False,False,24.1,AP EAMCET,7126,152,High (>5L),Northeast,2,4
Excel Institute of Hotel Management Mohali,Mohali,Punjab,Private,1852,108.0,A,167,1243.0,1.1,334094.0,105476,True,57.5,5.48,25.145,387,2098.3,True,True,True,True,True,True,17.6,UPSEE,1368,174,Medium (1-5L),North,6,4
Saraswati College of Hotel Management and Research Sonipat,Sonipat,Haryana,Private,1942,195.0,A,237,803.0,2.5,437427.0,38135,True,79.4,11.46,65.48,284,492.5,False,True,False,False,False,True,21.6,CUET,1991,84,Medium (1-5L),North,2,4
Rajasthan State Social Work College Ajmer,Ajmer,Rajasthan,Government,2013,244.0,B,211,905.0,7.5,59938.0,132663,True,67.9,8.07,32.5,672,7.8,False,True,False,True,False,False,59.3,MHT CET,6822,13,Low (<1L),North,2,1
Meera Autonomous Institute Naharlagun,Naharlagun,Arunachal Pradesh,Autonomous,1896,158.0,A++,143,925.0,7.0,65840.0,138089,True,69.9,3.23,8.72,101,1681.0,True,True,True,False,True,False,61.5,UPSEE,6492,130,Low (<1L),Northeast,4,6
Deemed Institute of Hotel Management Naharlagun,Naharlagun,Arunachal Pradesh,Deemed,1876,401.0,A,236,217.0,5.4,150140.0,162077,True,48.0,2.32,8.59,501,1917.0,True,True,True,True,True,True,83.7,VITEEE,1172,150,Medium (1-5L),Northeast,6,4
Puri Autonomous College of Fine Arts,Puri,Odisha,Autonomous,1890,,A+,165,52.0,147.7,302142.0,76377,True,72.1,4.8,21.8,166,602.7,False,False,False,False,True,False,9.4,CLAT,7681,136,Medium (1-5L),East,1,5
Sonipat Institute of Hotel Management (Deemed),Sonipat,Haryana,Deemed,1959,203.0,A+,57,973.0,7.6,369980.0,56540,True,60.0,4.09,24.35,112,1599.1,True,True,True,True,True,False,13.4,CUET,7373,67,Medium (1-5L),North,5,5
Government Polytechnic Aizawl,Aizawl,Mizoram,Government,1952,218.0,B+,32,971.0,4.1,44529.0,126022,True,71.9,4.05,11.08,135,628.2,True,True,False,False,False,False,42.8,WBJEE,3957,74,Low (<1L),Northeast,2,2
Vasco da Gama College of Nursing,Vasco da Gama,Goa,Private,2019,57.0,B++,96,1294.0,1.3,707148.0,128688,False,66.2,4.43,27.03,17,755.2,True,True,True,True,True,True,68.5,GATE,1727,7,High (>5L),West,6,3
Galgotias Deemed University Tura,Tura,Meghalaya,Deemed,1938,276.0,B+,116,56.0,3.1,141998.0,33641,False,45.3,3.37,23.19,501,725.1,True,True,True,True,True,True,41.8,SRMJEEE,171,88,Medium (1-5L),Northeast,6,2
Mizoram University,Aizawl,Mizoram,Government,2001,196.0,A,192,1419.0,0.2,42022.0,59211,True,41.4,4.79,13.25,412,2427.7,False,False,True,True,False,False,64.2,CUET,300,25,Low (<1L),Northeast,2,4
Prime College of Arts Bareilly,Bareilly,Uttar Pradesh,Private,1929,210.0,B++,135,752.0,2.1,340054.0,71079,False,64.4,6.96,21.92,67,1734.8,True,False,True,False,False,True,80.7,JEE Advanced,1558,97,Medium (1-5L),North,3,3
Tilak Academy of Medical Sciences Karimnagar,Karimnagar,Telangana,Deemed,1933,387.0,B+,110,698.0,10.1,192476.0,87468,True,48.3,3.26,17.63,471,146.3,True,True,True,True,False,False,40.8,Own Entrance,7053,93,Medium (1-5L),South,4,2
Global Academy of Architecture Mohali,Mohali,Punjab,Private,1922,126.0,A+,96,966.0,7.2,471333.0,115286,True,57.6,9.96,35.67,191,889.9,True,False,True,True,True,True,61.4,UPSEE,6953,104,Medium (1-5L),North,5,5
Tilak Foundation Medical Sciences College Dibrugarh,Dibrugarh,Assam,Private,2008,,A++,91,1200.0,2.6,2060423.0,133014,False,90.7,26.99,82.99,257,2316.1,True,True,True,True,True,True,62.4,COMEDK,3175,18,High (>5L),Northeast,6,6
Dhanbad Government Commerce College,Dhanbad,Jharkhand,Government,1976,148.0,A,83,109.0,36.8,52391.0,91689,True,78.0,7.65,37.76,447,707.2,False,True,True,True,True,False,5.4,VITEEE,4012,50,Low (<1L),East,4,4
Mapusa Government Architecture College,Mapusa,Goa,Government,1904,84.0,A,99,1466.0,3.4,46446.0,36573,True,67.8,8.07,32.5,576,414.2,False,False,False,False,False,True,21.5,JEE Advanced,4918,122,Low (<1L),West,1,4
Deemed Institute of Ayurveda Margao,Margao,Goa,Deemed,1869,244.0,B,120,716.0,8.1,493260.0,78459,True,77.6,9.15,36.16,382,2112.9,False,True,True,True,True,True,64.8,CLAT,5830,157,Medium (1-5L),West,5,1
District Veterinary Science College Ajmer,Ajmer,Rajasthan,Government,2023,,B,28,475.0,2.2,26701.0,152102,True,31.9,2.71,7.87,341,1577.9,True,True,True,True,True,True,55.3,CUET,1027,3,Low (<1L),North,6,1
Kalam Deemed University Shillong,Shillong,Meghalaya,Deemed,1877,,A,44,1286.0,0.5,231292.0,152603,True,72.2,4.81,15.05,111,1683.2,False,True,True,False,False,True,72.3,JEE Main,669,149,Medium (1-5L),Northeast,3,4
Gandhinagar College of Architecture,Gandhinagar,Gujarat,Private,1902,,A,114,1340.0,3.4,349733.0,20431,False,45.8,2.25,13.92,32,2119.5,True,False,False,True,False,False,80.2,SRMJEEE,4526,124,Medium (1-5L),West,2,4
Hindustan Institute of Technology,Chennai,Tamil Nadu,Deemed,1985,,A,61,773.5,5.2,208594.0,170123,False,41.5,2.29,12.68,198,1302.5,False,True,True,False,True,True,67.0,HITSEEE,1800,41,Medium (1-5L),South,4,4
Thrissur Government Agriculture College,Thrissur,Kerala,Government,2003,118.0,B++,32,462.0,6.4,61850.0,177457,True,65.3,10.13,53.69,25,542.8,True,False,True,True,False,True,23.3,JEE Main,2970,23,Low (<1L),South,4,3
Deemed Institute of Dental Sciences Kota,Kota,Rajasthan,Deemed,1885,497.0,B+,227,628.0,4.2,293411.0,38223,True,42.0,5.57,21.98,204,1077.8,True,True,True,True,True,True,18.4,State Level,2623,141,Medium (1-5L),North,6,2
Sri Usha Institute of Arts Patna,Patna,Bihar,Private,1964,,A,215,1352.0,5.9,378159.0,66303,True,34.2,5.04,34.75,231,882.7,True,True,True,True,True,True,40.3,MHT CET,7929,62,Medium (1-5L),East,6,4
District Physical Education College Noida,Noida,Uttar Pradesh,Government,2013,235.0,A++,204,628.0,10.1,21710.0,150190,True,71.9,7.13,37.83,128,2138.4,True,True,True,False,True,False,78.8,KCET,6358,13,Low (<1L),North,4,6
Prime College of Ayurveda Bikaner,Bikaner,Rajasthan,Private,1998,,A++,17,769.0,1.6,342079.0,113686,True,59.4,6.18,25.32,306,730.6,False,True,True,False,False,True,54.7,JEE Advanced,1257,28,Medium (1-5L),North,3,6
Margao Government Information Technology College,Margao,Goa,Government,1935,11.0,A+,230,1450.0,3.6,112867.0,91005,False,88.6,25.93,122.1,603,816.9,False,False,True,True,False,True,50.6,JEE Advanced,5245,91,Medium (1-5L),West,3,5
Assam University,Silchar,Assam,Government,1994,,B++,83,1124.0,0.4,35014.0,166980,True,62.4,2.09,6.77,351,1225.9,True,True,True,True,True,True,63.5,CUET,400,32,Low (<1L),Northeast,6,3
Dayanand University Tirunelveli,Tirunelveli,Tamil Nadu,Private,1913,421.0,A,17,388.0,20.5,276414.0,95304,True,28.4,5.48,25.145,563,1631.1,True,True,True,True,True,True,72.2,MHT CET,7971,113,Medium (1-5L),South,6,4
Delhi Institute of Engineering,Delhi,Delhi,Private,1887,71.0,B++,9,788.0,8.9,370850.0,166407,True,79.5,11.63,72.54,512,2296.2,False,True,True,False,True,True,60.0,Own Entrance,7028,139,Medium (1-5L),North,4,3
Modern Institute of Science Darbhanga,Darbhanga,Bihar,Private,1944,351.0,B+,189,1010.0,5.4,357713.0,137996,True,49.8,3.4,13.13,453,963.4,False,False,True,False,False,False,73.4,BITSAT,5408,82,Medium (1-5L),East,1,2
Modern Institute of Education Bhilai,Bhilai,Chhattisgarh,Private,1997,,A++,145,159.0,31.1,486615.0,126016,True,66.7,5.19,11.77,151,669.0,False,True,False,False,False,False,55.1,Own Entrance,4952,29,Medium (1-5L),Central,1,6
State Institute of Education Tirunelveli,Tirunelveli,Tamil Nadu,Government,1889,,B++,83,791.5,4.1,142944.0,37624,True,88.0,14.03,55.32,506,770.2,True,True,True,True,True,False,73.9,NEET UG,2135,137,Medium (1-5L),South,5,3
State Institute of Fine Arts Chandigarh,Chandigarh,Punjab,Government,1979,118.0,A+,88,1103.0,5.9,48597.0,84409,True,82.0,8.07,32.5,649,,False,False,False,False,False,False,23.4,NATA,6546,47,Low (<1L),North,0,5
Government Model College Kullu,Kullu,Himachal Pradesh,Government,2012,,A,57,1321.0,2.4,78068.0,43098,True,89.7,12.16,54.67,326,1230.6,True,True,True,False,True,True,13.5,KCET,3196,14,Low (<1L),North,5,4
Rajiv Gandhi National University of Law,Patiala,Punjab,Government,2006,375.0,A,215,1152.0,0.1,42070.0,149843,False,49.2,2.45,6.3,385,1356.0,True,True,True,True,True,True,64.6,CLAT,80,20,Low (<1L),North,6,4
Prime College of Science Anand,Anand,Gujarat,Private,1992,79.0,A++,176,1271.0,2.4,1964232.0,59213,True,90.6,11.73,65.66,68,2451.8,True,True,True,False,False,True,74.5,VITEEE,3055,34,High (>5L),West,4,6
Modern Institute of Social Work Korba,Korba,Chhattisgarh,Private,2020,,B,49,244.0,32.0,269069.0,105925,True,49.8,3.25,14.52,270,1176.7,False,False,True,False,False,False,24.1,SRMJEEE,7818,6,Medium (1-5L),Central,1,1
Imphal Institute of Social Work,Imphal,Manipur,Private,1954,,A,238,573.0,8.1,474312.0,103261,True,66.1,10.47,43.2,65,672.3,False,False,True,False,True,True,62.2,JEE Advanced,4666,72,Medium (1-5L),Other,3,4
University of Calcutta,Kolkata,West Bengal,Government,1857,158.0,A,212,105.0,38.1,15166.0,92259,True,36.6,5.5,32.05,686,1049.3,True,True,False,False,True,True,65.3,CUET,4000,169,Low (<1L),East,4,4
Babasaheb Institute of Law Kalyani,Kalyani,West Bengal,Private,1916,438.0,B++,128,1247.0,3.7,253520.0,148075,True,60.7,2.47,11.22,175,1629.9,True,False,True,True,False,True,29.0,NATA,4628,110,Medium (1-5L),East,4,3
Acharya Institute of Homeopathy Thanjavur,Thanjavur,Tamil Nadu,Private,1917,,B+,48,149.0,32.4,354173.0,114429,True,42.5,5.48,32.39,317,1908.5,False,False,True,True,True,True,21.5,University Entrance,4833,109,Medium (1-5L),South,4,2
Autonomous College of Hotel Management Mapusa,Mapusa,Goa,Autonomous,1874,476.0,B+,190,1169.0,3.7,130417.0,50538,True,37.8,3.31,15.78,358,301.1,True,True,False,True,True,False,69.1,Own Entrance,4324,152,Medium (1-5L),West,4,2
Government Model College Gwalior,Gwalior,M.P.,Government,1903,385.0,A,66,699.0,10.2,23946.0,87915,True,31.4,5.47,36.14,177,2039.1,False,True,True,True,True,True,79.5,UPSEE,7110,123,Low (<1L),Other,5,4
Government Model College Dibrugarh,Dibrugarh,Assam,Government,1855,56.0,B,25,877.0,6.4,70137.0,112568,True,72.3,7.25,19.23,677,1165.1,True,True,True,True,True,True,69.7,GATE,5584,171,Low (<1L),Northeast,6,1
Nehru University Purnia,Purnia,Bihar,Private,1963,89.0,B++,118,779.0,4.8,1636291.0,109554,True,87.9,29.73,131.94,119,800.8,True,True,True,True,True,False,35.4,KCET,4780,63,High (>5L),East,5,3
Madhya Pradesh State Pharmacy College Jabalpur,Jabalpur,Madhya Pradesh,Government,1917,22.0,B+,240,449.0,2.2,71861.0,101889,True,90.7,14.08,71.67,223,818.5,True,False,False,False,False,True,1.6,JEE Main,1006,109,Low (<1L),Central,2,2
Hamirpur Institute of Applied Sciences,Hamirpur,Himachal Pradesh,Private,1937,363.0,B++,8,1045.0,3.8,137224.0,167306,True,33.1,3.82,22.18,236,1580.7,True,False,False,True,True,True,63.9,State Level,3978,89,Medium (1-5L),North,4,3
State Institute of Ayurveda Ghaziabad,Ghaziabad,Uttar Pradesh,Government,1886,120.0,A,94,970.0,2.4,70856.0,23609,False,75.9,12.63,29.38,320,1611.3,True,True,True,True,True,True,38.7,KCET,2348,140,Low (<1L),North,6,4
Autonomous College of Physical Education Itanagar,Itanagar,Arunachal Pradesh,Autonomous,1863,267.0,A,146,403.0,2.1,48101.0,64072,True,41.7,3.33,6.68,228,1538.4,True,True,True,True,False,False,46.1,University Entrance,846,163,Low (<1L),Northeast,4,4
West Bengal National University of Juridical Sciences,Kolkata,West Bengal,Government,1999,100.0,A+,52,417.0,0.2,88380.0,131770,True,87.0,7.32,29.46,665,1644.0,True,False,False,True,True,True,34.2,CLAT,100,27,Low (<1L),East,4,5
District Engineering College Tirunelveli,Tirunelveli,Tamil Nadu,Government,1916,239.0,B+,197,1416.0,3.2,53621.0,158848,True,77.6,11.95,47.59,581,365.3,True,False,False,True,True,True,59.5,VITEEE,4570,110,Low (<1L),South,4,2
Meera Autonomous Institute Shillong,Shillong,Meghalaya,Autonomous,1943,,B++,222,995.0,3.0,281200.0,44944,True,83.8,7.1,39.19,395,2339.2,False,False,True,True,True,True,8.7,WBJEE,2959,83,Medium (1-5L),Northeast,4,3
Academy of Homeopathy Phagwara,Phagwara,Punjab,Deemed,2010,81.0,B++,92,347.0,15.3,596318.0,174573,True,78.9,9.73,55.03,658,35.0,False,False,True,True,False,False,55.1,NATA,5323,16,High (>5L),North,2,3
Kohima College of Law,Kohima,Nagaland,Private,1983,93.0,A++,118,1163.0,2.4,559443.0,105539,True,68.1,9.33,43.39,478,761.6,True,False,True,True,True,False,12.1,State Level,2811,43,High (>5L),Northeast,4,6
Vivekananda University Kollam,Kollam,Kerala,Private,1922,,B+,114,340.0,17.8,347734.0,177406,True,79.4,7.71,24.0,585,472.0,False,False,False,False,True,True,67.5,MHT CET,6066,104,Medium (1-5L),South,2,2
Deemed Institute of Agriculture Kharagpur,Kharagpur,West Bengal,Deemed,1912,68.0,B,183,93.0,73.6,179289.0,56123,True,53.3,8.02,21.78,444,930.5,True,True,True,False,False,True,59.9,GATE,6841,114,Medium (1-5L),East,4,1
Deemed Institute of Management Junagadh,Junagadh,Gujarat,Deemed,1868,,B+,44,494.0,1.1,374064.0,149254,True,59.2,9.69,38.16,546,2231.4,True,True,False,False,True,False,23.4,University Entrance,529,158,Medium (1-5L),West,3,2
Government Model College Baramulla,Baramulla,Jammu & Kashmir,Government,1967,,A+,72,961.0,5.7,50231.0,34326,True,75.5,7.68,23.9,274,1546.4,True,True,False,True,True,True,49.8,TNEA,5478,59,Low (<1L),North,5,5
Srinivasa Autonomous Institute Indore,Indore,Madhya Pradesh,Autonomous,1960,,A,106,357.0,13.1,37179.0,126907,True,38.7,1.87,8.96,665,296.1,False,True,True,True,True,True,65.2,AP EAMCET,4679,66,Low (<1L),Central,5,4
Nizamabad Applied Sciences Autonomous College,Nizamabad,Telangana,Autonomous,2007,,A,56,1270.0,2.5,114499.0,144394,True,48.6,8.57,46.66,336,297.5,True,False,False,False,False,False,40.0,State Level,3196,19,Medium (1-5L),South,1,4
Jai Prakash Autonomous Institute Ajmer,Ajmer,Rajasthan,Autonomous,1922,340.0,B++,118,1276.0,3.0,59265.0,27544,True,48.8,2.51,14.67,542,1901.1,False,False,False,True,False,False,50.1,JEE Main,3878,104,Low (<1L),North,1,3
Modern Institute of Arts Vasco da Gama,Vasco da Gama,Goa,Private,2022,59.0,B++,116,971.0,1.3,1206982.0,174705,True,60.7,20.3,102.97,59,1163.0,True,False,False,True,False,True,4.3,NEET UG,1291,4,High (>5L),West,3,3
Chandra University Mohali,Mohali,Punjab,Private,1987,218.0,B++,181,679.0,9.8,615055.0,164061,True,66.9,11.44,44.68,102,819.7,False,True,False,False,False,True,50.4,Own Entrance,6652,39,High (>5L),North,2,3
Tilak University Indore,Indore,Madhya Pradesh,Private,2009,,A,43,344.0,16.2,1652393.0,140897,False,84.9,18.4,43.17,629,2157.3,True,True,False,True,True,True,43.9,AP EAMCET,5574,17,High (>5L),Central,5,4
University of Allahabad,Prayagraj,Uttar Pradesh,Government,1887,,A+,176,943.0,2.1,42504.0,104116,True,69.6,7.87,36.69,130,683.1,True,True,True,False,True,True,14.2,CUET,2000,139,Low (<1L),North,5,5
University of Mumbai,Mumbai,Maharashtra,Government,1857,155.0,A++,65,696.0,7.2,45692.0,171023,True,72.3,10.98,58.88,319,2190.9,True,False,True,True,False,True,83.8,Own Entrance,5000,169,Low (<1L),West,4,6
District Fine Arts College Jaipur,Jaipur,Rajasthan,Government,2013,,B,100,752.0,4.1,25202.0,37008,True,43.0,4.36,25.69,301,1064.1,True,True,True,True,False,True,15.5,BITSAT,3079,13,Low (<1L),North,5,1
Aryabhatta College of Education and Research Dimapur,Dimapur,Nagaland,Private,1882,90.0,B,10,500.0,11.0,797977.0,95753,True,63.3,9.59,66.49,12,982.8,True,True,True,False,True,False,39.5,GATE,5484,144,High (>5L),Northeast,4,1
Jammu University,Jammu,Jammu & Kashmir,Government,1969,177.0,A+,66,1254.0,0.8,26123.0,134814,True,81.9,6.4,18.98,510,973.1,True,False,True,False,True,True,67.6,CUET,1000,57,Low (<1L),North,4,5
Academy of Fine Arts Bhilai,Bhilai,Chhattisgarh,Deemed,1899,66.0,A,91,1030.0,1.7,594097.0,54013,True,51.9,8.2,30.09,87,1126.3,True,True,True,True,False,False,20.7,NEET UG,1797,127,High (>5L),Central,4,4
State Institute of Physical Education Ranchi,Ranchi,Jharkhand,Government,1982,,B,150,332.0,4.3,22039.0,146290,True,83.9,5.8,28.66,563,1299.7,True,False,False,True,True,False,69.6,Own Entrance,1432,44,Low (<1L),East,3,1
Jawaharlal Deemed University New Delhi,New Delhi,Delhi,Deemed,1953,166.0,B++,240,1247.0,4.6,158699.0,109959,True,36.6,2.83,11.72,499,1588.8,True,True,False,True,True,False,50.8,JEE Main,5776,73,Medium (1-5L),North,4,3
Kollam Autonomous College of Engineering,Kollam,Kerala,Autonomous,1938,165.0,A+,82,240.0,2.0,239396.0,151775,True,48.1,5.97,31.54,405,871.2,True,False,False,False,False,False,70.4,CAT,482,88,Medium (1-5L),South,1,5
Prime College of Science Bathinda,Bathinda,Punjab,Private,1871,163.0,A,97,794.0,4.6,291148.0,108079,True,43.4,2.55,7.91,142,1727.6,True,True,True,True,True,True,28.1,VITEEE,3629,155,Medium (1-5L),North,6,4
Government College of Homeopathy Delhi,Delhi,Delhi,Government,1973,,B++,185,791.5,4.1,37094.0,80679,True,30.5,4.48,23.09,320,,True,False,True,True,False,False,67.2,VITEEE,5616,53,Low (<1L),North,3,3
Acharya Academy of Fashion Design Hisar,Hisar,Haryana,Deemed,1896,2.0,A+,91,921.0,8.0,366458.0,139531,True,82.0,9.58,33.53,471,1478.6,True,False,True,True,False,False,60.3,GATE,7402,130,Medium (1-5L),North,3,5
Government Polytechnic Bellary,Bellary,Karnataka,Government,1863,,B+,205,206.0,31.9,31575.0,153239,True,87.3,13.86,42.22,491,1977.9,False,True,True,False,False,True,52.7,State Level,6577,163,Low (<1L),South,3,2
Agartala Government Engineering College,Agartala,Tripura,Government,1950,159.0,A+,30,455.0,15.1,57431.0,131451,False,76.8,5.23,17.63,280,2423.2,False,False,False,True,True,False,49.4,GATE,6871,76,Low (<1L),Northeast,2,5
District Education College New Delhi,New Delhi,Delhi,Government,1851,54.0,A,154,279.0,8.7,46446.0,83984,True,91.3,14.32,49.02,393,1322.8,False,False,False,False,True,False,61.3,Own Entrance,2424,175,Low (<1L),North,1,4
Narayana Autonomous Institute Shillong,Shillong,Meghalaya,Autonomous,1984,,B,84,225.0,34.9,128546.0,56581,True,23.9,2.87,19.51,154,2004.1,False,False,True,False,True,False,39.5,GATE,7854,42,Medium (1-5L),Northeast,2,1
Government Commerce College Imphal,Imphal,Manipur,Government,1901,397.0,A,149,114.0,18.0,33180.0,125783,False,71.9,4.27,18.23,545,1187.5,False,True,True,False,False,True,7.2,UPSEE,2055,125,Low (<1L),Other,3,4
Lakshmi Deemed University Shillong,Shillong,Meghalaya,Deemed,1873,,A,98,678.0,3.2,529227.0,88968,True,53.2,5.4,32.56,322,2415.5,True,True,True,True,True,True,37.9,NEET UG,2174,153,High (>5L),Northeast,6,4
Subhas Autonomous Institute Guntur,Guntur,A.P.,Autonomous,1907,491.0,B++,73,1462.0,2.7,131173.0,168839,True,32.4,4.26,27.36,542,2408.2,True,False,False,False,False,False,17.5,TNEA,3990,119,Medium (1-5L),Other,1,3
Srinivasa Autonomous Institute Vijayawada,Vijayawada,Andhra Pradesh,Autonomous,1896,,A,130,561.0,13.7,64282.0,123689,True,51.15,1.82,5.73,123,550.9,True,True,True,False,False,True,41.1,BITSAT,7712,130,Low (<1L),South,4,4
Laxmi Deemed University Nanded,Nanded,Maharashtra,Deemed,1973,84.0,B++,92,333.0,2.9,490516.0,153217,False,62.7,7.51,38.17,61,2443.9,True,True,False,True,True,True,56.7,MHT CET,976,53,Medium (1-5L),West,5,3
Mapusa College of Commerce,Mapusa,Goa,Private,1863,57.0,B,162,1149.0,1.1,513374.0,122858,True,77.9,8.2,30.66,39,1505.5,True,False,True,True,True,False,32.9,State Level,1236,163,High (>5L),West,4,1
Aryabhata Autonomous Institute Vasco da Gama,Vasco da Gama,Goa,Autonomous,1919,,B+,63,1137.0,6.7,63530.0,164002,True,32.0,2.25,10.5,596,4.0,False,True,False,True,False,False,40.4,KCET,7640,107,Low (<1L),West,2,2
Sri Aurobindo Institute of Hotel Management Haridwar,Haridwar,Uttarakhand,Private,1948,80.0,A+,189,785.0,6.7,2284506.0,75485,True,90.5,12.97,26.72,530,1864.2,False,False,True,False,False,True,84.7,MHT CET,5276,78,High (>5L),North,2,5
Sri Aryabhatta Institute of Medical Sciences Dimapur,Dimapur,Nagaland,Private,1958,387.0,B+,217,1166.0,6.2,280245.0,83891,True,37.0,4.46,21.31,602,2068.5,False,True,True,True,False,True,30.8,TS EAMCET,7197,68,Medium (1-5L),Northeast,4,2
Government Model College Nellore,Nellore,Andhra Pradesh,Government,1930,98.0,A,20,972.0,2.8,271208.0,99346,True,93.0,15.2,39.36,278,1620.5,False,False,False,False,False,False,48.1,State Level,2703,96,Medium (1-5L),South,0,4
Prime College of Technology Kohima,Kohima,Nagaland,Private,1852,212.0,A,185,1226.0,3.5,378116.0,77265,True,70.8,12.0,77.91,572,292.2,True,False,True,True,True,True,84.2,JEE Main,4301,174,Medium (1-5L),Northeast,5,4
Sri Usha Institute of Information Technology Dehradun,Dehradun,Uttarakhand,Private,1922,298.0,A,225,1071.0,4.3,212659.0,111133,True,57.6,2.98,18.13,686,844.6,False,False,False,False,True,False,38.2,CAT,4630,104,Medium (1-5L),North,1,4
Government Engineering College Aizawl,Aizawl,Mizoram,Government,1864,124.0,A+,46,1279.0,0.7,64262.0,116868,True,67.3,13.05,90.88,36,1351.7,True,True,True,True,True,True,28.6,UPSEE,916,162,Low (<1L),Northeast,6,5
Jorhat Institute of Fine Arts,Jorhat,Assam,Private,2008,259.0,B+,46,779.0,4.8,378116.0,146637,True,42.5,5.48,25.145,232,1927.7,True,False,False,True,True,True,46.2,UPSEE,6928,18,Medium (1-5L),Northeast,4,2
Government Model College Kalyani,Kalyani,West Bengal,Government,1941,,B+,74,147.0,30.2,8548.0,174077,True,63.5,3.07,21.45,165,382.5,False,True,True,True,False,True,55.4,TNEA,4437,85,Low (<1L),East,4,2
Chanakya Autonomous Institute Shillong,Shillong,Meghalaya,Autonomous,2022,64.0,A+,139,1490.0,2.7,67694.0,161808,True,51.15,6.63,28.55,666,2118.6,True,True,True,True,False,False,14.9,State Level,4095,4,Low (<1L),Northeast,4,5
Raman Foundation Fine Arts College Jodhpur,Jodhpur,Rajasthan,Private,1943,500.0,A,121,421.0,11.9,174327.0,123659,False,36.4,3.36,8.65,448,1247.3,False,False,False,False,False,False,20.9,TS EAMCET,5020,83,Medium (1-5L),North,0,4
Ahmedabad Government Information Technology College,Ahmedabad,Gujarat,Government,1977,77.0,A,116,926.0,1.5,87001.0,92789,True,70.2,9.87,55.46,173,1219.4,False,False,False,False,False,True,56.9,AP EAMCET,1356,49,Low (<1L),West,1,4
District Computer Science College Korba,Korba,Chhattisgarh,Government,1998,149.0,B++,11,793.0,9.4,61327.0,149666,True,72.8,8.43,40.89,360,811.9,False,True,False,False,False,True,55.5,University Entrance,7416,28,Low (<1L),Central,2,3
Institute of Chemical Technology Mumbai,Mumbai,Maharashtra,Deemed,1933,78.0,A++,181,829.0,0.6,245876.0,49840,False,61.2,9.76,32.79,499,2000.1,True,True,True,False,False,False,55.5,MHT CET,500,93,Medium (1-5L),West,3,6
Indian Institute of Technology Goa,Goa,Goa,Government,2016,,A,195,365.0,0.7,34004.0,152324,True,44.9,5.63,23.81,496,1126.3,False,True,True,True,True,True,64.1,JEE Advanced,240,10,Low (<1L),West,5,4
Sapru College of Homeopathy and Research Karaikal,Karaikal,Puducherry,Private,1962,91.0,B+,248,1002.0,0.9,1009896.0,62052,True,85.9,19.59,109.83,57,1953.5,True,True,True,True,True,True,33.8,MHT CET,935,64,High (>5L),South,6,2
Deemed Institute of Management Imphal,Imphal,Manipur,Deemed,1986,,A,160,1264.0,5.7,123261.0,145959,True,39.0,3.67,21.55,638,1874.3,False,False,False,False,False,True,37.5,CAT,7255,40,Medium (1-5L),Other,1,4
Koneru Lakshmaiah Education Foundation,Guntur,Andhra Pradesh,Deemed,1980,89.0,A++,217,1141.0,1.8,480046.0,75882,True,74.2,6.26,15.77,455,1617.1,False,False,False,False,False,False,79.9,KLEEE,2000,46,Medium (1-5L),South,0,6
Global Academy of Fashion Design Meerut,Meerut,Uttar Pradesh,Private,1994,168.0,B++,85,45.0,52.7,760248.0,42660,True,79.7,4.08,12.56,620,1581.5,True,True,False,True,True,True,69.4,JEE Advanced,2373,32,High (>5L),North,5,3
Gandhi Foundation Technology College Dibrugarh,Dibrugarh,Assam,Private,2010,217.0,B++,217,703.0,4.7,417008.0,154993,False,78.3,4.94,14.68,314,2364.8,True,False,True,False,True,False,80.6,VITEEE,3324,16,Medium (1-5L),Northeast,3,3
State Institute of Physical Education Namchi,Namchi,Sikkim,Government,2001,204.0,B,225,99.0,72.7,64259.0,138341,True,82.5,14.55,86.1,268,455.1,False,True,False,True,True,True,4.3,COMEDK,7193,25,Low (<1L),Northeast,4,1
Central University of Rajasthan,Ajmer,Rajasthan,Government,2009,343.0,A,106,935.0,0.6,20152.0,21892,True,49.2,2.75,17.63,265,409.8,False,True,False,True,True,False,62.9,CUET,600,17,Low (<1L),North,3,4
Aizawl Autonomous College of Veterinary Science,Aizawl,Mizoram,Autonomous,1971,,B++,225,1055.0,2.5,233967.0,54323,True,66.4,7.63,39.6,19,2223.0,False,False,True,False,True,False,22.1,KCET,2674,55,Medium (1-5L),Northeast,2,3
State Institute of Social Work Alappuzha,Alappuzha,Kerala,Government,1994,,B+,73,695.0,1.9,28624.0,100102,False,39.3,5.7,12.21,657,965.9,True,False,True,False,False,False,58.6,NATA,1304,32,Low (<1L),South,2,2
Raman University Pantnagar,Pantnagar,Uttarakhand,Private,1881,254.0,A,102,1263.0,5.3,142792.0,92709,True,55.4,3.24,16.05,323,882.6,False,True,False,False,False,True,39.8,JEE Main,6656,145,Medium (1-5L),North,2,4
Bhabha Institute of Engineering Vellore,Vellore,Tamil Nadu,Private,1852,200.0,B++,79,586.0,13.6,591623.0,29468,True,60.7,8.25,53.19,104,318.5,False,True,True,True,True,True,17.0,WBJEE,7957,174,High (>5L),South,5,3
Galgotias Foundation Social Work College Nashik,Nashik,Maharashtra,Private,1955,361.0,B++,242,676.0,11.0,289055.0,172698,True,31.0,4.09,20.39,538,286.7,False,True,True,True,False,True,54.0,SRMJEEE,7405,71,Medium (1-5L),West,4,3
Autonomous College of Medical Sciences Delhi,Delhi,Delhi,Autonomous,1922,174.0,B++,63,1168.0,4.2,111403.0,102062,False,65.2,7.9,43.91,176,1057.6,True,True,True,True,True,True,77.4,TNEA,4852,104,Medium (1-5L),North,6,3
Srinivasa University Nagaon,Nagaon,Assam,Private,1999,282.0,A,210,401.0,14.2,344396.0,82930,False,43.1,3.09,19.67,297,153.6,True,False,False,True,False,True,52.7,Own Entrance,5705,27,Medium (1-5L),Northeast,3,4
Prime College of Nursing Delhi,Delhi,Delhi,Private,1918,,B++,32,525.0,1.0,281082.0,79982,True,30.2,3.9,24.84,672,2490.3,False,False,False,True,True,False,84.9,GATE,524,108,Medium (1-5L),North,2,3
Nehru Institute of Nursing Junagadh,Junagadh,Gujarat,Private,1925,18.0,A++,166,1161.0,5.0,1694264.0,179249,True,96.5,23.75,72.52,113,1218.7,True,False,True,False,False,False,61.4,CLAT,5764,101,High (>5L),West,2,6
Sri Bose Institute of Information Technology Aizawl,Aizawl,Mizoram,Private,1945,,A+,216,645.0,5.1,772621.0,160404,False,62.2,10.42,42.92,320,2106.7,False,True,True,True,False,True,58.8,State Level,3267,81,High (>5L),Northeast,4,5
Government Polytechnic Bangalore,Bangalore,Karnataka,Government,1934,141.0,B+,130,1071.0,0.1,18786.0,53826,True,78.7,11.83,58.05,667,458.2,True,False,True,False,False,False,15.3,AP EAMCET,71,92,Low (<1L),South,2,2
Babasaheb Academy of Dental Sciences Udaipur,Udaipur,Rajasthan,Deemed,1866,81.0,A,144,207.0,36.2,176151.0,118859,False,70.8,7.96,38.96,472,427.5,True,True,True,False,True,False,44.1,JEE Advanced,7497,160,Medium (1-5L),North,4,4
Dibrugarh University,Dibrugarh,Assam,Government,1965,361.0,B++,42,212.0,3.8,20479.0,147118,True,36.3,4.11,8.9,619,2335.0,True,False,True,False,True,False,13.9,Own Entrance,800,61,Low (<1L),Northeast,3,3
Shivaji Autonomous Institute Kolhapur,Kolhapur,Maharashtra,Autonomous,2012,405.0,B+,249,435.0,15.5,122305.0,116543,True,34.4,2.89,11.93,675,324.4,True,False,True,True,True,True,68.6,WBJEE,6722,14,Medium (1-5L),West,5,2
Vijayawada Institute of Veterinary Science (Deemed),Vijayawada,Andhra Pradesh,Deemed,2015,,B+,95,208.0,24.6,259409.0,128904,True,52.3,3.93,17.23,265,2157.9,True,False,True,True,True,False,2.7,TNEA,5110,11,Medium (1-5L),South,4,2
Saraswati College of Fashion Design and Research Raipur,Raipur,Chhattisgarh,Private,1937,28.0,B++,166,1307.0,4.7,2334111.0,54961,True,89.6,25.35,130.89,402,1065.0,True,False,False,True,False,False,2.3,TS EAMCET,6139,89,High (>5L),Central,2,3
Deemed Institute of Education Kota,Kota,Rajasthan,Deemed,1871,204.0,B++,123,497.0,4.7,272378.0,83177,True,42.0,5.51,11.28,603,2274.9,True,True,True,True,True,True,61.2,University Entrance,2348,155,Medium (1-5L),North,6,3
Devi Ahilya Institute of Homeopathy New Delhi,New Delhi,Delhi,Private,1965,93.0,A,202,1180.0,5.8,706991.0,156496,False,80.3,5.8,28.11,169,,True,True,False,False,True,False,83.2,JEE Main,6842,61,High (>5L),North,3,4
Aryabhata University Dharwad,Dharwad,Karnataka,Private,1977,,A++,154,1314.0,3.6,422460.0,30904,False,73.6,4.53,10.2,247,677.2,True,False,True,False,False,True,35.1,KCET,4729,49,Medium (1-5L),South,3,6
Sonipat Institute of Journalism,Sonipat,Haryana,Private,2013,446.0,B+,150,447.0,14.0,251627.0,46146,False,27.7,4.24,12.82,110,1567.7,False,False,False,False,False,False,20.7,BITSAT,6259,13,Medium (1-5L),North,0,2
Government Homeopathy College Bathinda,Bathinda,Punjab,Government,2010,237.0,B++,110,357.0,0.4,40953.0,91630,False,63.8,4.91,21.29,126,,False,False,True,False,False,False,66.8,MHT CET,145,16,Low (<1L),North,1,3
Sri Guru Gobind Singh Institute of Pharmacy Rewa,Rewa,Madhya Pradesh,Private,2005,,B++,227,487.0,12.3,276338.0,147142,False,54.7,2.82,19.3,263,1496.4,True,True,False,False,True,False,66.0,MHT CET,5974,21,Medium (1-5L),Central,3,3
Guru Gobind Singh University Gwalior,Gwalior,Madhya Pradesh,Private,1905,493.0,B,212,282.0,2.5,321079.0,143640,True,35.3,4.73,23.24,145,77.2,False,False,True,False,False,False,51.8,BITSAT,711,121,Medium (1-5L),Central,1,1
Aurobindo Foundation Science College Dimapur,Dimapur,Nagaland,Private,1985,262.0,B,121,823.0,3.5,330367.0,59576,False,36.5,5.36,31.44,87,563.2,True,True,True,False,True,True,12.2,University Entrance,2856,41,Medium (1-5L),Northeast,5,1
Autonomous College of Management Prayagraj,Prayagraj,Uttar Pradesh,Autonomous,1850,154.0,A++,24,1258.0,3.1,56926.0,145357,False,70.9,6.85,28.33,286,889.8,True,True,True,False,True,True,50.3,MHT CET,3936,176,Low (<1L),North,5,6
Bharati Academy of Social Work Prayagraj,Prayagraj,Uttar Pradesh,Deemed,1968,204.0,A,228,440.0,1.2,590022.0,151446,False,53.0,4.83,25.45,497,,False,False,True,False,True,False,84.5,State Level,514,58,High (>5L),North,2,4
Autonomous College of Nursing Agartala,Agartala,Tripura,Autonomous,1913,,B,20,378.0,1.4,72824.0,97369,True,47.0,4.8,21.8,227,1462.9,True,False,False,True,False,False,9.8,SRMJEEE,520,113,Low (<1L),Northeast,2,1
Chandigarh Engineering Autonomous College,Chandigarh,Chandigarh,Autonomous,1968,161.0,B,141,1404.0,2.1,97932.0,133314,False,55.4,8.31,34.77,616,1677.9,True,True,True,True,True,True,50.9,CAT,2883,58,Low (<1L),North,6,1
Government College of Fashion Design Tezpur,Tezpur,Assam,Government,1860,21.0,A++,52,689.0,10.5,80112.0,117920,True,90.2,32.71,140.96,127,2460.2,True,False,True,True,True,True,35.5,CAT,7213,166,Low (<1L),Northeast,5,6
Margao Government Dental Sciences College,Margao,Goa,Government,1995,161.0,B,150,1397.0,3.5,78568.0,113130,False,83.8,12.85,45.26,25,628.7,True,False,True,True,False,True,23.2,CUET,4845,31,Low (<1L),West,4,1
Modern Institute of Physical Education Alappuzha,Alappuzha,Kerala,Private,1984,168.0,A,190,372.0,1.4,253571.0,69558,True,27.7,4.16,21.52,78,2263.2,True,True,True,False,True,True,38.6,University Entrance,516,42,Medium (1-5L),South,5,4
All India Institute of Medical Sciences Delhi,New Delhi,Delhi,Government,1956,172.0,A++,59,71.0,2.8,77835.0,74759,True,85.0,8.33,56.52,204,2405.3,False,False,False,False,True,True,10.9,NEET UG,200,70,Low (<1L),North,2,6
Aligarh Autonomous College of Veterinary Science,Aligarh,Uttar Pradesh,Autonomous,1986,154.0,B+,186,1440.0,3.2,175748.0,79736,True,62.3,6.19,19.62,358,411.0,False,True,True,True,True,True,60.2,Own Entrance,4599,40,Medium (1-5L),North,5,2
Shri Ram Institute of Hotel Management Meerut,Meerut,Uttar Pradesh,Private,1985,450.0,A,9,223.0,33.2,397147.0,25121,False,34.2,4.03,20.29,254,101.8,True,True,True,True,True,True,18.6,GATE,7408,41,Medium (1-5L),North,6,4
Patel Foundation Pharmacy College Silchar,Silchar,Assam,Private,1994,243.0,B++,11,1432.0,4.1,592194.0,62404,True,61.2,11.89,52.32,226,1817.8,False,False,False,True,False,True,31.3,TS EAMCET,5805,32,High (>5L),Northeast,2,3
Amrita University Margao,Margao,Goa,Private,1988,,A,77,1058.0,1.7,378116.0,37364,True,56.3,7.23,39.33,498,,True,True,True,True,True,True,25.5,AP EAMCET,1837,38,Medium (1-5L),West,6,4
Government College of Management Erode,Erode,Tamil Nadu,Government,1900,238.0,B+,184,571.0,13.6,46446.0,65288,True,85.8,11.51,47.39,597,1129.2,True,True,True,True,True,True,21.1,JEE Main,7763,126,Low (<1L),South,6,2
University of Madras,Chennai,Tamil Nadu,Government,1857,,A++,121,1014.0,3.0,15753.0,179379,True,85.3,7.38,36.49,429,1105.8,True,True,True,True,True,True,51.5,Own Entrance,3000,169,Low (<1L),South,6,6
Durgapur Institute of Social Work (Deemed),Durgapur,West Bengal,Deemed,1987,345.0,B+,107,773.5,5.2,113015.0,59831,False,45.6,4.53,20.37,184,1626.7,True,False,False,True,True,False,33.0,CAT,3479,39,Medium (1-5L),East,3,2
Global Academy of Law Purnia,Purnia,Bihar,Private,1872,,B++,50,1366.0,5.4,567054.0,146204,True,63.7,5.42,20.2,524,1779.7,False,False,False,False,False,False,57.0,AP EAMCET,7311,154,High (>5L),East,0,3
Amrita College of Management and Research Bhagalpur,Bhagalpur,Bihar,Private,1914,296.0,B++,183,1328.0,1.4,289581.0,130238,True,40.9,3.61,9.04,12,870.1,True,False,False,False,False,True,56.4,SRMJEEE,1893,112,Medium (1-5L),East,2,3
Panaji Institute of Science (Deemed),Panaji,Goa,Deemed,1917,495.0,B++,166,773.0,6.2,188229.0,112267,True,37.5,5.42,25.95,398,688.0,True,True,True,True,True,True,63.2,JEE Main,4768,109,Medium (1-5L),West,6,3
Bombay College of Pharmacy,Mumbai,Maharashtra,Government,1957,,A+,247,414.0,0.5,38394.0,144926,True,72.2,7.19,35.0,204,1248.5,False,False,True,False,True,True,17.8,MHT CET,200,69,Low (<1L),West,3,5
Patel College of Fine Arts and Research Kakinada,Kakinada,Andhra Pradesh,Private,2022,215.0,B,43,808.0,2.8,728818.0,147253,False,59.6,7.08,22.94,547,829.1,False,True,True,True,True,True,60.4,GATE,2231,4,High (>5L),South,5,1
Global Academy of Physical Education Shillong,Shillong,Meghalaya,Private,1956,46.0,A,23,774.0,8.2,998451.0,163349,True,96.8,26.24,172.13,635,1953.3,False,False,True,False,False,True,22.6,CAT,6357,70,High (>5L),Northeast,2,4
Agartala Government Management College,Agartala,Tripura,Government,1908,168.0,A,241,628.0,1.5,12291.0,115892,True,45.4,3.87,15.61,144,505.4,True,True,True,True,False,True,45.6,AP EAMCET,962,118,Low (<1L),Northeast,5,4
Modern Institute of Commerce Hyderabad,Hyderabad,Telangana,Private,1993,124.0,B++,207,1071.0,6.9,670267.0,50783,True,79.6,4.54,18.59,32,419.0,True,False,False,False,False,True,24.0,WBJEE,7391,33,High (>5L),South,2,3
Raman College of Computer Science and Research Shimoga,Shimoga,Karnataka,Private,1851,169.0,A++,218,318.0,11.1,624803.0,110960,True,72.6,5.51,12.41,32,1605.2,False,False,True,True,False,False,14.4,JEE Main,3529,175,High (>5L),South,2,6
State Institute of Engineering Aizawl,Aizawl,Mizoram,Government,1878,,A+,75,502.0,9.1,136339.0,43324,True,90.1,19.67,66.21,20,246.7,False,True,True,False,False,False,83.3,University Entrance,4552,148,Medium (1-5L),Northeast,2,5
Government Polytechnic Pilani,Pilani,Rajasthan,Government,2019,,B+,41,933.0,7.4,116447.0,144001,True,89.4,18.71,74.44,291,2274.1,False,False,False,True,False,False,45.4,NEET UG,6910,7,Medium (1-5L),North,1,2
Prime College of Hotel Management Shillong,Shillong,Meghalaya,Private,1869,,B++,189,1453.0,5.3,149728.0,43693,True,44.7,5.02,10.92,661,2073.4,True,True,False,True,True,True,67.3,TS EAMCET,7759,157,Medium (1-5L),Northeast,5,3
Indira Institute of Social Work Gwalior,Gwalior,M.P.,Private,1880,,A++,227,1270.0,3.5,523314.0,159795,True,71.5,9.09,31.8,73,618.7,False,False,False,False,False,True,72.5,CLAT,4383,146,High (>5L),Other,1,6
University of Delhi,New Delhi,Delhi,Government,1922,132.0,A++,244,1377.0,5.8,33018.0,21358,True,87.2,14.78,41.23,497,1194.7,True,True,False,False,True,True,17.8,CUET,8000,104,Low (<1L),North,4,6
Dayanand Institute of Fashion Design Sagar,Sagar,Madhya Pradesh,Private,1874,,B,127,822.0,4.1,364020.0,46477,True,41.6,4.71,9.98,610,2172.3,True,True,True,True,True,True,4.1,TNEA,3396,152,Medium (1-5L),Central,6,1
Modern Institute of Information Technology Namchi,Namchi,Sikkim,Private,1946,474.0,B,154,1202.0,0.8,301185.0,84574,True,41.2,5.48,25.145,375,1838.2,False,False,True,False,True,True,55.0,JEE Advanced,961,80,Medium (1-5L),Northeast,3,1
Indian Institute of Management Kozhikode,Kozhikode,Kerala,Government,1996,113.0,A++,155,292.0,1.4,95750.0,135968,True,84.8,5.87,14.69,403,880.1,True,True,False,True,True,True,37.1,CAT,400,30,Low (<1L),South,5,6
Dhanbad Institute of Arts,Dhanbad,Jharkhand,Private,1986,,A,10,832.0,5.8,660103.0,76942,False,77.8,8.33,57.93,359,2113.1,True,False,False,True,True,True,14.6,JEE Advanced,4865,40,High (>5L),East,4,4
Global Academy of Journalism Baramulla,Baramulla,Jammu & Kashmir,Private,2003,140.0,A+,186,1246.0,3.1,636979.0,37573,True,72.5,8.9,59.23,191,2000.2,True,False,False,False,True,False,54.6,NEET UG,3812,23,High (>5L),North,2,5
Bilaspur Institute of Agriculture,Bilaspur,Chhattisgarh,Private,1918,,B+,235,554.0,10.3,348557.0,173929,False,80.7,7.67,38.12,492,278.7,True,True,False,False,True,False,51.8,AP EAMCET,5694,108,Medium (1-5L),Central,3,2
Sri Ramanujan Institute of Agriculture Coimbatore,Coimbatore,Tamil Nadu,Private,1883,,B,174,570.0,0.9,261330.0,135172,True,77.0,9.78,64.37,569,1157.5,True,False,False,True,False,True,66.2,KCET,486,143,Medium (1-5L),South,3,1
Tilak Academy of Commerce Jamshedpur,Jamshedpur,Jharkhand,Deemed,1850,85.0,B++,7,1384.0,5.3,247288.0,52359,True,71.6,5.82,25.11,683,575.9,True,True,True,False,False,True,54.3,CLAT,7382,176,Medium (1-5L),East,4,3
New Delhi College of Veterinary Science,New Delhi,Delhi,Private,2018,184.0,A,16,1425.0,0.5,417555.0,33297,True,57.9,5.48,25.145,192,2171.4,False,True,True,False,True,False,35.0,State Level,663,8,Medium (1-5L),North,3,4
Hyderabad Government Arts College,Hyderabad,Telangana,Government,1871,155.0,A,181,583.0,12.5,46446.0,171512,True,87.0,8.07,32.5,113,1362.9,True,True,True,True,True,False,30.2,WBJEE,7267,155,Low (<1L),South,5,4
District Law College Delhi,Delhi,Delhi,Government,1954,416.0,A,73,1261.0,6.2,36496.0,84126,True,44.4,3.1,15.92,75,1922.6,True,False,True,False,False,True,14.7,COMEDK,7808,72,Low (<1L),North,3,4
Chanakya Foundation Architecture College Vellore,Vellore,Tamil Nadu,Private,1995,234.0,B+,181,1427.0,3.5,133907.0,139559,True,40.9,3.3,9.13,293,748.7,False,True,True,True,True,True,67.7,CUET,5033,31,Medium (1-5L),South,5,2
Tiruchirappalli Institute of Fine Arts (Deemed),Tiruchirappalli,Tamil Nadu,Deemed,1980,119.0,A+,43,263.0,6.2,257896.0,47638,True,73.2,5.12,29.07,594,,False,True,True,True,True,False,59.3,JEE Main,1619,46,Medium (1-5L),South,4,5
Prime College of Veterinary Science Aizawl,Aizawl,Mizoram,Private,2020,11.0,B++,122,1436.0,5.5,1694305.0,52330,False,96.0,22.55,77.84,289,973.2,True,True,True,True,True,True,15.6,SRMJEEE,7848,6,High (>5L),Northeast,6,3
Aizawl Institute of Applied Sciences (Deemed),Aizawl,Mizoram,Deemed,1890,12.0,A,239,1324.0,1.5,309813.0,152187,True,77.4,16.08,63.68,276,2093.7,True,False,False,False,False,False,14.4,TS EAMCET,1952,136,Medium (1-5L),Northeast,1,4
Silchar Institute of Applied Sciences,Silchar,Assam,Private,1985,,A,192,938.0,2.1,611223.0,56028,True,74.9,9.49,24.4,334,18.0,True,True,True,True,True,True,79.7,SRMJEEE,1982,41,High (>5L),Northeast,6,4
New Delhi Institute of Commerce (Deemed),New Delhi,Delhi,Deemed,2004,,A,24,197.0,37.3,303308.0,54004,True,67.0,6.61,17.26,266,2346.0,False,False,False,True,False,False,18.3,State Level,7354,22,Medium (1-5L),North,1,4
State Institute of Fashion Design Bhavnagar,Bhavnagar,Gujarat,Government,1900,257.0,B+,134,539.0,13.5,36862.0,130277,True,59.7,2.57,9.64,107,858.7,True,True,True,True,True,True,24.7,Own Entrance,7279,126,Low (<1L),West,6,2
Babasaheb Institute of Management Tura,Tura,Meghalaya,Private,1877,213.0,B++,157,473.0,1.5,551767.0,27352,True,61.5,5.48,25.145,21,,False,True,False,True,True,False,27.0,CUET,697,149,High (>5L),Northeast,3,3
Varanasi College of Social Work,Varanasi,Uttar Pradesh,Private,1983,,B++,129,539.0,7.1,356730.0,88583,True,77.5,8.43,27.33,404,2216.2,True,False,False,False,True,True,14.2,NEET UG,3827,43,Medium (1-5L),North,3,3
Deemed Institute of Education Chandigarh,Chandigarh,Chandigarh,Deemed,1934,161.0,B++,76,1437.0,3.8,426147.0,60789,True,68.7,8.93,44.19,618,1946.2,True,False,True,True,False,False,21.6,State Level,5507,92,Medium (1-5L),North,3,3
Subhas Institute of Ayurveda Karaikal,Karaikal,Puducherry,Private,1924,,A,15,779.0,4.8,454182.0,111919,True,73.3,5.48,25.145,81,1697.8,False,True,False,False,True,False,43.6,State Level,5390,102,Medium (1-5L),South,2,4
Pantnagar College of Applied Sciences,Pantnagar,Uttarakhand,Private,1854,299.0,A,30,1068.0,4.4,200479.0,102677,True,56.2,2.15,4.87,642,2391.6,True,True,False,False,True,True,17.1,KCET,4747,172,Medium (1-5L),North,4,4
Modern Institute of Information Technology Aurangabad,Aurangabad,Maharashtra,Private,2002,11.0,A,53,1147.0,6.6,1582836.0,70568,True,93.8,18.4,61.34,399,334.4,False,True,False,False,True,True,50.3,UPSEE,7517,24,High (>5L),West,3,4
University of Kerala,Thiruvananthapuram,Kerala,Government,1937,147.0,A++,97,1225.0,1.6,52274.0,175967,True,78.2,10.62,72.55,46,234.6,False,True,False,False,False,False,26.1,Own Entrance,2000,89,Low (<1L),South,1,6
Modern Institute of Social Work Udaipur,Udaipur,Rajasthan,Private,1956,304.0,B+,70,481.0,3.2,221328.0,103775,True,48.2,4.15,20.42,285,2166.4,True,True,True,False,False,False,7.1,VITEEE,1529,70,Medium (1-5L),North,3,2
Gandhi Foundation Dental Sciences College Chandigarh,Chandigarh,Chandigarh,Private,2012,74.0,B++,148,848.0,1.9,1546452.0,58609,True,80.8,20.91,130.22,60,1642.6,True,False,True,True,True,False,9.7,TS EAMCET,1579,14,High (>5L),North,4,3
Rajendra Prasad College of Nursing and Research Silchar,Silchar,Assam,Private,2000,,B++,124,372.0,5.4,557234.0,176231,True,79.1,9.78,37.35,158,1375.9,True,True,True,True,True,True,70.6,CUET,2010,26,High (>5L),Northeast,6,3
Tamil Nadu Agricultural University,Coimbatore,Tamil Nadu,Government,1971,242.0,A+,92,1295.0,0.6,49039.0,69060,True,77.6,7.37,32.11,384,461.4,False,False,True,True,True,True,36.6,TNAU Entrance,800,55,Low (<1L),South,4,5
Guru Gobind Singh College of Fashion Design and Research Aizawl,Aizawl,Mizoram,Private,1937,,B++,172,728.0,2.1,231042.0,177921,True,63.4,5.32,17.55,421,466.5,False,False,True,True,False,False,53.6,TNEA,1540,89,Medium (1-5L),Northeast,2,3
Manipal College of Pharmaceutical Sciences,Manipal,Karnataka,Private,1963,199.0,A+,240,180.0,2.2,614337.0,126286,True,70.8,8.14,46.27,102,1374.9,False,False,False,True,True,True,62.0,MET,400,63,High (>5L),South,3,5
Namchi Institute of Arts (Deemed),Namchi,Sikkim,Deemed,1918,,A,191,619.0,10.0,309813.0,54130,True,37.9,2.83,8.71,203,1047.0,False,False,False,True,True,True,35.3,KCET,6174,108,Medium (1-5L),Northeast,3,4
Nashik Information Technology Autonomous College,Nashik,Maharashtra,Autonomous,1863,52.0,A++,232,1127.0,1.8,153759.0,82575,True,58.0,3.05,6.77,666,221.1,True,True,False,False,True,True,54.2,AP EAMCET,1997,163,Medium (1-5L),West,4,6
Dimapur Autonomous College of Veterinary Science,Dimapur,Nagaland,Autonomous,1958,416.0,A,209,406.0,3.5,123346.0,80540,True,48.6,2.57,13.76,18,2212.1,True,True,False,True,False,False,12.9,KCET,1432,68,Medium (1-5L),Northeast,3,4
State Institute of Medical Sciences Haridwar,Haridwar,Uttarakhand,Government,1899,213.0,B,28,249.0,8.7,25648.0,52028,True,71.9,2.89,7.82,106,1778.8,True,True,False,False,True,True,39.2,SRMJEEE,2171,127,Low (<1L),North,4,1
Deemed Institute of Applied Sciences Bhubaneswar,Bhubaneswar,Odisha,Deemed,1908,372.0,B+,214,390.0,16.8,293198.0,179832,True,35.1,4.87,10.33,150,23.9,True,True,True,False,True,True,14.3,University Entrance,6540,118,Medium (1-5L),East,5,2
Shillong Autonomous College of Physical Education,Shillong,Meghalaya,Autonomous,1896,281.0,B++,182,857.0,0.2,132652.0,114008,True,45.4,4.64,15.39,631,2415.2,False,False,False,False,False,True,4.5,MHT CET,164,130,Medium (1-5L),Northeast,1,3
Sri Rajendra Prasad Institute of Engineering Hazaribagh,Hazaribagh,Jharkhand,Private,1963,323.0,B+,182,87.0,53.7,149060.0,51168,True,50.3,3.52,12.9,693,1975.9,False,True,True,True,True,True,24.4,MHT CET,4676,63,Medium (1-5L),East,5,2
Lucknow Institute of Veterinary Science,Lucknow,Uttar Pradesh,Private,1916,231.0,A+,33,238.0,22.1,383429.0,153536,True,60.5,6.37,24.53,16,1477.3,True,True,True,True,True,True,36.8,Own Entrance,5253,110,Medium (1-5L),North,6,5
Saraswati Foundation Management College Ambala,Ambala,Haryana,Private,2001,350.0,A,85,779.0,4.8,378116.0,152650,True,47.2,3.06,13.69,215,1727.3,False,False,True,False,True,True,68.7,COMEDK,3831,25,Medium (1-5L),North,3,4
Radhakrishnan College of Ayurveda and Research Hamirpur,Hamirpur,Himachal Pradesh,Private,1996,,A,178,411.0,4.4,244067.0,68683,True,34.1,4.35,21.85,301,683.2,False,True,True,True,False,True,35.2,VITEEE,1822,30,Medium (1-5L),North,4,4
Government College of Fine Arts Prayagraj,Prayagraj,Uttar Pradesh,Government,1909,453.0,B++,229,672.0,7.0,14962.0,68583,False,35.3,2.16,12.07,80,2023.9,True,True,True,True,True,True,36.8,JEE Main,4695,117,Low (<1L),North,6,3
Vadodara Government Fine Arts College,Vadodara,Gujarat,Government,1983,73.0,B,121,93.0,8.9,25923.0,45409,True,65.0,13.83,90.47,486,2169.7,True,False,False,True,False,True,8.2,TS EAMCET,829,43,Low (<1L),West,3,1
Academy of Fine Arts Kochi,Kochi,Kerala,Deemed,1882,79.0,A+,140,71.0,67.4,470452.0,75206,False,53.2,6.33,31.0,373,1052.3,False,False,False,False,False,False,73.0,TNEA,4785,144,Medium (1-5L),South,0,5
Modern Institute of Fashion Design Thanjavur,Thanjavur,Tamil Nadu,Private,1883,270.0,A,212,938.0,5.9,150749.0,150520,False,26.7,5.08,22.91,154,690.2,False,False,False,False,False,False,80.9,COMEDK,5521,143,Medium (1-5L),South,0,4
Global Academy of Computer Science Itanagar,Itanagar,Arunachal Pradesh,Private,1904,367.0,B++,107,313.0,17.7,342999.0,83633,True,60.7,2.34,6.18,344,2245.3,True,True,True,True,True,False,69.9,VITEEE,5535,122,Medium (1-5L),Northeast,5,3
Kalyani Institute of Fine Arts (Deemed),Kalyani,West Bengal,Deemed,1983,,B+,109,203.0,25.9,1344340.0,97225,True,86.5,15.43,51.3,153,2200.9,True,True,True,True,False,True,72.2,KCET,5259,43,High (>5L),East,5,2
Academy of Pharmacy Jabalpur,Jabalpur,Madhya Pradesh,Deemed,1957,,A,144,1193.0,4.6,509478.0,91730,True,64.9,4.15,9.25,281,,True,True,False,True,True,True,6.2,VITEEE,5440,69,High (>5L),Central,5,4
New Delhi Institute of Pharmacy,New Delhi,Delhi,Private,1985,106.0,A++,112,806.0,1.4,373151.0,71464,True,62.2,8.05,17.54,585,1987.2,False,True,False,True,True,False,83.3,Own Entrance,1167,41,Medium (1-5L),North,3,6
Kasturba Medical College Manipal,Manipal,Karnataka,Private,1953,,A++,44,779.0,4.8,458421.0,39269,False,57.2,5.23,29.07,408,793.1,False,True,True,True,False,True,10.0,NEET UG,250,73,Medium (1-5L),South,4,6
Bangalore University,Bangalore,Karnataka,Government,1964,135.0,A+,248,1293.0,1.9,26181.0,157315,True,81.3,12.27,84.37,173,947.9,True,True,True,False,True,True,33.0,Own Entrance,2500,62,Low (<1L),South,5,5
Lakshmi College of Education and Research Kharagpur,Kharagpur,West Bengal,Private,1991,450.0,B,55,394.0,6.3,359942.0,134311,True,41.9,3.4,10.08,297,2404.8,False,False,True,False,True,True,9.6,State Level,2471,35,Medium (1-5L),East,3,1
Academy of Homeopathy Bhubaneswar,Bhubaneswar,Odisha,Deemed,2005,91.0,B++,109,66.0,4.1,169961.0,106010,False,72.0,5.67,19.09,72,607.8,True,True,False,True,False,False,28.7,KCET,270,21,Medium (1-5L),East,3,3
Bhabha Foundation Pharmacy College Thane,Thane,Maharashtra,Private,2016,337.0,A,195,1065.0,5.4,396325.0,92755,False,32.3,2.78,7.88,454,2283.9,True,True,False,False,True,False,40.2,CUET,5725,10,Medium (1-5L),West,3,4
Gandhi University Gulbarga,Gulbarga,Karnataka,Private,1879,215.0,B++,55,521.0,8.7,230927.0,51180,True,30.9,3.52,15.76,368,1517.4,False,True,True,True,False,False,46.4,NATA,4529,147,Medium (1-5L),South,3,3
Punjab State Architecture College Jalandhar,Jalandhar,Punjab,Government,1858,237.0,B+,97,261.0,16.6,83482.0,100976,True,78.8,13.79,58.79,67,850.0,False,True,False,False,True,False,13.6,JEE Main,4328,168,Low (<1L),North,2,2
Jain University,Bangalore,Karnataka,Deemed,1990,214.0,A++,48,917.0,3.3,513571.0,173136,True,54.3,7.18,43.36,14,784.4,False,False,True,True,True,False,67.0,SET,3000,36,High (>5L),South,3,6
National Institute of Fashion Technology Delhi,New Delhi,Delhi,Government,1986,199.0,A+,60,556.0,0.7,99245.0,92188,True,74.7,8.76,32.79,487,756.8,True,False,False,False,False,False,44.7,NIFT,400,40,Low (<1L),North,1,5
Padmavati University Khammam,Khammam,Telangana,Private,1879,358.0,A,127,526.0,4.8,102599.0,158362,True,57.5,4.73,17.56,693,,False,False,False,False,True,False,62.9,NATA,2550,147,Medium (1-5L),South,1,4
Jawaharlal Deemed University Kullu,Kullu,Himachal Pradesh,Deemed,1988,315.0,B++,135,865.0,2.3,151680.0,84359,False,49.5,3.42,17.21,336,1548.2,True,False,True,False,True,False,43.3,SRMJEEE,1996,38,Medium (1-5L),North,3,3
Great Lakes Institute of Management,Chennai,Tamil Nadu,Private,2004,439.0,A,205,823.0,0.5,375678.0,85312,True,45.8,4.81,28.74,377,1200.3,True,False,True,True,True,True,66.6,CAT/XAT,400,22,Medium (1-5L),South,5,4
Autonomous College of Physical Education Bardhaman,Bardhaman,West Bengal,Autonomous,1872,115.0,A+,124,815.0,9.6,117413.0,102303,True,57.9,4.8,22.48,416,1933.6,True,True,True,True,False,True,79.3,University Entrance,7791,154,Medium (1-5L),East,5,5
Prime College of Commerce Shillong,Shillong,Meghalaya,Private,2012,,A,250,1158.0,4.9,241165.0,122599,True,52.4,2.78,18.63,596,2336.5,False,False,True,False,False,False,29.6,CAT,5659,14,Medium (1-5L),Northeast,1,4
Academy of Hotel Management Ranchi,Ranchi,Jharkhand,Deemed,1920,46.0,B+,131,193.0,13.9,450778.0,165110,True,77.0,17.95,99.58,44,7.9,False,True,True,True,True,False,82.3,JEE Main,2676,106,Medium (1-5L),East,4,2
District Law College Cuttack,Cuttack,Odisha,Government,2007,239.0,B+,136,506.0,10.8,93737.0,35687,True,82.4,11.39,26.03,113,2007.4,True,False,True,True,True,True,38.2,VITEEE,5444,19,Low (<1L),East,5,2
Government Polytechnic Chandigarh,Chandigarh,Chandigarh,Government,1881,124.0,B++,227,798.0,4.1,15712.0,24663,True,70.2,7.56,39.05,379,1278.2,True,True,True,True,False,False,57.7,MHT CET,3265,145,Low (<1L),North,4,3
Vellore Institute of Fine Arts,Vellore,Tamil Nadu,Private,1864,,B++,55,1033.0,5.1,295706.0,108444,True,57.0,2.09,4.39,116,1941.0,False,True,True,False,False,True,23.0,KCET,5228,162,Medium (1-5L),South,3,3
Autonomous College of Physical Education Ludhiana,Ludhiana,Punjab,Autonomous,1894,169.0,B,28,553.0,3.1,60612.0,95906,True,39.3,4.34,9.16,190,1993.4,True,False,True,False,False,False,8.4,UPSEE,1700,132,Low (<1L),North,2,1
District Commerce College Kannur,Kannur,Kerala,Government,1973,267.0,A,145,897.0,5.6,26853.0,56233,True,58.1,4.62,14.92,519,1347.8,False,True,True,False,True,True,42.4,TS EAMCET,4989,53,Low (<1L),South,4,4
State Institute of Nursing Sonipat,Sonipat,Haryana,Government,1862,427.0,A,31,1133.0,0.1,35656.0,144153,True,52.5,2.05,9.03,512,266.3,True,False,True,True,False,True,30.2,COMEDK,96,164,Low (<1L),North,4,4
Srinivasa Institute of Education Chandigarh,Chandigarh,Chandigarh,Private,1931,224.0,B++,56,1350.0,4.4,378116.0,54990,False,38.3,3.87,7.89,180,2403.9,False,True,True,True,False,True,84.6,TNEA,5978,95,Medium (1-5L),North,4,3
Excel Institute of Hotel Management Khammam,Khammam,Telangana,Private,1991,238.0,A,239,802.0,8.9,391492.0,154943,True,40.3,3.73,18.85,454,32.9,False,False,False,True,False,False,11.2,VITEEE,7147,35,Medium (1-5L),South,1,4
Academy of Dental Sciences Davangere,Davangere,Karnataka,Deemed,1907,93.0,B++,237,1455.0,0.8,485885.0,144621,True,76.0,9.51,27.56,391,397.3,False,True,True,False,True,False,58.7,JEE Main,1134,119,Medium (1-5L),South,3,3
Deemed Institute of Social Work Rewa,Rewa,Madhya Pradesh,Deemed,1963,245.0,B++,39,1156.0,1.1,95596.0,122273,True,51.7,4.47,17.48,277,1306.0,True,True,True,True,True,False,42.3,Own Entrance,1251,63,Low (<1L),Central,5,3
Excel Institute of Information Technology Durg,Durg,Chhattisgarh,Private,1979,194.0,B+,220,611.0,7.8,527461.0,29473,True,69.0,6.95,35.91,154,1689.0,True,True,True,True,True,True,40.8,GATE,4783,47,High (>5L),Central,6,2
Guntur College of Journalism,Guntur,Andhra Pradesh,Private,1930,,A,140,1184.0,6.0,126645.0,34583,True,48.4,3.46,23.92,506,2405.5,False,False,True,False,False,True,68.4,MHT CET,7090,96,Medium (1-5L),South,2,4
Aizawl College of Management,Aizawl,Mizoram,Private,1854,477.0,A,8,1451.0,0.6,339337.0,147390,True,46.0,3.4,16.58,17,1748.5,True,True,True,True,True,True,59.0,NATA,860,172,Medium (1-5L),Northeast,6,4
Saraswati University Itanagar,Itanagar,Arunachal Pradesh,Private,1980,42.0,A,240,1374.0,1.3,660117.0,101622,False,81.2,27.76,187.52,114,1881.9,False,False,False,False,True,False,79.6,COMEDK,1774,46,High (>5L),Northeast,1,4
Tagore College of Law and Research Silchar,Silchar,Assam,Private,2008,40.0,B,118,1342.0,2.4,378116.0,36121,False,88.8,24.43,118.96,477,357.8,True,True,False,False,True,True,14.5,UPSEE,3269,18,Medium (1-5L),Northeast,4,1
Warangal Institute of Pharmacy,Warangal,Telangana,Private,1962,56.0,B,100,342.0,9.0,415120.0,167452,True,74.1,9.32,64.22,469,1350.6,True,False,True,True,False,True,14.7,MHT CET,3088,64,Medium (1-5L),South,4,1
Tilak University Imphal,Imphal,Manipur,Private,1921,369.0,A,81,1452.0,3.3,100347.0,129865,True,44.9,3.5,18.16,377,2234.9,False,True,False,False,False,False,44.7,CLAT,4777,105,Medium (1-5L),Other,1,4
Shri Ram College of Arts and Research Aizawl,Aizawl,Mizoram,Private,1899,18.0,A,61,292.0,9.0,1815986.0,146872,True,88.6,27.94,156.4,51,1071.4,False,False,False,False,False,True,1.9,JEE Advanced,2616,127,High (>5L),Northeast,1,4
Government College of Physical Education Nashik,Nashik,Maharashtra,Government,1873,464.0,A,224,693.0,1.9,45038.0,163896,True,62.8,4.05,15.7,133,39.9,True,True,True,True,True,True,35.7,State Level,1344,153,Low (<1L),West,6,4
Raman Institute of Hotel Management Hazaribagh,Hazaribagh,Jharkhand,Private,1894,185.0,A+,186,1413.0,2.4,489839.0,94201,True,72.4,4.7,12.31,637,1233.7,True,False,False,False,True,False,17.4,JEE Main,3334,132,Medium (1-5L),East,2,5
Subhas University Tirunelveli,Tirunelveli,Tamil Nadu,Private,1953,74.0,A+,142,779.0,4.8,521126.0,156606,True,59.0,10.55,45.02,223,2288.6,True,False,True,False,True,True,58.4,COMEDK,4808,73,High (>5L),South,4,5
Global Academy of Computer Science Aizawl,Aizawl,Mizoram,Private,1904,481.0,B+,87,1027.0,7.3,168199.0,121712,True,51.4,4.69,21.86,59,518.6,True,True,False,True,False,True,6.8,MHT CET,7459,122,Medium (1-5L),Northeast,4,2
Vidyasagar Foundation Applied Sciences College Visakhapatnam,Visakhapatnam,Andhra Pradesh,Private,1984,,A,133,269.0,16.1,356289.0,21120,True,47.7,3.98,16.59,457,530.2,True,True,True,True,True,True,32.2,CUET,4338,42,Medium (1-5L),South,6,4
Autonomous College of Computer Science Sonipat,Sonipat,Haryana,Autonomous,1990,100.0,A,50,773.0,5.0,181562.0,51834,False,88.8,6.04,19.31,126,1912.7,True,True,True,True,False,True,29.4,State Level,621,36,Medium (1-5L),North,5,4
Shri Ram Academy of Physical Education Anantnag,Anantnag,Jammu & Kashmir,Deemed,2001,,B++,209,869.0,8.2,87669.0,43751,True,30.3,5.1,18.93,142,153.9,False,False,False,False,False,False,19.2,COMEDK,7109,25,Low (<1L),North,0,3
Kannur Arts Autonomous College,Kannur,Kerala,Autonomous,2005,,B,150,557.0,11.2,170245.0,77399,True,48.3,5.57,16.8,645,376.1,True,True,True,True,False,False,71.5,AP EAMCET,6241,21,Medium (1-5L),South,4,1
Autonomous College of Dental Sciences Sagar,Sagar,Madhya Pradesh,Autonomous,2014,331.0,B++,105,483.0,4.4,89171.0,90630,True,51.15,4.8,21.8,476,31.6,False,True,True,True,False,False,60.7,CAT,2147,12,Low (<1L),Central,3,3
Government Model College Chennai,Chennai,Tamil Nadu,Government,1919,212.0,B+,24,1357.0,3.5,35913.0,90968,True,73.5,12.81,79.43,70,1554.2,False,False,True,True,False,False,61.0,CUET,4688,107,Low (<1L),South,2,2
Aryabhatta University Dimapur,Dimapur,Nagaland,Private,1889,499.0,B++,202,401.0,4.2,354933.0,85285,False,25.2,5.48,25.145,395,111.6,True,True,True,True,True,True,16.3,NEET UG,1691,137,Medium (1-5L),Northeast,6,3
Prime College of Pharmacy Vijayawada,Vijayawada,Andhra Pradesh,Private,2004,65.0,A,31,362.0,16.5,759078.0,156940,True,70.7,11.47,28.66,18,2494.3,True,True,True,True,True,True,64.9,VITEEE,5987,22,High (>5L),South,6,4
Maharashtra State Physical Education College Mumbai,Mumbai,Maharashtra,Government,1885,202.0,B+,182,1153.0,5.4,34119.0,62767,True,40.8,3.92,12.62,283,1569.5,True,True,True,True,True,False,11.3,VITEEE,6283,141,Low (<1L),West,5,2
Osmania University,Hyderabad,Telangana,Government,1918,219.0,A,33,1065.0,2.8,38880.0,57287,True,46.2,4.58,11.23,194,1947.3,True,False,True,False,True,False,79.8,OUCET,3000,108,Low (<1L),South,3,4
Shimoga Homeopathy Autonomous College,Shimoga,Karnataka,Autonomous,1861,229.0,A,188,197.0,0.4,49956.0,155010,True,36.4,4.35,10.19,131,1591.6,True,True,True,True,False,False,3.4,Own Entrance,88,165,Low (<1L),South,4,4
District Education College Chandigarh,Chandigarh,Chandigarh,Government,1863,233.0,A+,214,890.0,8.8,86363.0,172966,True,69.5,12.93,36.04,129,,False,False,False,False,False,True,27.6,University Entrance,7872,163,Low (<1L),North,1,5
Government Polytechnic Sikar,Sikar,Rajasthan,Government,2009,56.0,B++,210,443.0,5.6,46446.0,166444,False,77.4,10.01,64.25,512,408.0,True,True,True,True,False,False,78.0,TNEA,2491,17,Low (<1L),North,4,3
Margao College of Arts,Margao,Goa,Private,1910,8.0,B+,164,899.0,4.2,510714.0,156606,False,89.8,14.19,89.95,307,955.6,False,False,False,True,False,False,1.1,SRMJEEE,3761,116,High (>5L),West,1,2
Shri Ram College of Law and Research Warangal,Warangal,Telangana,Private,1978,107.0,B++,118,622.0,1.2,635748.0,68662,True,74.3,5.48,25.145,468,1577.8,True,True,True,True,True,True,6.8,TNEA,744,48,High (>5L),South,6,3
Government College of Homeopathy Aurangabad,Aurangabad,Maharashtra,Government,1974,183.0,B++,116,788.0,8.9,23195.0,132871,True,30.5,2.32,6.05,435,590.2,False,False,False,True,False,False,54.1,CAT,7009,52,Low (<1L),West,1,3
Kohima Engineering Autonomous College,Kohima,Nagaland,Autonomous,1974,95.0,A+,108,153.0,9.8,203596.0,55734,True,59.5,7.71,42.95,535,1627.1,False,False,True,True,True,True,80.8,COMEDK,1498,52,Medium (1-5L),Northeast,4,5
Sri Ramanujan Institute of Hotel Management Gangtok,Gangtok,Sikkim,Private,1922,,A,209,50.0,75.2,791690.0,76053,True,71.2,4.52,24.13,108,1451.5,True,False,True,False,True,True,3.8,SRMJEEE,3762,104,High (>5L),Northeast,4,4
Kollam Autonomous College of Technology,Kollam,Kerala,Autonomous,1898,174.0,A+,91,491.0,9.7,184539.0,172805,True,66.2,6.4,13.18,627,1135.6,True,True,True,True,True,True,42.4,NEET UG,4740,128,Medium (1-5L),South,6,5
Jammu & Kashmir State Hotel Management College Baramulla,Baramulla,Jammu & Kashmir,Government,1946,,A++,197,1280.0,5.8,98569.0,115496,True,71.9,13.87,84.63,150,303.7,True,True,True,True,True,True,68.4,GATE,7419,80,Low (<1L),North,6,6
Government Model College Shimla,Shimla,Himachal Pradesh,Government,1979,81.0,B++,139,1207.0,1.8,84049.0,161295,False,76.3,11.82,33.2,414,2220.1,False,True,True,True,True,True,59.1,JEE Advanced,2215,47,Low (<1L),North,5,3
Academy of Social Work Jamshedpur,Jamshedpur,Jharkhand,Deemed,1894,216.0,B+,170,773.5,5.2,395523.0,151198,True,59.4,5.15,16.05,659,1220.5,False,False,True,False,True,True,9.0,WBJEE,7781,132,Medium (1-5L),East,3,2
Srinivasa University Jabalpur,Jabalpur,Madhya Pradesh,Private,1872,150.0,B+,134,1066.0,5.6,710472.0,95687,True,71.8,7.38,23.03,374,587.5,True,True,False,False,False,False,22.6,VITEEE,6000,154,High (>5L),Central,2,2
Vasco da Gama Autonomous College of Nursing,Vasco da Gama,Goa,Autonomous,1859,,B,129,332.0,16.7,101678.0,20320,True,24.1,4.94,10.08,439,522.9,False,True,False,True,True,False,12.3,GATE,5542,167,Medium (1-5L),West,3,1
Rajendra Prasad Institute of Information Technology Bardhaman,Bardhaman,West Bengal,Private,1925,,B,75,713.0,5.4,694185.0,44015,False,63.5,4.78,25.64,388,1885.0,True,False,False,True,True,True,48.1,SRMJEEE,3861,101,High (>5L),East,4,1
Government Polytechnic Gulbarga,Gulbarga,Karnataka,Government,1976,,B+,121,916.0,0.2,47467.0,133856,True,46.6,5.03,22.79,440,346.0,True,False,True,True,True,True,48.8,MHT CET,211,50,Low (<1L),South,5,2
North Eastern Hill University,Shillong,Meghalaya,Government,1973,445.0,A,214,1220.0,0.3,26279.0,146493,True,36.1,5.3,28.87,107,1488.9,True,True,False,False,False,False,26.2,CUET,400,53,Low (<1L),Northeast,2,4
Autonomous College of Education Imphal,Imphal,Manipur,Autonomous,2016,250.0,B++,206,981.0,7.9,123346.0,107630,True,49.2,4.8,21.8,269,2195.7,False,False,False,False,False,False,74.0,NATA,7768,10,Medium (1-5L),Other,0,3
Tilak Autonomous Institute Delhi,Delhi,Delhi,Autonomous,1965,214.0,B,151,1318.0,3.7,155606.0,176722,True,66.2,6.74,34.57,394,2174.2,False,True,True,True,True,True,56.2,MHT CET,4835,61,Medium (1-5L),North,5,1
Government Veterinary Science College Deoghar,Deoghar,Jharkhand,Government,1906,153.0,B++,183,984.0,7.3,39350.0,61737,False,34.3,4.25,9.01,135,530.6,False,False,False,True,False,False,82.5,UPSEE,7183,120,Low (<1L),East,1,3
Narayana Foundation Pharmacy College Aizawl,Aizawl,Mizoram,Private,1892,395.0,A,69,753.0,7.4,116053.0,94049,True,33.8,4.57,16.84,177,1395.9,True,True,True,True,True,True,31.8,WBJEE,5568,134,Medium (1-5L),Northeast,6,4
Government College of Engineering Imphal,Imphal,Manipur,Government,2010,,A,216,1038.0,0.6,39643.0,87677,True,52.1,3.12,7.18,276,1935.1,False,False,False,False,True,True,51.6,NEET UG,612,16,Low (<1L),Other,2,4
Government College of Pharmacy Gwalior,Gwalior,Madhya Pradesh,Government,2004,,A,238,1032.0,4.3,46446.0,173434,True,32.6,3.49,12.4,692,2262.9,False,False,True,False,False,True,12.3,Own Entrance,4393,22,Low (<1L),Central,2,4
Government Model College Naharlagun,Naharlagun,Arunachal Pradesh,Government,1999,,B,132,406.0,13.4,10069.0,24776,True,36.8,4.1,17.2,508,2184.4,True,True,True,True,True,False,80.7,BITSAT,5458,27,Low (<1L),Northeast,5,1
Excel Institute of Veterinary Science Nanded,Nanded,Maharashtra,Private,1982,,B++,181,1358.0,5.0,1852098.0,107552,True,94.3,27.15,132.92,446,474.3,True,True,True,True,True,True,2.0,CAT,6758,44,High (>5L),West,6,3
Radhakrishnan College of Hotel Management and Research Vasco da Gama,Vasco da Gama,Goa,Private,1945,378.0,A,7,1359.0,5.8,174322.0,82366,True,47.7,2.76,12.9,446,124.3,False,True,True,True,True,True,8.4,SRMJEEE,7861,81,Medium (1-5L),West,5,4
Andhra Pradesh State Agriculture College Guntur,Guntur,Andhra Pradesh,Government,2013,,B,248,472.0,12.7,35715.0,23897,False,32.6,4.47,30.1,611,1871.1,True,True,False,True,True,False,22.5,KCET,5993,13,Low (<1L),South,4,1
Government Model College Imphal,Imphal,Manipur,Government,1963,203.0,B++,245,1014.0,4.5,24044.0,132187,True,36.6,2.28,14.15,386,449.9,False,True,True,False,True,True,84.9,NATA,4597,63,Low (<1L),Other,4,3
Surat Autonomous College of Science,Surat,Gujarat,Autonomous,2022,250.0,B++,238,1152.0,1.8,245352.0,91949,True,50.7,6.62,17.8,277,23.3,True,False,True,False,True,True,26.2,TNEA,2108,4,Medium (1-5L),West,4,3
Rourkela College of Technology,Rourkela,Odisha,Private,1928,,B+,50,605.0,2.6,290000.0,115102,True,33.6,3.72,8.42,613,850.2,True,True,True,True,True,False,21.2,JEE Main,1553,98,Medium (1-5L),East,5,2
Academy of Homeopathy Pantnagar,Pantnagar,Uttarakhand,Deemed,1922,,A,26,163.0,29.6,117216.0,93930,True,36.9,2.54,10.71,207,1326.8,False,True,True,False,False,False,59.5,COMEDK,4819,104,Medium (1-5L),North,2,4
Government Hotel Management College Srinagar,Srinagar,Jammu & Kashmir,Government,1929,,A++,246,60.0,15.6,275591.0,132430,False,88.2,29.4,166.72,353,1835.5,False,False,True,True,True,False,22.2,TNEA,938,97,Medium (1-5L),North,3,6
Jawaharlal Institute of Architecture Bareilly,Bareilly,Uttar Pradesh,Private,2004,478.0,A,151,1495.0,2.5,213284.0,47443,True,42.4,2.76,9.04,26,34.5,True,False,True,True,True,False,25.0,KCET,3687,22,Medium (1-5L),North,4,4
Devi Ahilya University Karaikal,Karaikal,Puducherry,Private,1894,,B,146,892.0,4.1,269072.0,171563,True,29.6,4.69,15.24,214,754.1,False,True,True,True,False,False,8.2,UPSEE,3630,132,Medium (1-5L),South,3,1
Ramanujan University Rohtak,Rohtak,Haryana,Private,2021,184.0,B+,35,721.0,9.8,249446.0,37054,True,60.7,4.62,26.21,486,782.9,False,True,True,True,True,True,18.1,TS EAMCET,7069,5,Medium (1-5L),North,5,2
Government College of Pharmacy Vasco da Gama,Vasco da Gama,Goa,Government,1891,206.0,B+,182,1019.0,1.0,34943.0,97099,True,69.2,12.62,53.76,682,1185.9,True,True,False,False,False,False,34.7,CLAT,1030,135,Low (<1L),West,2,2
Sikar Government Law College,Sikar,Rajasthan,Government,1904,50.0,B,203,1025.0,6.8,163793.0,161410,True,92.7,28.49,127.66,356,2303.6,True,True,False,True,True,True,54.8,KCET,7015,122,Medium (1-5L),North,5,1
Agartala Fashion Design Autonomous College,Agartala,Tripura,Autonomous,1877,440.0,A,102,238.0,5.7,131865.0,150809,False,23.3,4.8,21.8,66,924.0,True,False,True,True,True,False,47.7,SRMJEEE,1365,149,Medium (1-5L),Northeast,4,4
Global Academy of Architecture Imphal,Imphal,Manipur,Private,1897,,A,110,59.0,76.3,237843.0,160590,False,64.3,6.34,17.2,349,2391.3,False,False,True,True,True,False,82.0,AP EAMCET,4503,129,Medium (1-5L),Other,3,4
Prime College of Commerce Agartala,Agartala,Tripura,Private,1990,,B++,102,1167.0,2.9,288073.0,162737,True,47.3,3.52,11.72,596,947.0,True,True,True,False,False,False,35.2,CAT,3387,36,Medium (1-5L),Northeast,3,3
Government Medical Sciences College Itanagar,Itanagar,Arunachal Pradesh,Government,2007,18.0,A,207,377.0,16.0,240387.0,163671,False,95.9,24.67,113.08,247,1669.4,True,True,True,True,True,True,31.5,WBJEE,6020,19,Medium (1-5L),Northeast,6,4
Prime College of Education Imphal,Imphal,Manipur,Private,1880,295.0,B,128,548.0,3.4,334554.0,58898,True,53.1,4.58,27.76,620,1175.9,False,False,True,True,False,True,4.2,CAT,1836,146,Medium (1-5L),Other,3,1
Meera University Sonipat,Sonipat,Haryana,Private,1924,90.0,B,95,50.0,143.8,2203588.0,106690,True,80.3,15.72,95.54,52,1399.0,True,False,False,False,True,False,18.7,CAT,7190,102,High (>5L),North,2,1
Naharlagun Government Fine Arts College,Naharlagun,Arunachal Pradesh,Government,1905,379.0,A,180,1301.0,5.9,12631.0,152576,True,63.7,5.13,34.9,384,880.7,True,False,True,True,False,False,23.9,CAT,7640,121,Low (<1L),Northeast,3,4
Christ University,Bangalore,Karnataka,Deemed,1969,74.0,A++,12,396.0,8.8,280138.0,113255,True,61.1,3.82,13.35,424,2136.8,True,True,True,False,True,True,47.7,CUET,3500,57,Medium (1-5L),South,5,6
Gandhi College of Science and Research Dimapur,Dimapur,Nagaland,Private,1858,159.0,A,55,779.0,4.8,378116.0,26043,True,66.0,6.82,37.48,48,1473.0,False,True,True,True,True,True,33.4,MHT CET,7087,168,Medium (1-5L),Northeast,5,4
Nizamabad Autonomous College of Fine Arts,Nizamabad,Telangana,Autonomous,1945,478.0,B,126,264.0,25.8,146653.0,20239,True,22.3,4.68,16.19,363,1968.1,True,False,False,False,True,False,45.6,JEE Advanced,6817,81,Medium (1-5L),South,2,1
Jharkhand State Engineering College Bokaro,Bokaro,Jharkhand,Government,1894,289.0,B,40,963.0,3.9,43981.0,99318,True,60.0,4.65,18.32,618,1066.6,False,False,True,False,False,True,83.8,CUET,3774,132,Low (<1L),East,2,1
Prime College of Management Shimla,Shimla,Himachal Pradesh,Private,1935,24.0,B++,236,1179.0,5.1,588578.0,85306,True,81.2,10.42,37.31,579,399.5,False,False,False,False,False,False,45.0,State Level,5993,91,High (>5L),North,0,3
Sri Babasaheb Institute of Computer Science Chandigarh,Chandigarh,Chandigarh,Private,1916,,A+,135,543.0,9.3,680278.0,170767,True,85.5,17.3,75.71,428,222.8,True,False,True,True,True,False,55.9,TNEA,5042,110,High (>5L),North,4,5
Government Model College Visakhapatnam,Visakhapatnam,Andhra Pradesh,Government,1930,,B++,22,899.0,2.1,56510.0,42174,True,81.3,7.5,27.5,477,2323.2,False,True,True,False,False,True,73.6,VITEEE,1857,96,Low (<1L),South,3,3
Government Management College Jodhpur,Jodhpur,Rajasthan,Government,1915,,A,199,262.0,22.6,31096.0,94660,True,48.8,3.14,15.23,132,988.5,False,False,True,False,True,False,75.4,University Entrance,5917,111,Low (<1L),North,2,4
Prime College of Dental Sciences Baramulla,Baramulla,Jammu & Kashmir,Private,1861,144.0,B++,203,1148.0,1.0,378116.0,154512,True,80.9,10.03,35.67,159,370.2,False,False,False,False,False,True,26.9,JEE Advanced,1105,165,Medium (1-5L),North,1,3
Prime College of Social Work Dimapur,Dimapur,Nagaland,Private,1912,186.0,A,104,496.0,0.3,310412.0,96194,True,65.1,8.56,53.66,483,1673.5,True,True,True,False,True,True,30.3,COMEDK,125,114,Medium (1-5L),Northeast,5,4
Kohima Institute of Agriculture,Kohima,Nagaland,Private,1898,150.0,B++,240,553.0,10.8,378116.0,169107,False,55.4,5.22,32.87,189,876.6,False,True,True,True,True,True,17.9,GATE,5998,128,Medium (1-5L),Northeast,5,3
Deemed Institute of Veterinary Science Anantnag,Anantnag,Jammu & Kashmir,Deemed,1968,97.0,A++,198,971.0,6.7,173728.0,41834,False,59.1,8.08,28.84,696,1126.0,False,True,True,True,False,True,68.9,CLAT,6500,58,Medium (1-5L),North,4,6
Dimapur College of Nursing,Dimapur,Nagaland,Private,1934,32.0,B++,58,1370.0,4.7,681218.0,24719,False,82.3,28.72,101.27,548,2151.2,False,False,True,False,True,True,27.9,UPSEE,6460,92,High (>5L),Northeast,3,3
Prime College of Hotel Management Indore,Indore,M.P.,Private,1931,,B++,72,872.0,1.5,177325.0,150926,True,53.5,2.4,16.44,543,1806.3,True,True,True,True,True,True,84.0,JEE Main,1292,95,Medium (1-5L),Other,6,3
Aizawl College of Ayurveda,Aizawl,Mizoram,Private,1854,28.0,A+,103,95.0,82.0,1591057.0,73262,True,86.5,17.96,90.47,167,1712.9,False,False,True,True,True,False,7.1,JEE Advanced,7792,172,High (>5L),Northeast,3,5
Alappuzha Government Law College,Alappuzha,Kerala,Government,2015,62.0,A,83,434.0,4.2,69947.0,46130,True,67.5,13.28,29.99,401,1315.5,True,True,True,False,False,True,9.3,University Entrance,1812,11,Low (<1L),South,4,4
Academy of Medical Sciences Chandigarh,Chandigarh,Chandigarh,Deemed,1990,186.0,B+,34,1366.0,0.3,309813.0,24042,False,48.1,3.78,22.87,283,291.8,True,True,True,True,True,True,44.9,TNEA,378,36,Medium (1-5L),North,6,2
Deemed Institute of Pharmacy Bokaro,Bokaro,Jharkhand,Deemed,1892,,A++,217,773.5,5.2,191223.0,98136,False,73.5,4.62,23.77,318,1845.4,False,False,True,True,False,True,2.8,CUET,1825,134,Medium (1-5L),East,3,6
Vivekananda Academy of Engineering Chandigarh,Chandigarh,Chandigarh,Deemed,1997,,A,201,986.0,4.8,273406.0,70750,False,29.4,6.0,13.93,288,1004.7,True,True,True,True,True,True,83.1,UPSEE,4738,29,Medium (1-5L),North,6,4
Deemed Institute of Dental Sciences Sagar,Sagar,Madhya Pradesh,Deemed,1985,95.0,B,124,209.0,9.4,321553.0,118347,False,53.5,5.24,26.42,578,1005.4,False,False,False,True,True,True,9.3,Own Entrance,1960,41,Medium (1-5L),Central,3,1
Chanakya College of Commerce and Research Naharlagun,Naharlagun,Arunachal Pradesh,Private,1972,,A,75,1040.0,7.1,545771.0,177207,False,72.0,11.39,62.65,560,1771.9,True,True,True,True,True,True,82.1,TNEA,7410,54,High (>5L),Northeast,6,4
Imphal College of Commerce,Imphal,Manipur,Private,2017,20.0,B+,147,967.0,3.9,927004.0,80339,True,91.7,20.59,50.82,157,,True,True,True,True,True,True,17.2,JEE Advanced,3819,9,High (>5L),Other,6,2
Srinagar College of Science,Srinagar,Jammu & Kashmir,Private,1908,178.0,B++,37,1366.0,3.3,307033.0,74300,True,38.9,2.87,19.74,112,1287.6,True,False,True,True,False,True,22.8,Own Entrance,4465,118,Medium (1-5L),North,4,3
Gurugram Homeopathy Autonomous College,Gurugram,Haryana,Autonomous,1895,,B++,33,1177.0,0.6,71615.0,62298,True,71.9,4.3,25.76,384,1086.9,False,True,True,False,True,False,7.3,SRMJEEE,688,131,Low (<1L),North,3,3
Mahatma Gandhi Foundation Nursing College Agartala,Agartala,Tripura,Private,2006,,A++,165,1205.0,3.5,798301.0,127157,True,80.5,6.6,21.45,493,1711.5,False,True,True,True,True,True,81.0,Own Entrance,4183,20,High (>5L),Northeast,5,6
Panaji Institute of Physical Education (Deemed),Panaji,Goa,Deemed,1966,,A+,208,638.0,0.9,563825.0,124337,False,81.6,11.98,75.13,564,1509.9,True,True,True,True,True,True,43.0,COMEDK,564,60,High (>5L),West,6,5
BITS Pilani,Pilani,Rajasthan,Private,1964,86.0,A++,155,162.0,7.4,1405710.0,45313,True,93.4,17.45,46.25,585,1405.1,True,False,False,True,False,True,57.3,BITSAT,1200,62,High (>5L),North,3,6
Namchi College of Hotel Management,Namchi,Sikkim,Private,1946,282.0,B++,226,45.0,128.2,254409.0,70771,True,37.5,4.9,23.16,617,1300.4,False,False,False,True,False,True,51.7,BITSAT,5770,80,Medium (1-5L),Northeast,2,3
Lakshmi Academy of Law Nainital,Nainital,Uttarakhand,Deemed,1909,99.0,A+,33,121.0,44.1,529784.0,32721,False,67.4,4.29,24.62,544,532.5,False,False,False,True,False,True,14.1,GATE,5342,117,High (>5L),North,2,5
Ujjain Institute of Engineering (Deemed),Ujjain,Madhya Pradesh,Deemed,1970,441.0,B++,30,1121.0,1.6,200883.0,95175,True,33.7,4.8,14.27,532,493.0,True,True,True,True,True,True,21.1,COMEDK,1844,56,Medium (1-5L),Central,6,3
Sri Guru Gobind Singh Institute of Computer Science Lucknow,Lucknow,Uttar Pradesh,Private,1917,,A+,203,687.0,7.8,456213.0,115823,True,77.0,8.48,45.36,444,301.6,True,True,True,True,True,True,70.9,CLAT,5358,109,Medium (1-5L),North,6,5
Roorkee Institute of Hotel Management,Roorkee,Uttarakhand,Private,1947,278.0,B++,21,700.0,8.3,173497.0,28638,True,47.0,5.42,30.16,418,871.5,True,True,True,True,True,False,12.1,MHT CET,5843,79,Medium (1-5L),North,5,3
Government Polytechnic Howrah,Howrah,West Bengal,Government,2009,60.0,A,66,146.0,32.7,26192.0,137236,False,74.2,11.0,33.47,574,199.7,True,True,False,False,True,False,37.5,UPSEE,4767,17,Low (<1L),East,3,4
National Institute of Technology Durgapur,Durgapur,West Bengal,Government,1960,,A,20,1311.0,0.6,34014.0,97949,True,60.1,5.96,21.02,634,2400.4,False,True,True,True,True,False,9.3,JEE Main,800,66,Low (<1L),East,4,4
Hamirpur College of Social Work,Hamirpur,Himachal Pradesh,Private,1860,357.0,B,6,1244.0,6.1,148741.0,107363,True,33.9,2.18,5.11,119,2228.7,True,True,True,True,True,True,4.6,KCET,7587,166,Medium (1-5L),North,6,1
Usha Institute of Technology Imphal,Imphal,Manipur,Private,1904,6.0,A+,232,1284.0,1.8,939320.0,132671,True,97.6,10.75,60.48,315,439.8,True,True,True,True,True,True,62.2,TNEA,2291,122,High (>5L),Other,6,5
State Institute of Journalism Guwahati,Guwahati,Assam,Government,1888,363.0,B,59,840.0,9.4,12160.0,164911,True,44.4,3.48,21.71,315,815.9,True,True,True,True,True,True,81.7,AP EAMCET,7860,138,Low (<1L),Northeast,6,1
Loyola College Chennai,Chennai,Tamil Nadu,Autonomous,1925,,A++,195,718.0,4.2,210269.0,77906,True,64.2,3.62,16.22,89,596.5,False,False,False,False,False,False,83.5,Own Entrance,3000,101,Medium (1-5L),South,0,6
Darbhanga Government Commerce College,Darbhanga,Bihar,Government,1998,105.0,A,27,499.0,12.4,96685.0,82794,False,77.6,6.48,26.98,254,1372.9,False,False,False,False,True,False,58.8,TS EAMCET,6192,28,Low (<1L),East,1,4
Narayana Foundation Medical Sciences College Prayagraj,Prayagraj,Uttar Pradesh,Private,2014,,B,46,593.0,4.8,292525.0,21942,True,45.3,5.16,29.14,547,1603.4,False,True,True,False,False,False,37.6,JEE Main,2867,12,Medium (1-5L),North,2,1
Raipur Autonomous College of Nursing,Raipur,Chhattisgarh,Autonomous,1973,78.0,A,58,980.0,7.8,53413.0,179615,True,65.8,8.02,54.51,487,1801.2,True,True,True,True,True,False,15.3,Own Entrance,7613,53,Low (<1L),Central,5,4
Ajmer College of Commerce,Ajmer,Rajasthan,Private,1958,160.0,B+,138,372.0,9.3,572497.0,114208,True,74.8,10.32,64.96,277,48.2,True,False,True,True,True,True,18.1,TNEA,3469,68,High (>5L),North,5,2
Government College of Applied Sciences Bilaspur,Bilaspur,Chhattisgarh,Government,1866,193.0,A,167,1467.0,0.8,88281.0,112055,True,67.5,5.38,14.33,14,751.1,False,False,False,True,True,False,29.9,TS EAMCET,1188,160,Low (<1L),Central,2,4
Academy of Law Karnal,Karnal,Haryana,Deemed,1953,,A,55,348.0,18.6,178964.0,84121,False,32.0,4.15,22.29,237,928.2,True,True,True,True,True,True,58.1,SRMJEEE,6456,73,Medium (1-5L),North,6,4
Dayananda Sagar College of Engineering,Bangalore,Karnataka,Autonomous,1979,79.0,A+,159,781.0,1.9,70208.0,154883,True,64.3,4.27,12.53,131,1653.5,True,True,True,False,True,True,35.8,KCET,1500,47,Low (<1L),South,5,5
Sambalpur University,Sambalpur,Odisha,Government,1967,,B+,90,835.0,0.6,21864.0,62458,True,57.3,3.11,7.19,71,647.1,False,False,False,False,True,True,69.3,Own Entrance,500,59,Low (<1L),East,2,2
Indira Foundation Architecture College Noida,Noida,Uttar Pradesh,Private,1988,171.0,A+,144,1288.0,3.3,218739.0,126816,False,55.4,6.66,34.79,200,1766.8,False,False,False,False,False,False,47.1,MHT CET,4306,38,Medium (1-5L),North,0,5
Bihar State Ayurveda College Muzaffarpur,Muzaffarpur,Bihar,Government,1979,247.0,A+,248,831.0,5.6,63395.0,115893,False,65.6,11.46,52.65,582,812.3,True,True,False,True,True,True,52.2,CUET,4646,47,Low (<1L),East,5,5
Kamla Nehru Academy of Law Namchi,Namchi,Sikkim,Deemed,2005,,B,53,174.0,25.3,228213.0,117805,True,56.9,9.79,48.31,546,808.0,False,False,False,False,False,False,26.9,BITSAT,4400,21,Medium (1-5L),Northeast,0,1
Guru Nanak Dev University,Amritsar,Punjab,Government,1969,232.0,A++,219,1329.0,1.1,26287.0,131795,False,74.0,12.05,77.8,466,1541.6,True,True,True,False,True,True,27.2,Own Entrance,1500,57,Low (<1L),North,5,6
Government Polytechnic Nellore,Nellore,Andhra Pradesh,Government,1865,,A,86,60.0,23.7,11939.0,36461,False,42.4,2.92,10.69,106,678.7,True,True,False,True,True,False,61.5,GATE,1421,161,Low (<1L),South,4,4
Chanakya Autonomous Institute Jorhat,Jorhat,Assam,Autonomous,1944,,B++,234,372.0,20.1,121968.0,61130,False,49.9,2.21,8.7,249,970.5,False,True,True,True,False,False,5.4,TS EAMCET,7464,82,Medium (1-5L),Northeast,3,3
Mahatma Gandhi Institute of Arts Tezpur,Tezpur,Assam,Private,1984,,B++,118,224.0,13.4,239414.0,56610,True,37.3,3.72,21.29,510,1885.8,False,False,True,False,False,False,79.5,UPSEE,3001,42,Medium (1-5L),Northeast,1,3
Global Academy of Hotel Management Kohima,Kohima,Nagaland,Private,1954,224.0,B++,158,926.0,7.8,182462.0,83265,False,44.8,3.01,17.66,41,1044.5,True,True,True,True,True,True,48.2,State Level,7202,72,Medium (1-5L),Northeast,6,3
NALSAR Hyderabad,Hyderabad,Telangana,Government,1998,152.0,A++,170,380.0,0.3,92833.0,42277,True,67.5,7.48,39.82,637,112.7,True,True,False,True,True,False,83.6,CLAT,100,28,Low (<1L),South,4,6
District Hotel Management College Kurukshetra,Kurukshetra,Haryana,Government,1967,266.0,A,96,1495.0,1.7,46446.0,50916,False,53.4,2.73,9.38,632,2062.7,False,True,True,True,True,True,63.4,TNEA,2581,59,Low (<1L),North,5,4
Government Polytechnic Korba,Korba,Chhattisgarh,Government,1992,,A,191,366.0,1.1,78596.0,70219,True,91.9,20.89,67.6,700,1306.5,True,False,True,True,True,False,20.7,CLAT,394,34,Low (<1L),Central,4,4
Jammu & Kashmir State Education College Baramulla,Baramulla,Jammu & Kashmir,Government,1945,340.0,B+,220,577.0,1.8,20191.0,70798,True,30.2,3.63,19.93,529,1140.0,True,True,True,True,True,True,32.0,State Level,1063,81,Low (<1L),North,6,2
JIPMER Puducherry,Puducherry,Puducherry,Government,1823,216.0,A++,102,1310.0,0.2,29021.0,55517,False,72.0,14.49,53.05,347,1101.7,False,True,True,True,True,True,37.2,NEET UG,200,203,Low (<1L),South,5,6
Autonomous College of Education Durg,Durg,Chhattisgarh,Autonomous,1968,387.0,B,196,1068.0,1.9,136852.0,138018,True,23.3,2.43,6.89,605,531.3,False,False,True,False,False,True,71.8,CUET,2068,58,Medium (1-5L),Central,2,1
Prime College of Medical Sciences Karnal,Karnal,Haryana,Private,1934,146.0,A+,22,1240.0,1.3,378116.0,67628,True,61.3,5.16,14.41,370,2105.7,True,False,False,True,False,True,66.1,KCET,1603,92,Medium (1-5L),North,3,5
Government Polytechnic Dharamsala,Dharamsala,Himachal Pradesh,Government,2003,196.0,A,224,479.0,4.7,46446.0,84283,True,48.0,3.13,15.53,508,446.5,False,True,False,True,True,False,31.9,SRMJEEE,2232,23,Low (<1L),North,3,4
Tilak College of Technology and Research Chandigarh,Chandigarh,Chandigarh,Private,1996,494.0,B,15,751.0,4.3,202303.0,67021,True,60.7,5.48,25.145,416,2234.2,True,True,True,True,True,True,33.6,TNEA,3252,30,Medium (1-5L),North,6,1
Ahmedabad Science Autonomous College,Ahmedabad,Gujarat,Autonomous,1895,145.0,B+,165,1284.0,4.7,234516.0,33429,True,46.0,8.51,20.42,482,293.6,True,True,True,True,True,True,43.4,JEE Advanced,6002,131,Medium (1-5L),West,6,2
Sri Babasaheb Institute of Fashion Design Aurangabad,Aurangabad,maharashtra,Private,1992,222.0,B,105,1174.0,3.8,368140.0,79463,True,46.1,2.39,6.84,91,662.2,True,True,False,True,False,True,60.0,Own Entrance,4492,34,Medium (1-5L),Other,4,1
Government Polytechnic Haridwar,Haridwar,Uttarakhand,Government,1951,,A++,101,627.0,7.0,16145.0,171107,False,80.3,14.82,40.76,141,44.8,True,True,False,False,True,False,70.2,State Level,4359,75,Low (<1L),North,3,6
Subhas Institute of Homeopathy Itanagar,Itanagar,Arunachal Pradesh,Private,1941,53.0,B,108,446.0,14.7,762716.0,45421,True,85.6,24.55,78.55,396,1039.9,False,True,False,True,False,True,24.5,JEE Advanced,6563,85,High (>5L),Northeast,3,1
Government Social Work College Agartala,Agartala,Tripura,Government,1885,,A,69,1115.0,0.9,37784.0,51625,True,48.3,5.32,35.9,518,2211.6,False,True,False,False,True,True,21.0,NATA,976,141,Low (<1L),Northeast,3,4
Tamil Nadu State Hotel Management College Madurai,Madurai,Tamil Nadu,Government,1980,113.0,A,144,1041.0,6.4,22249.0,62083,True,75.6,9.13,39.57,113,423.5,False,False,True,True,True,False,59.0,JEE Main,6680,46,Low (<1L),South,3,4
National Institute of Technology Rourkela,Rourkela,Odisha,Government,1961,152.0,A+,18,417.0,2.3,28446.0,23215,True,78.2,9.69,40.72,268,2352.8,True,True,True,True,False,True,41.1,JEE Main,950,65,Low (<1L),East,5,5
Deemed Institute of Science Jammu,Jammu,Jammu & Kashmir,Deemed,1951,,A++,109,644.0,1.2,470318.0,27015,False,94.9,16.44,85.82,106,416.0,True,False,False,True,False,False,20.0,NATA,777,75,Medium (1-5L),North,2,6
Lakshmi University Imphal,Imphal,Manipur,Private,1958,211.0,B++,62,1425.0,3.6,655193.0,131677,True,57.5,8.11,55.69,673,1716.2,True,True,True,True,False,True,14.0,WBJEE,5088,68,High (>5L),Other,5,3
Aryabhata College of Social Work and Research Bhilai,Bhilai,Chhattisgarh,Private,1870,318.0,B+,220,1446.0,3.2,179296.0,23372,True,56.9,4.92,23.13,449,,True,True,True,True,False,True,57.5,CUET,4621,156,Medium (1-5L),Central,5,2
Excel Institute of Medical Sciences Baramulla,Baramulla,Jammu & Kashmir,Private,1898,53.0,B,89,675.0,4.6,211190.0,71337,True,66.9,8.21,16.65,106,2277.8,True,False,True,True,True,False,77.9,AP EAMCET,3125,128,Medium (1-5L),North,4,1
Kakinada Information Technology Autonomous College,Kakinada,Andhra Pradesh,Autonomous,1922,76.0,A,10,625.0,9.8,177422.0,77776,True,47.2,6.08,16.44,280,195.6,True,True,True,True,True,True,76.2,CUET,6152,104,Medium (1-5L),South,6,4
Government Model College Udaipur,Udaipur,Rajasthan,Government,1984,,A+,223,1436.0,3.8,45154.0,112616,True,86.7,8.07,34.02,337,2193.6,False,False,False,False,False,True,81.2,Own Entrance,5416,42,Low (<1L),North,1,5
Karaikal Technology Autonomous College,Karaikal,Puducherry,Autonomous,1971,89.0,B++,46,784.0,4.6,366838.0,157625,True,77.4,14.97,41.08,127,977.6,True,True,False,False,False,False,76.5,NATA,3599,55,Medium (1-5L),South,2,3
Babasaheb Deemed University Rajahmundry,Rajahmundry,Andhra Pradesh,Deemed,1909,453.0,A,169,643.0,11.7,144513.0,55100,True,43.1,3.98,21.99,304,569.7,True,True,True,True,True,True,66.2,JEE Main,7517,117,Medium (1-5L),South,6,4
Government Science College Dimapur,Dimapur,Nagaland,Government,1867,308.0,A,86,1155.0,5.5,6599.0,120882,True,47.3,8.07,32.5,189,1692.5,False,True,False,True,True,True,39.2,NEET UG,6332,159,Low (<1L),Northeast,4,4
Autonomous College of Education Tiruchirappalli,Tiruchirappalli,Tamil Nadu,Autonomous,1971,24.0,B++,174,1499.0,0.2,462297.0,130093,True,73.8,11.84,57.45,600,839.8,True,True,True,True,True,True,60.6,BITSAT,337,55,Medium (1-5L),South,6,3
Ahmedabad Autonomous College of Ayurveda,Ahmedabad,Gujarat,Autonomous,2022,166.0,A,211,370.0,21.6,162542.0,92853,True,71.7,4.8,21.8,116,2244.8,True,True,True,True,True,True,43.2,VITEEE,7976,4,Medium (1-5L),West,6,4
Raman Institute of Fashion Design Berhampur,Berhampur,Odisha,Private,1865,292.0,B,71,1194.0,5.3,370798.0,73410,True,25.1,3.4,20.75,538,309.3,True,False,True,True,True,True,38.1,SRMJEEE,6351,161,Medium (1-5L),East,5,1
Prime College of Hotel Management Nagaon,Nagaon,Assam,Private,2014,100.0,A,202,106.0,20.6,228296.0,82134,True,66.9,10.52,35.75,503,1313.4,True,True,True,True,True,True,32.5,Own Entrance,2179,12,Medium (1-5L),Northeast,6,4
Kullu Institute of Nursing (Deemed),Kullu,Himachal Pradesh,Deemed,1941,140.0,B,25,202.0,34.7,250906.0,94566,False,64.0,6.69,41.8,431,39.2,False,False,False,False,False,True,43.7,JEE Advanced,7001,85,Medium (1-5L),North,1,1
Jharkhand State Commerce College Jamshedpur,Jamshedpur,Jharkhand,Government,1983,246.0,B+,31,465.0,8.3,43719.0,150362,True,80.5,6.86,39.48,46,584.2,True,True,True,True,True,True,20.3,NATA,3872,43,Low (<1L),East,6,2
Deemed Institute of Fine Arts Chandigarh,Chandigarh,Chandigarh,Deemed,2010,51.0,B++,6,810.0,4.0,1372171.0,101722,True,82.6,15.76,98.75,545,1671.9,True,False,True,False,True,False,32.2,University Entrance,3277,16,High (>5L),North,3,3
Modern Institute of Information Technology Aizawl,Aizawl,Mizoram,Private,1885,131.0,B++,107,678.0,10.7,438685.0,158975,True,80.0,11.79,41.53,80,229.7,False,True,False,False,False,True,48.7,CLAT,7264,141,Medium (1-5L),Northeast,2,3
Shri Ram University Tirunelveli,Tirunelveli,Tamil Nadu,Private,1913,,A,37,144.0,0.7,588999.0,116919,False,63.7,11.52,56.48,427,532.2,False,True,False,True,True,True,29.0,University Entrance,95,113,High (>5L),South,4,4
Academy of Fine Arts Vasco da Gama,Vasco da Gama,Goa,Deemed,1934,292.0,A,115,1493.0,0.9,309813.0,88314,True,44.3,3.92,18.28,650,1488.9,True,True,True,False,True,True,34.1,JEE Advanced,1277,92,Medium (1-5L),West,5,4
Telangana State Education College Hyderabad,Hyderabad,Telangana,Government,1961,,A,58,272.0,6.9,30262.0,74987,True,43.7,5.9,28.08,643,359.1,True,True,True,True,True,False,56.4,AP EAMCET,1871,65,Low (<1L),South,5,4
Bhagat Singh Deemed University Imphal,Imphal,Manipur,Deemed,2011,196.0,B+,112,1396.0,5.5,377308.0,41641,True,77.4,8.55,33.87,291,1209.6,False,False,True,False,False,False,84.2,MHT CET,7660,15,Medium (1-5L),Other,1,2
Government Model College Durg,Durg,Chhattisgarh,Government,2017,427.0,A,91,871.0,5.3,17969.0,85443,True,36.4,3.19,19.85,557,1946.2,True,True,True,True,True,True,25.6,JEE Advanced,4642,9,Low (<1L),Central,6,4
Autonomous College of Law Imphal,Imphal,Manipur,Autonomous,2017,,B+,123,1446.0,4.6,60169.0,144796,True,29.0,1.96,5.25,13,322.8,True,True,False,True,True,False,43.0,University Entrance,6624,9,Low (<1L),Other,4,2
Rajendra Prasad Academy of Law Gwalior,Gwalior,Madhya Pradesh,Deemed,1883,,B,36,512.0,13.1,86986.0,110916,False,41.9,4.96,34.72,139,2079.5,True,False,False,False,False,True,67.2,JEE Main,6710,143,Low (<1L),Central,2,1
Phagwara Institute of Arts,Phagwara,Punjab,Private,1958,381.0,A,26,1226.0,2.4,291981.0,162012,True,33.3,2.99,15.49,670,157.3,False,True,False,True,False,False,70.3,TS EAMCET,2987,68,Medium (1-5L),North,2,4
Meera Institute of Education Aizawl,Aizawl,Mizoram,Private,2021,,A,140,1246.0,4.5,168318.0,106825,True,36.9,4.84,27.66,629,930.2,True,True,True,True,False,True,55.6,JEE Main,5654,5,Medium (1-5L),Northeast,5,4
Sri Rajendra Prasad Institute of Technology Phagwara,Phagwara,Punjab,Private,1979,113.0,B+,119,796.0,0.7,594895.0,30222,False,63.3,5.56,18.56,670,988.9,True,True,True,True,True,True,66.3,Own Entrance,587,47,High (>5L),North,6,2
Jharkhand State Technology College Jamshedpur,Jamshedpur,Jharkhand,Government,1878,,B+,231,163.0,5.7,62565.0,119548,False,68.2,8.73,20.1,151,703.0,False,True,False,True,True,False,6.5,NATA,934,148,Low (<1L),East,3,2
Vijayawada Institute of Social Work (Deemed),Vijayawada,Andhra Pradesh,Deemed,2010,,B,209,727.0,3.3,309813.0,157823,True,44.7,5.82,25.11,677,21.4,True,True,True,False,True,False,21.2,TS EAMCET,2373,16,Medium (1-5L),South,4,1
Autonomous College of Management Nanded,Nanded,Maharashtra,Autonomous,1919,,B,39,969.0,6.4,79330.0,82162,True,69.9,7.6,35.63,512,310.0,True,True,True,True,True,True,23.3,TNEA,6240,107,Low (<1L),West,6,1
Srinivasa University Chandigarh,Chandigarh,Chandigarh,Private,1976,60.0,A+,170,774.0,5.8,652682.0,42661,True,71.3,11.08,40.6,487,1128.0,False,False,True,False,False,True,46.3,University Entrance,4502,50,High (>5L),North,2,5
Global Academy of Journalism Shillong,Shillong,Meghalaya,Private,1978,118.0,B+,236,1331.0,3.0,729413.0,43178,True,64.7,8.72,22.65,449,349.2,False,False,False,False,False,False,51.6,COMEDK,4055,48,High (>5L),Northeast,0,2
Government Management College Haridwar,Haridwar,Uttarakhand,Government,1872,197.0,B++,164,98.0,14.9,36626.0,111923,False,47.2,2.8,18.49,463,2135.8,False,False,True,True,True,False,62.3,GATE,1463,154,Low (<1L),North,3,3
Ranchi University,Ranchi,Jharkhand,Government,1960,340.0,B++,186,684.0,2.2,44006.0,50630,True,71.9,5.01,27.69,42,680.2,True,True,True,True,True,False,8.3,Own Entrance,1500,66,Low (<1L),East,5,3
Aryabhata Foundation Technology College Mapusa,Mapusa,Goa,Private,1934,,B,50,1288.0,0.3,378116.0,90901,True,31.7,5.48,22.7,215,1817.9,False,True,False,True,True,False,35.0,University Entrance,337,92,Medium (1-5L),West,3,1
Faridabad Institute of Physical Education,Faridabad,Haryana,Private,1993,,B+,82,1292.0,3.6,235299.0,160207,True,56.7,3.69,22.66,117,1735.6,False,False,True,False,False,True,77.7,University Entrance,4597,33,Medium (1-5L),North,2,2
Galgotias Foundation Agriculture College Namchi,Namchi,Sikkim,Private,1954,,B++,234,626.0,4.7,515836.0,123303,False,79.8,6.65,43.44,72,1535.2,True,True,True,True,True,True,67.6,JEE Main,2947,72,High (>5L),Northeast,6,3
Government College of Agriculture Kullu,Kullu,Himachal Pradesh,Government,1935,,A,42,573.0,10.9,53567.0,64747,True,80.9,8.6,50.81,385,723.9,True,True,False,False,True,True,38.8,CLAT,6254,91,Low (<1L),North,4,4
Tura Autonomous College of Technology,Tura,Meghalaya,Autonomous,2017,,B,79,1021.0,5.6,148215.0,167635,False,22.8,2.17,9.83,46,804.0,True,True,True,True,True,True,73.8,GATE,5718,9,Medium (1-5L),Northeast,6,1
Central University of Punjab,Bathinda,Punjab,Government,2009,294.0,B++,43,79.0,5.1,45483.0,138690,True,39.5,4.49,13.2,60,2424.4,True,True,True,False,True,False,2.9,CUET,400,17,Low (<1L),North,4,3
Government Commerce College Puducherry,Puducherry,Puducherry,Government,1936,176.0,B+,233,486.0,12.4,31272.0,144751,True,44.6,2.55,12.8,551,1079.2,True,False,False,True,False,True,43.3,GATE,6012,90,Low (<1L),South,3,2
Deemed Institute of Ayurveda Agartala,Agartala,Tripura,Deemed,2011,280.0,A,85,105.0,27.1,309813.0,158998,False,35.3,5.82,33.01,188,,False,False,False,False,True,False,63.7,University Entrance,2849,15,Medium (1-5L),Northeast,1,4
Government Polytechnic Chennai,Chennai,Tamil Nadu,Government,1889,167.0,B,57,487.0,13.1,46446.0,59465,True,62.0,8.07,32.5,87,1036.6,True,True,False,True,False,True,62.0,CLAT,6396,137,Low (<1L),South,4,1
Indian Institute of Technology Roorkee,Roorkee,Uttarakhand,Government,1847,117.0,A++,201,1130.0,1.1,89364.0,40645,False,67.0,9.86,23.13,138,322.7,False,False,True,True,True,True,40.9,JEE Advanced,1200,179,Low (<1L),North,4,6
Aizawl Hotel Management Autonomous College,Aizawl,Mizoram,Autonomous,1971,,A,16,1418.0,4.9,115968.0,115542,True,51.15,2.2,13.81,638,1143.3,True,True,True,True,True,True,30.5,CUET,6882,55,Medium (1-5L),Northeast,6,4
New Delhi Government Dental Sciences College,New Delhi,Delhi,Government,1982,327.0,B++,112,396.0,11.2,36696.0,90896,False,50.5,2.17,4.82,198,1382.5,True,True,True,True,True,True,66.5,KCET,4451,44,Low (<1L),North,6,3
Modern Institute of Physical Education Nagpur,Nagpur,Maharashtra,Private,1949,202.0,A+,138,1262.0,0.8,378116.0,161595,True,65.8,4.06,11.97,140,676.6,True,True,True,True,True,False,80.1,NEET UG,1050,77,Medium (1-5L),West,5,5
Chandigarh State Science College Chandigarh,Chandigarh,Chandigarh,Government,1911,406.0,A,153,690.0,5.8,11176.0,114235,True,47.0,3.04,7.4,96,55.7,True,False,True,True,True,False,32.7,UPSEE,4025,115,Low (<1L),North,4,4
Government College of Science Agra,Agra,Uttar Pradesh,Government,1915,164.0,B,161,1145.0,4.6,89631.0,33248,True,75.0,9.73,61.04,669,2213.5,True,True,True,False,True,True,43.4,NATA,5274,111,Low (<1L),North,5,1
Autonomous College of Journalism Nagpur,Nagpur,Maharashtra,Autonomous,1878,208.0,B,74,406.0,1.9,123346.0,175163,True,26.4,3.99,16.13,69,1300.0,True,True,True,False,True,True,45.2,TS EAMCET,768,148,Medium (1-5L),West,5,1
Excel Institute of Education Imphal,Imphal,Manipur,Private,1883,466.0,B+,96,1102.0,3.6,192470.0,165723,True,40.5,2.83,12.58,454,634.5,True,False,True,True,True,True,53.4,NATA,3989,143,Medium (1-5L),Other,5,2
Prime College of Hotel Management Junagadh,Junagadh,Gujarat,Private,1867,146.0,A,68,427.0,13.3,580720.0,174576,True,57.3,7.03,41.09,676,185.9,True,False,False,True,False,True,50.5,JEE Advanced,5676,159,High (>5L),West,3,4
Government College of Agriculture Jammu,Jammu,Jammu & Kashmir,Government,1943,250.0,B,207,949.0,7.8,46241.0,140215,False,86.6,14.83,86.56,443,1991.0,True,True,True,True,False,True,34.2,NEET UG,7436,83,Low (<1L),North,5,1
Itanagar Institute of Fine Arts,Itanagar,Arunachal Pradesh,Private,2003,433.0,B,212,337.0,2.4,247926.0,78289,True,27.6,5.48,25.145,409,947.7,True,False,True,False,True,False,9.1,Own Entrance,819,23,Medium (1-5L),Northeast,3,1
Autonomous College of Technology Gangtok,Gangtok,Sikkim,Autonomous,1938,257.0,B,147,1277.0,5.3,36461.0,33620,True,45.7,2.56,8.12,689,1568.3,True,True,True,False,False,False,76.8,GATE,6802,88,Low (<1L),Northeast,3,1
Guru Gobind Singh Deemed University Ludhiana,Ludhiana,Punjab,Deemed,1908,,A+,245,44.0,137.1,348480.0,159707,True,87.3,17.53,112.46,447,,False,True,True,True,False,True,80.2,SRMJEEE,6031,118,Medium (1-5L),North,4,5
Academy of Social Work Agartala,Agartala,Tripura,Deemed,1955,341.0,B+,187,803.0,6.9,284989.0,120505,True,41.4,2.59,13.13,146,923.4,False,False,False,False,False,True,29.8,AP EAMCET,5558,71,Medium (1-5L),Northeast,1,2
Government Technology College Chandigarh,Chandigarh,Punjab,Government,1984,214.0,A+,220,1087.0,1.1,65048.0,165430,False,71.9,5.23,35.79,626,700.1,True,False,False,True,False,True,53.3,Own Entrance,1189,42,Low (<1L),North,3,5
Tirupati Institute of Management,Tirupati,Andhra Pradesh,Private,1942,233.0,A+,201,1126.0,4.6,684543.0,49270,False,59.3,8.37,39.21,582,1507.3,False,True,True,True,False,True,8.1,SRMJEEE,5139,84,High (>5L),South,4,5
CMR Institute of Technology,Bangalore,Karnataka,Autonomous,2000,216.0,B++,14,1268.0,0.6,138332.0,59206,False,38.2,2.37,15.42,554,1259.3,True,False,True,True,True,True,10.9,KCET,800,26,Medium (1-5L),South,5,3
Government Polytechnic Bhilai,Bhilai,Chhattisgarh,Government,1880,500.0,B++,190,1243.0,6.2,39661.0,43339,True,38.5,4.14,27.61,242,611.1,True,True,True,True,True,True,18.8,MHT CET,7694,146,Low (<1L),Central,6,3
Meera Deemed University Kohima,Kohima,Nagaland,Deemed,1982,145.0,A,123,773.0,4.8,228409.0,89504,True,54.3,3.89,25.11,70,1867.5,True,True,True,True,False,True,37.2,KCET,3683,44,Medium (1-5L),Northeast,5,4
Raman College of Information Technology and Research Patna,Patna,Bihar,Private,1900,443.0,A,85,152.0,27.2,364151.0,40140,False,28.1,5.4,28.94,460,2441.4,True,True,True,True,True,True,82.6,University Entrance,4135,126,Medium (1-5L),East,6,4
Sardar College of Arts and Research Imphal,Imphal,Manipur,Private,1854,174.0,B++,175,376.0,0.9,115296.0,112764,True,56.9,4.19,15.53,217,1343.2,False,True,False,False,False,True,57.0,CLAT,353,172,Medium (1-5L),Other,2,3
Prime College of Fine Arts Imphal,Imphal,Manipur,Private,1856,250.0,A,104,146.0,13.0,378116.0,99487,True,78.6,5.48,25.145,655,1197.9,True,False,False,True,False,False,49.0,NEET UG,1895,170,Medium (1-5L),Other,2,4
Aizawl Institute of Pharmacy,Aizawl,Mizoram,Private,1854,,A,132,857.0,0.8,371580.0,75850,True,60.7,5.52,17.33,173,1069.3,False,True,False,False,False,False,24.8,University Entrance,705,172,Medium (1-5L),Northeast,1,4
Gandhi Autonomous Institute Junagadh,Junagadh,Gujarat,Autonomous,1917,41.0,B++,84,1033.0,2.6,248636.0,98920,True,75.7,11.05,66.35,539,172.4,False,False,False,False,False,False,25.6,AP EAMCET,2727,109,Medium (1-5L),West,0,3
Kalam Foundation Architecture College Mandi,Mandi,Himachal Pradesh,Private,1929,39.0,B,103,317.0,3.0,1447701.0,125641,True,90.5,26.57,151.96,665,1928.4,True,True,True,True,False,True,29.8,MHT CET,963,97,High (>5L),North,5,1
Prime College of Agriculture Thane,Thane,Maharashtra,Private,1976,,A,53,779.0,4.8,790438.0,23230,True,55.7,7.69,39.04,45,1636.6,True,False,False,False,False,True,15.4,NATA,1178,50,High (>5L),West,2,4
Modern Institute of Law Korba,Korba,Chhattisgarh,Private,1868,295.0,A,85,730.0,7.8,359737.0,20834,True,50.9,3.38,21.49,500,527.0,True,False,False,False,False,True,61.2,JEE Main,5675,158,Medium (1-5L),Central,2,4
Bhagat Singh Foundation Agriculture College Aizawl,Aizawl,Mizoram,Private,2020,51.0,A++,125,894.0,2.1,1380932.0,59296,True,60.7,10.24,30.13,221,1603.7,True,True,True,True,True,True,30.6,WBJEE,1913,6,High (>5L),Northeast,6,6
Lakshmi Academy of Social Work Margao,Margao,Goa,Deemed,1998,169.0,B++,131,126.0,63.1,309813.0,98546,True,61.7,4.55,19.44,234,2300.0,True,True,True,False,True,True,54.7,UPSEE,7949,28,Medium (1-5L),West,5,3
Raman Deemed University Vasco da Gama,Vasco da Gama,Goa,Deemed,1944,,B,223,71.0,21.4,1442394.0,163168,False,78.8,20.43,60.78,677,196.7,False,False,False,True,False,False,49.3,CUET,1521,82,High (>5L),West,1,1
Madhya Pradesh State Arts College Satna,Satna,Madhya Pradesh,Government,1885,161.0,A,26,1059.0,6.4,38870.0,94575,False,52.6,3.47,10.77,95,716.6,True,False,False,False,True,False,13.8,AP EAMCET,6767,141,Low (<1L),Central,2,4
Kamla Nehru College of Education and Research New Delhi,New Delhi,Delhi,Private,2010,321.0,B++,211,128.0,16.7,309904.0,103762,True,47.7,3.25,22.18,523,,True,True,True,True,True,False,22.9,CLAT,2136,16,Medium (1-5L),North,5,3
Srishti Manipal Institute of Art,Bangalore,Karnataka,Private,1996,384.0,A,56,779.0,4.8,300104.0,158893,True,34.8,2.19,13.73,360,1024.2,False,True,True,False,False,False,48.8,SUAT,500,30,Medium (1-5L),South,2,4
MS Ramaiah Institute of Technology,Bangalore,Karnataka,Autonomous,1962,,A+,12,1333.0,1.1,242294.0,40044,False,66.8,8.35,52.17,605,1448.1,False,False,False,True,False,False,65.6,KCET,1400,64,Medium (1-5L),South,1,5
Deemed Institute of Journalism Palakkad,Palakkad,Kerala,Deemed,1917,,B++,141,169.0,25.8,298562.0,157823,True,59.1,2.8,5.65,98,2439.2,True,True,True,True,False,True,34.9,BITSAT,4354,109,Medium (1-5L),South,5,3
Sri Jawaharlal Institute of Nursing Aizawl,Aizawl,Mizoram,Private,1936,42.0,A,96,1195.0,2.9,2459384.0,124619,True,88.5,17.43,116.26,469,1962.1,True,True,True,False,False,True,62.7,University Entrance,3449,90,High (>5L),Northeast,4,4
Government Polytechnic Nainital,Nainital,Uttarakhand,Government,2011,242.0,A+,46,192.0,23.0,38544.0,98710,False,73.7,10.06,65.35,649,279.9,False,False,True,True,False,True,83.2,COMEDK,4413,15,Low (<1L),North,3,5
Shri Ram Autonomous Institute Rewa,Rewa,Madhya Pradesh,Autonomous,1871,166.0,B++,200,773.0,5.0,123346.0,143514,True,40.0,3.5,23.72,538,145.3,False,True,True,True,True,True,9.7,VITEEE,6398,155,Medium (1-5L),Central,5,3
Laxmi University Rewa,Rewa,Madhya Pradesh,Private,1929,,B++,248,1001.0,4.8,294765.0,104465,True,56.0,4.53,15.2,128,414.7,True,False,False,False,False,False,4.1,CLAT,4851,97,Medium (1-5L),Central,1,3
Government Model College Bareilly,Bareilly,Uttar Pradesh,Government,1868,386.0,B++,143,1155.0,5.7,32572.0,150128,False,41.0,2.81,12.99,649,1714.4,True,True,True,True,False,True,71.8,State Level,6540,158,Low (<1L),North,5,3
Narayana University Madurai,Madurai,Tamil Nadu,Private,1907,220.0,B,11,1356.0,2.9,280881.0,39740,True,33.6,2.04,4.53,680,479.7,True,True,False,False,True,True,57.7,NEET UG,3950,119,Medium (1-5L),South,4,1
Government Journalism College Mandi,Mandi,Himachal Pradesh,Government,1997,158.0,A,121,1234.0,0.9,41495.0,85030,True,79.9,6.65,38.98,54,1146.5,True,True,True,True,False,True,17.6,BITSAT,1129,29,Low (<1L),North,5,4
Government College of Pharmacy Mangalore,Mangalore,Karnataka,Government,1965,53.0,A,241,249.0,6.3,25330.0,116721,True,76.9,12.37,75.83,538,2127.4,True,True,False,False,False,False,14.9,CUET,1571,61,Low (<1L),South,2,4
Rewa Government Computer Science College,Rewa,Madhya Pradesh,Government,1987,20.0,A+,105,276.0,25.3,111247.0,22168,True,87.4,20.11,74.82,74,1506.7,True,True,False,True,False,True,61.0,KCET,6991,39,Medium (1-5L),Central,4,5
Government Arts College Ghaziabad,Ghaziabad,Uttar Pradesh,Government,1958,385.0,A,142,683.0,11.6,8536.0,120924,True,54.9,5.6,24.28,36,475.1,True,False,True,True,True,True,9.4,COMEDK,7894,68,Low (<1L),North,5,4
Cuttack Autonomous College of Commerce,Cuttack,Odisha,Autonomous,1863,45.0,A+,231,1444.0,1.1,123346.0,89549,True,86.7,11.87,71.86,486,1297.5,True,True,True,True,True,True,43.5,COMEDK,1603,163,Medium (1-5L),East,6,5
Modern Institute of Law Kollam,Kollam,Kerala,Private,1918,,A,70,779.0,4.8,283699.0,143363,True,29.1,3.69,14.47,24,2347.2,True,True,True,True,True,True,15.0,UPSEE,540,108,Medium (1-5L),South,6,4
State Institute of Law Chandigarh,Chandigarh,Chandigarh,Government,1964,475.0,B+,234,901.0,6.2,25722.0,85971,True,31.1,3.64,16.68,477,23.1,False,False,False,False,True,False,83.1,NEET UG,5583,62,Low (<1L),North,1,2
Government Model College Palakkad,Palakkad,Kerala,Government,1977,58.0,A+,236,882.0,6.3,30515.0,27840,False,72.5,9.11,58.29,192,2110.0,False,False,False,False,False,False,36.5,COMEDK,5594,49,Low (<1L),South,0,5
Academy of Hotel Management Chandigarh,Chandigarh,Chandigarh,Deemed,1986,63.0,B,85,285.0,25.2,573978.0,103461,True,59.1,5.82,25.11,286,265.2,True,False,True,True,True,False,25.5,TNEA,7172,40,High (>5L),North,4,1
State Institute of Medical Sciences Madurai,Madurai,Tamil Nadu,Government,1883,47.0,A,75,1404.0,2.3,171023.0,127126,True,97.9,18.22,39.21,51,696.9,False,True,True,False,False,False,78.5,VITEEE,3234,143,Medium (1-5L),South,2,4
Jalandhar Government Education College,Jalandhar,Punjab,Government,1895,219.0,A,91,267.0,0.9,49313.0,46526,True,65.5,11.77,45.84,225,764.1,False,True,False,False,False,True,21.2,GATE,236,131,Low (<1L),North,2,4
Deemed Institute of Computer Science Jaipur,Jaipur,Rajasthan,Deemed,2016,,A,149,1231.0,3.0,450120.0,21366,True,62.7,9.89,59.61,652,1664.5,False,False,True,True,True,True,71.9,CUET,3736,10,Medium (1-5L),North,4,4
Thanjavur Institute of Ayurveda,Thanjavur,Tamil Nadu,Private,2001,,B+,193,1232.0,2.2,446194.0,126826,True,56.1,9.38,62.04,680,1533.5,True,True,True,True,True,True,21.0,CAT,2661,25,Medium (1-5L),South,6,2
Excel Institute of Architecture Puducherry,Puducherry,Puducherry,Private,1972,365.0,A,37,474.0,1.0,166737.0,170439,False,33.2,4.72,28.92,410,1274.3,False,True,True,False,True,False,17.4,JEE Main,466,54,Medium (1-5L),South,3,4
Sri Lakshmi Institute of Information Technology Hisar,Hisar,Haryana,Private,1887,231.0,B++,133,345.0,19.6,190301.0,56282,False,30.2,3.48,23.18,263,1604.9,True,True,True,False,True,True,19.4,KCET,6768,139,Medium (1-5L),North,5,3
Naharlagun Institute of Engineering (Deemed),Naharlagun,Arunachal Pradesh,Deemed,1986,,A,120,170.0,1.2,283300.0,81179,True,50.1,5.28,33.46,30,2395.9,True,True,True,True,True,True,35.3,TS EAMCET,199,40,Medium (1-5L),Northeast,6,4
Khammam Institute of Law (Deemed),Khammam,Telangana,Deemed,1933,259.0,B++,227,179.0,25.3,148345.0,165928,True,40.9,3.17,6.69,331,2393.1,False,False,False,False,True,False,31.3,UPSEE,4537,93,Medium (1-5L),South,1,3
Autonomous College of Engineering Shillong,Shillong,Meghalaya,Autonomous,1981,231.0,B+,156,387.0,15.8,115704.0,138813,True,65.7,6.65,34.45,25,2161.3,True,True,True,True,True,True,15.7,SRMJEEE,6109,45,Medium (1-5L),Northeast,6,2
Government Model College Chandigarh,Chandigarh,Chandigarh,Government,1978,237.0,B++,180,197.0,6.3,28631.0,98403,False,55.9,2.57,5.2,577,,True,False,True,False,True,True,4.4,VITEEE,1236,48,Low (<1L),North,4,3
Prime College of Agriculture Pilani,Pilani,Rajasthan,Private,1852,216.0,B++,219,432.0,10.9,568010.0,152203,False,77.1,4.49,11.46,48,216.5,True,True,True,True,True,True,62.9,JEE Advanced,4694,174,High (>5L),North,6,3
Government Model College Mapusa,Mapusa,Goa,Government,2003,231.0,B,150,87.0,70.5,15460.0,92940,True,79.1,8.21,42.97,321,2431.2,False,True,True,False,True,False,45.6,TS EAMCET,6133,23,Low (<1L),West,3,1
Global Academy of Homeopathy Chandigarh,Chandigarh,Chandigarh,Private,1927,27.0,B,68,661.0,5.4,1236298.0,179283,False,94.3,26.42,80.21,101,1260.4,True,True,True,True,True,True,78.0,WBJEE,3591,99,High (>5L),North,6,1
Government College of Social Work Nashik,Nashik,Maharashtra,Government,2020,66.0,A,227,175.0,12.3,41860.0,100422,True,72.0,6.04,24.5,56,2012.4,False,True,False,True,False,False,25.7,VITEEE,2155,6,Low (<1L),West,2,4
Symbiosis International University,Pune,Maharashtra,Deemed,2002,,A++,106,791.0,3.2,1077968.0,117521,True,83.9,9.08,24.41,331,1624.6,True,True,True,True,True,True,22.0,SET,2500,24,High (>5L),West,6,6
Modern Institute of Fashion Design Agartala,Agartala,Tripura,Private,1934,,A,69,1465.0,5.0,936264.0,85586,True,96.2,20.09,101.79,216,896.9,False,False,True,False,False,True,63.1,Own Entrance,7315,92,High (>5L),Northeast,2,4
Amrita Deemed University Kohima,Kohima,Nagaland,Deemed,1863,64.0,A++,61,844.0,3.4,1295769.0,105087,True,94.4,14.49,41.5,141,699.7,True,True,True,True,True,True,26.7,NATA,2853,163,High (>5L),Northeast,6,6
Ramjas College Delhi,New Delhi,Delhi,Government,1917,200.0,A+,138,605.0,2.5,23783.0,42813,True,73.9,8.97,32.57,479,2293.1,True,True,True,True,False,True,2.0,CUET,1500,109,Low (<1L),North,5,5
Indian Agricultural Research Institute,New Delhi,Delhi,Government,1905,106.0,A++,130,791.5,4.1,63653.0,102684,True,76.3,14.85,96.3,197,2461.0,True,True,True,True,True,False,77.9,ICAR AIEEA,300,121,Low (<1L),North,5,6
Nehru Institute of Technology Davangere,Davangere,Karnataka,Private,1861,375.0,B++,58,934.0,3.2,233951.0,89607,True,35.9,3.98,19.45,197,647.6,True,True,True,True,True,True,65.2,University Entrance,2972,165,Medium (1-5L),South,6,3
Imphal Arts Autonomous College,Imphal,Manipur,Autonomous,1892,154.0,A,222,1268.0,6.0,123261.0,48150,True,45.1,7.03,29.36,405,1116.5,True,True,True,True,True,True,20.5,CLAT,7577,134,Medium (1-5L),Other,6,4
Deemed Institute of Arts Delhi,Delhi,Delhi,Deemed,1931,,B+,41,44.0,57.4,323365.0,139050,True,73.5,6.14,29.1,448,2055.3,True,True,True,True,True,True,56.1,TS EAMCET,2527,95,Medium (1-5L),North,6,2
State Institute of Science Amravati,Amravati,Maharashtra,Government,1967,66.0,A+,109,1031.0,7.3,204932.0,71670,False,94.7,21.43,119.92,379,1268.7,True,True,False,False,False,False,43.6,NEET UG,7485,59,Medium (1-5L),West,2,5
Karaikal Arts Autonomous College,Karaikal,Puducherry,Autonomous,1855,,A,175,206.0,12.0,51968.0,70664,False,31.0,3.23,13.63,318,1450.8,False,True,True,False,True,True,31.8,CLAT,2475,171,Low (<1L),South,4,4
Modern Institute of Fashion Design New Delhi,New Delhi,Delhi,Private,1962,317.0,A,83,548.0,1.2,295088.0,29599,True,43.5,2.48,5.76,57,860.5,True,True,True,True,False,True,33.7,CLAT,637,64,Medium (1-5L),North,5,4
Deemed Institute of Ayurveda Jodhpur,Jodhpur,Rajasthan,Deemed,1909,237.0,A+,176,133.0,44.5,508754.0,90383,True,51.0,4.35,22.64,535,2217.5,True,False,True,True,True,True,19.9,University Entrance,5916,117,High (>5L),North,5,5
Bharathidasan University,Tiruchirappalli,Tamil Nadu,Government,1982,124.0,A+,166,165.0,7.3,46446.0,176666,True,82.2,12.27,59.12,494,1446.2,True,True,True,True,True,True,49.1,Own Entrance,1200,44,Low (<1L),South,6,5
Deemed Institute of Technology Agartala,Agartala,Tripura,Deemed,1927,31.0,B,139,951.0,5.6,1414016.0,150731,True,89.5,8.12,44.77,187,2306.0,True,True,True,False,False,True,55.0,NATA,5305,99,High (>5L),Northeast,4,1
Autonomous College of Physical Education Khammam,Khammam,Telangana,Autonomous,1927,,A,168,1125.0,2.7,57828.0,145742,True,51.15,8.83,36.39,467,1361.8,False,True,True,False,True,True,3.3,CAT,3051,99,Low (<1L),South,4,4
Deemed Institute of Law Chandigarh,Chandigarh,Chandigarh,Deemed,1982,,B+,167,1386.0,2.6,315435.0,148784,False,71.4,4.48,28.07,460,134.9,False,False,True,True,False,False,13.5,TNEA,3629,44,Medium (1-5L),North,2,2
Sri Bharati Institute of Engineering Pune,Pune,Maharashtra,Private,1969,,B+,158,225.0,35.3,148571.0,118246,True,43.4,3.35,22.02,312,1519.7,True,False,False,True,False,True,65.7,CUET,7949,57,Medium (1-5L),West,3,2
Plaksha University,Mohali,Punjab,Private,2021,174.0,A,126,1152.0,0.2,204579.0,30985,True,35.4,3.09,12.33,269,93.5,False,True,True,True,True,True,55.3,Own Test,200,5,Medium (1-5L),North,5,4
District Dental Sciences College Karaikal,Karaikal,Puducherry,Government,1999,,B+,36,648.0,7.7,186147.0,145548,True,92.3,17.33,113.76,562,1732.4,True,True,True,True,True,True,28.2,AP EAMCET,4995,27,Medium (1-5L),South,6,2
Shillong Government Management College,Shillong,Meghalaya,Government,1971,311.0,A,99,661.0,7.5,22654.0,79958,True,62.6,8.07,32.5,158,767.0,True,False,True,True,True,True,62.0,State Level,4936,55,Low (<1L),Northeast,5,4
PEC Chandigarh,Chandigarh,Chandigarh,Government,1921,153.0,A+,92,314.0,2.5,83195.0,176334,True,71.9,9.34,50.75,511,899.4,False,False,False,False,True,False,16.8,JEE Main,800,105,Low (<1L),North,1,5
Kurukshetra Government Education College,Kurukshetra,Haryana,Government,1953,,A,116,1186.0,0.8,40154.0,27262,True,70.6,13.27,57.34,442,1618.0,True,False,False,True,False,False,4.1,NATA,990,73,Low (<1L),North,2,4
Excel Institute of Law Namchi,Namchi,Sikkim,Private,1886,,A,39,396.0,5.4,1182835.0,84750,True,97.3,12.7,63.37,483,1015.4,True,True,True,True,True,True,59.8,AP EAMCET,2124,140,High (>5L),Northeast,6,4
Government Technology College Nanded,Nanded,Maharashtra,Government,1922,229.0,B,171,43.0,40.0,18199.0,91293,False,87.2,6.88,37.48,55,2184.1,True,True,True,True,True,True,71.2,VITEEE,1720,104,Low (<1L),West,6,1
Malaviya National Institute of Technology Jaipur,Jaipur,Rajasthan,Government,1963,243.0,A+,60,844.0,1.0,68636.0,48039,True,71.9,6.96,18.12,478,2061.7,True,True,False,True,False,True,17.0,JEE Main,850,63,Low (<1L),North,4,5
Shri Ram Institute of Arts Chandigarh,Chandigarh,Chandigarh,Private,1934,448.0,B++,243,60.0,17.9,378116.0,173425,True,44.3,5.48,25.145,121,142.0,True,True,True,True,True,True,32.8,JEE Main,1077,92,Medium (1-5L),North,6,3
GD Goenka University,Gurugram,Haryana,Private,2013,184.0,A,222,151.0,5.3,215756.0,86254,True,31.4,2.63,15.78,572,1154.2,False,True,False,False,True,True,47.2,Own Entrance,800,13,Medium (1-5L),North,3,4
Agartala Social Work Autonomous College,Agartala,Tripura,Autonomous,1935,223.0,A,186,739.0,3.2,51321.0,20851,False,47.4,4.88,30.02,266,1983.0,True,True,True,True,True,True,53.3,TNEA,2385,91,Low (<1L),Northeast,6,4
Autonomous College of Architecture New Delhi,New Delhi,Delhi,Autonomous,1914,305.0,B++,40,374.0,0.2,39598.0,67828,True,40.6,3.2,17.58,207,2041.9,False,False,True,True,True,True,82.7,JEE Main,93,112,Low (<1L),North,4,3
Aryabhata Foundation Computer Science College Aizawl,Aizawl,Mizoram,Private,1851,,A+,60,1394.0,4.0,2315500.0,82322,True,87.7,14.81,48.16,483,625.0,False,False,False,True,True,False,4.8,CLAT,5636,175,High (>5L),Northeast,2,5
Sri Kamla Nehru Institute of Architecture Durg,Durg,Chhattisgarh,Private,1938,,B++,26,1299.0,4.5,306328.0,126451,True,58.1,8.02,35.66,469,168.3,True,True,True,True,True,True,29.2,CAT,5899,88,Medium (1-5L),Central,6,3
Nehru Institute of Social Work Agartala,Agartala,Tripura,Private,1981,343.0,B+,227,611.0,1.5,395973.0,48149,True,36.8,4.4,12.94,400,1242.4,False,True,False,False,False,True,62.8,JEE Advanced,891,45,Medium (1-5L),Northeast,2,2
State Institute of Science Hisar,Hisar,Haryana,Government,1880,95.0,A,48,429.0,5.5,71849.0,127621,True,83.9,7.75,34.06,644,148.6,True,True,True,True,True,False,76.7,TS EAMCET,2377,146,Low (<1L),North,5,4
Autonomous College of Journalism Bardhaman,Bardhaman,West Bengal,Autonomous,1859,,A,186,580.0,0.5,98250.0,61808,True,51.15,1.98,9.12,450,1663.2,True,True,False,True,False,False,38.1,Own Entrance,263,167,Low (<1L),East,3,4
Tilak Deemed University Kullu,Kullu,Himachal Pradesh,Deemed,2008,,A,61,1269.0,1.6,344993.0,115717,True,79.3,15.25,79.71,113,,True,True,True,True,True,True,53.3,BITSAT,2068,18,Medium (1-5L),North,6,4
Shiv Nadar University,Greater Noida,Uttar Pradesh,Private,2011,227.0,A,120,124.0,6.5,147341.0,175734,True,41.7,3.62,17.27,595,1630.3,False,True,False,False,False,False,28.0,SNUSAT,800,15,Medium (1-5L),North,1,4
State Institute of Technology Delhi,Delhi,Delhi,Government,1953,193.0,B,123,1112.0,1.3,6580.0,110367,True,62.5,5.21,27.79,486,2058.6,False,False,True,False,False,True,72.5,University Entrance,1436,73,Low (<1L),North,2,1
Visakhapatnam College of Arts,Visakhapatnam,Andhra Pradesh,Private,1951,40.0,B++,82,1456.0,5.1,1587450.0,69498,True,60.7,13.32,55.07,522,2419.3,True,True,True,True,True,True,56.3,UPSEE,7440,75,High (>5L),South,6,3
State Institute of Dental Sciences Chandigarh,Chandigarh,Punjab,Government,1983,91.0,B,25,431.0,16.9,78344.0,69607,True,90.7,15.0,30.41,634,,False,False,False,True,True,True,58.1,NEET UG,7266,43,Low (<1L),North,3,1
Utkal University,Bhubaneswar,Odisha,Government,1943,,A+,145,791.5,4.1,92165.0,71098,True,77.0,11.78,82.06,20,1682.7,False,True,False,False,False,False,70.9,Own Entrance,1500,83,Low (<1L),East,1,5
Saraswati Autonomous Institute Noida,Noida,Uttar Pradesh,Autonomous,1935,,B+,209,1499.0,3.0,393505.0,32929,False,91.2,11.45,78.24,290,1548.8,False,True,False,True,False,False,61.8,BITSAT,4487,91,Medium (1-5L),North,2,2
Indian Institute of Technology Madras,Chennai,Tamil Nadu,Government,1959,,A++,176,469.0,2.0,51434.0,138858,True,71.9,8.65,33.31,283,1755.1,False,True,True,True,True,True,58.4,JEE Advanced,950,67,Low (<1L),South,5,6
District Homeopathy College Guntur,Guntur,Andhra Pradesh,Government,1890,66.0,B,212,824.0,4.0,216413.0,164535,False,95.0,16.19,80.4,427,823.9,True,False,True,True,True,True,26.6,NATA,3267,136,Medium (1-5L),South,5,1
Kharagpur Institute of Information Technology (Deemed),Kharagpur,West Bengal,Deemed,1962,63.0,A++,67,145.0,27.9,309813.0,141950,False,60.4,4.83,12.81,159,2242.8,False,True,False,True,False,False,78.5,MHT CET,4047,64,Medium (1-5L),East,2,6
District Arts College Karimnagar,Karimnagar,Telangana,Government,1886,,A,118,1152.0,2.2,39063.0,128555,False,37.5,5.65,31.48,191,133.3,True,True,True,True,True,True,81.4,COMEDK,2562,140,Low (<1L),South,6,4
Government Model College Kolhapur,Kolhapur,Maharashtra,Government,1958,481.0,B+,192,791.5,4.1,11422.0,138604,True,47.3,2.33,13.43,426,2374.9,True,False,False,True,False,False,12.1,SRMJEEE,3290,68,Low (<1L),West,2,2
Rani Autonomous Institute Korba,Korba,Chhattisgarh,Autonomous,1984,220.0,A,158,1106.0,1.3,55317.0,171157,True,50.1,4.8,21.8,676,1600.4,False,True,False,False,True,True,34.2,COMEDK,1492,42,Low (<1L),Central,3,4
Sri Raman Institute of Education Aizawl,Aizawl,Mizoram,Private,1855,298.0,A,191,680.0,9.0,103783.0,38076,True,45.3,2.85,13.87,583,1437.1,False,False,True,True,False,False,7.7,MHT CET,6130,171,Medium (1-5L),Northeast,2,4
Khammam Autonomous College of Nursing,Khammam,Telangana,Autonomous,1963,,B,158,1497.0,4.6,38825.0,28277,True,35.3,4.31,27.91,562,245.1,True,True,True,True,False,True,55.4,TS EAMCET,6900,63,Low (<1L),South,5,1
Sri Aryabhata Institute of Homeopathy Namchi,Namchi,Sikkim,Private,1889,126.0,B+,131,610.0,2.2,495018.0,123105,True,64.1,10.53,58.12,395,557.9,True,False,True,False,True,True,7.5,UPSEE,1368,137,Medium (1-5L),Northeast,4,2
Patel University Imphal,Imphal,Manipur,Private,2000,416.0,B+,169,536.0,6.8,252926.0,118277,True,48.1,3.62,11.49,659,1600.9,False,False,False,False,False,False,54.8,TS EAMCET,3649,26,Medium (1-5L),Other,0,2
Chandigarh College of Applied Sciences,Chandigarh,Chandigarh,Private,1896,98.0,B++,197,1372.0,1.7,674605.0,92129,True,65.1,6.79,43.79,628,377.1,False,False,False,True,True,False,32.2,BITSAT,2338,130,High (>5L),North,2,3
Government Ayurveda College Aizawl,Aizawl,Mizoram,Government,1963,44.0,B++,66,923.0,1.5,204443.0,35521,True,90.9,17.38,87.2,30,1975.7,True,False,False,False,False,False,20.7,AP EAMCET,1368,63,Medium (1-5L),Northeast,1,3
Devi Ahilya Institute of Technology Begusarai,Begusarai,Bihar,Private,1973,122.0,B,153,1133.0,3.4,768664.0,44385,False,58.3,6.41,30.33,27,,True,False,True,False,False,True,49.3,GATE,3894,53,High (>5L),East,3,1
Puducherry Medical Sciences Autonomous College,Puducherry,Puducherry,Autonomous,1925,37.0,A+,80,850.0,2.6,480626.0,64222,True,89.0,9.88,26.72,532,109.4,False,False,False,False,True,False,69.7,KCET,2227,101,Medium (1-5L),South,1,5
District Ayurveda College Dibrugarh,Dibrugarh,Assam,Government,1981,,A+,14,812.0,4.5,85952.0,168261,True,85.8,6.9,35.17,298,328.1,True,True,True,False,True,False,23.4,GATE,3662,45,Low (<1L),Northeast,4,5
Namchi Government Engineering College,Namchi,Sikkim,Government,1872,,B+,148,783.0,4.8,38680.0,111773,True,76.0,8.21,47.08,652,665.5,True,True,True,True,True,True,12.4,University Entrance,3795,154,Low (<1L),Northeast,6,2
Government Model College Bilaspur,Bilaspur,Chhattisgarh,Government,1962,,A+,174,312.0,20.1,97299.0,165394,False,75.3,11.48,62.48,44,226.4,False,False,True,False,True,True,75.6,WBJEE,6283,64,Low (<1L),Central,3,5
Modern Institute of Technology Delhi,Delhi,Delhi,Private,1983,294.0,B+,76,1345.0,5.4,332424.0,127776,True,45.7,2.18,8.38,286,44.0,True,True,True,False,False,False,42.6,GATE,7202,43,Medium (1-5L),North,3,2
District Fine Arts College Imphal,Imphal,Manipur,Government,1955,250.0,B+,195,1171.0,6.6,43601.0,80706,True,69.6,12.14,63.29,629,2248.9,True,False,False,False,False,False,44.7,VITEEE,7758,71,Low (<1L),Other,1,2
Bose University Naharlagun,Naharlagun,Arunachal Pradesh,Private,2016,22.0,A+,114,485.0,15.1,2456620.0,152976,True,88.1,11.1,25.96,676,221.6,False,False,True,False,True,True,51.6,CAT,7311,10,High (>5L),Northeast,3,5
Deemed Institute of Information Technology Gaya,Gaya,Bihar,Deemed,2013,,A,69,1439.0,1.3,145784.0,110376,True,47.1,4.12,21.73,298,1886.2,True,True,False,False,False,True,6.4,KCET,1847,13,Medium (1-5L),East,3,4
Fergusson College,Pune,Maharashtra,Autonomous,1885,197.0,A+,94,815.0,3.1,242042.0,130009,True,74.1,8.31,37.11,569,939.6,True,True,True,True,True,True,70.6,Own Entrance,2500,141,Medium (1-5L),West,6,5
Guru Gobind Singh Institute of Applied Sciences Aizawl,Aizawl,Mizoram,Private,1926,207.0,B,19,1283.0,1.7,789526.0,130601,True,65.9,5.4,15.62,484,406.7,True,True,False,True,False,False,83.5,CAT,2215,100,High (>5L),Northeast,3,1
Ghaziabad College of Education,Ghaziabad,Uttar Pradesh,Private,1875,,A,174,1157.0,2.0,382046.0,101174,True,32.0,5.45,31.26,86,2339.2,False,False,False,False,True,False,27.1,NATA,2324,151,Medium (1-5L),North,1,4
Laxmi Academy of Computer Science Ranchi,Ranchi,Jharkhand,Deemed,2018,208.0,A,70,795.0,7.7,117600.0,177180,False,52.1,3.66,18.23,98,1650.3,True,False,False,True,False,False,71.5,SRMJEEE,6120,8,Medium (1-5L),East,2,4
District Physical Education College Chandigarh,Chandigarh,Punjab,Government,1977,354.0,B++,5,208.0,17.9,10745.0,29165,True,49.9,2.09,13.0,50,50.9,True,True,True,False,False,False,76.3,Own Entrance,3733,49,Low (<1L),North,3,3
Sikkim State Architecture College Namchi,Namchi,Sikkim,Government,1978,59.0,B,157,1443.0,0.3,124119.0,59308,False,85.9,12.09,81.65,600,1216.8,True,True,False,False,True,True,59.5,KCET,367,48,Medium (1-5L),Northeast,4,1
Government Polytechnic Silchar,Silchar,Assam,Government,1955,473.0,B++,38,108.0,10.7,8585.0,60333,True,37.2,3.86,19.96,547,1859.5,True,False,False,True,True,True,4.7,GATE,1156,71,Low (<1L),Northeast,4,3
District Dental Sciences College Imphal,Imphal,Manipur,Government,1939,139.0,B,214,791.5,4.1,58880.0,155854,True,75.2,12.41,48.71,607,1583.3,False,False,False,True,True,True,82.7,Own Entrance,3285,87,Low (<1L),Other,3,1
Deemed Institute of Social Work Haridwar,Haridwar,Uttarakhand,Deemed,2021,299.0,A,161,1338.0,3.6,170200.0,141082,False,27.9,2.88,18.68,371,1161.0,True,True,True,True,False,False,4.8,AP EAMCET,4875,5,Medium (1-5L),North,4,4
Excel Institute of Commerce Imphal,Imphal,Manipur,Private,1940,413.0,B++,24,1360.0,0.6,350525.0,111266,False,60.7,4.96,10.72,438,2211.7,False,False,False,False,True,False,68.6,JEE Advanced,840,86,Medium (1-5L),Other,1,3
District Physical Education College Warangal,Warangal,Telangana,Government,1922,171.0,A++,151,1025.0,1.5,15273.0,52067,True,77.6,8.07,32.5,327,1415.3,True,True,True,True,True,True,76.6,GATE,1559,104,Low (<1L),South,6,6
Autonomous College of Fashion Design Dimapur,Dimapur,Nagaland,Autonomous,1861,190.0,B+,154,67.0,78.4,35005.0,133734,True,31.5,4.8,21.8,670,222.0,False,True,True,False,True,True,64.5,SRMJEEE,5250,165,Low (<1L),Northeast,4,2
Raman University Thanjavur,Thanjavur,Tamil Nadu,Private,1861,,B++,226,496.0,10.1,312036.0,106701,True,57.6,2.64,12.62,88,862.7,False,True,False,False,False,True,79.6,CAT,5016,165,Medium (1-5L),South,2,3
Prime College of Information Technology Shillong,Shillong,Meghalaya,Private,1868,203.0,A,180,451.0,4.6,634263.0,105555,True,70.7,6.24,12.8,513,1528.6,True,False,False,False,True,True,61.2,State Level,2077,158,High (>5L),Northeast,3,4
Korba Government Arts College,Korba,Chhattisgarh,Government,1977,181.0,B+,70,921.0,8.2,81030.0,149207,True,87.2,12.38,28.02,431,296.4,False,False,False,False,False,False,32.5,WBJEE,7566,49,Low (<1L),Central,0,2
Jaipur College of Management,Jaipur,Rajasthan,Private,1987,420.0,B++,235,965.0,5.7,138786.0,56086,True,34.9,3.89,20.21,93,1156.4,False,True,False,True,True,False,78.8,Own Entrance,5469,39,Medium (1-5L),North,3,3
State Institute of Journalism Pune,Pune,Maharashtra,Government,1905,73.0,B,93,900.0,5.2,46446.0,21928,False,85.7,23.27,141.16,577,774.6,True,True,True,True,True,True,62.8,JEE Main,4689,121,Low (<1L),West,6,1
Global Academy of Architecture Dimapur,Dimapur,Nagaland,Private,2015,,B+,185,1396.0,0.9,194619.0,80001,True,54.2,2.24,5.91,77,1375.4,False,False,True,True,True,True,70.2,GATE,1286,11,Medium (1-5L),Northeast,4,2
Government Polytechnic Imphal,Imphal,Manipur,Government,1890,181.0,A+,8,795.0,1.5,46446.0,69709,False,82.3,8.07,32.5,624,,False,False,False,False,False,True,73.8,JEE Advanced,1216,136,Low (<1L),Other,1,5
Academy of Applied Sciences Solan,Solan,Himachal Pradesh,Deemed,1895,1.0,B+,122,1037.0,6.0,975029.0,97572,True,94.2,13.42,54.93,691,472.1,True,True,False,True,True,True,66.7,NEET UG,6182,131,High (>5L),North,5,2
Prime College of Management Bellary,Bellary,Karnataka,Private,1854,132.0,B+,115,899.0,5.9,708354.0,24699,True,67.5,9.81,50.52,62,1818.9,False,False,False,False,True,True,42.4,KCET,5313,172,High (>5L),South,2,2
Bose Institute of Management Mohali,Mohali,Punjab,Private,1870,179.0,A+,170,1091.0,0.3,449189.0,69160,True,64.4,10.6,63.5,274,1339.7,True,False,True,False,True,False,71.6,WBJEE,291,156,Medium (1-5L),North,3,5
Ashoka University,Sonipat,Haryana,Private,2014,295.0,A,170,1332.0,0.4,248317.0,121558,True,38.5,3.18,15.87,352,166.6,False,True,True,False,False,True,8.9,Ashoka Aptitude,500,12,Medium (1-5L),North,3,4
Government Model College Kannur,Kannur,Kerala,Government,1941,151.0,B++,26,911.0,4.5,16844.0,142100,True,79.6,14.58,99.78,254,470.0,False,False,True,False,True,False,26.5,CLAT,4101,85,Low (<1L),South,2,3
National Institute of Technology Silchar,Silchar,Assam,Government,1967,383.0,A,142,954.0,0.6,46446.0,173862,False,50.3,4.64,29.35,505,864.1,False,False,False,False,True,True,47.4,JEE Main,600,59,Low (<1L),Northeast,2,4
Srinivasa College of Management and Research Aizawl,Aizawl,Mizoram,Private,1964,394.0,B++,223,439.0,1.9,378116.0,52237,True,30.9,4.01,19.46,681,2179.7,False,False,False,False,False,False,67.2,BITSAT,850,62,Medium (1-5L),Northeast,0,3
District Social Work College Hyderabad,Hyderabad,Telangana,Government,1976,,B+,208,195.0,17.9,62684.0,175596,False,71.9,7.49,41.29,162,325.4,False,True,False,True,True,False,51.8,SRMJEEE,3489,50,Low (<1L),South,3,2
District Veterinary Science College Patiala,Patiala,Punjab,Government,1893,498.0,B++,5,190.0,41.8,46446.0,163613,True,42.1,3.32,9.67,124,2455.0,False,False,False,True,False,True,59.7,NATA,7947,133,Low (<1L),North,2,3
Chandigarh Government Architecture College,Chandigarh,Chandigarh,Government,2011,,B++,240,1001.0,3.4,48869.0,163890,True,65.2,12.07,50.3,633,548.5,True,False,True,False,False,False,17.7,GATE,3379,15,Low (<1L),North,2,3
Radhakrishnan College of Computer Science and Research Bareilly,Bareilly,Uttar Pradesh,Private,1892,,B+,143,351.0,3.9,378116.0,63420,True,91.4,27.18,85.11,634,1061.2,False,True,False,True,False,True,18.0,WBJEE,1360,134,Medium (1-5L),North,3,2
Aurobindo Institute of Veterinary Science Berhampur,Berhampur,Odisha,Private,1919,241.0,A+,37,875.0,4.1,444659.0,108621,True,60.6,8.64,47.06,659,2202.0,False,False,True,True,True,False,49.4,AP EAMCET,3617,107,Medium (1-5L),East,3,5
Vidyasagar College of Applied Sciences and Research Silchar,Silchar,Assam,Private,2019,71.0,B++,213,1378.0,5.1,1497005.0,114753,True,90.9,5.48,25.145,190,716.5,False,False,True,False,True,True,17.4,BITSAT,7088,7,High (>5L),Northeast,3,3
Bharati Institute of Nursing Kozhikode,Kozhikode,Kerala,Private,1981,443.0,A,19,289.0,10.6,143490.0,21316,True,32.6,5.08,17.74,70,607.5,False,True,True,True,False,True,27.2,University Entrance,3061,45,Medium (1-5L),South,4,4
Sri Laxmi Institute of Arts Namchi,Namchi,Sikkim,Private,1931,,A++,131,591.0,9.5,250004.0,106497,False,65.4,5.42,15.82,677,90.6,False,False,False,False,True,False,15.2,UPSEE,5627,95,Medium (1-5L),Northeast,1,6
Autonomous College of Ayurveda Rewa,Rewa,Madhya Pradesh,Autonomous,1899,427.0,A,149,128.0,4.2,131532.0,157851,True,49.3,2.27,6.7,481,75.8,True,False,False,True,False,False,52.1,SRMJEEE,534,127,Medium (1-5L),Central,2,4
Academy of Fine Arts Itanagar,Itanagar,Arunachal Pradesh,Deemed,1881,173.0,A,174,1132.0,0.6,150103.0,177146,False,67.3,9.57,39.27,497,1396.8,True,True,True,False,True,False,13.9,TS EAMCET,735,145,Medium (1-5L),Northeast,4,4
Autonomous College of Social Work Shillong,Shillong,Meghalaya,Autonomous,1875,,A+,155,777.0,8.7,195910.0,73734,True,56.4,6.61,45.55,383,1346.2,True,True,True,True,True,True,14.5,CLAT,6754,151,Medium (1-5L),Northeast,6,5
Lakshmi Academy of Architecture Jorhat,Jorhat,Assam,Deemed,1961,,B++,44,667.0,1.8,214728.0,151104,True,59.1,5.81,16.07,418,1307.1,False,True,False,False,False,False,67.8,NEET UG,1225,65,Medium (1-5L),Northeast,1,3
Government Model College Karaikal,Karaikal,Puducherry,Government,1889,5.0,B+,107,897.0,2.0,181984.0,162508,True,92.4,21.06,83.98,245,611.2,True,True,True,True,True,False,26.2,COMEDK,1772,137,Medium (1-5L),South,5,2
Modern Institute of Commerce Jamshedpur,Jamshedpur,Jharkhand,Private,1867,120.0,A,38,582.0,0.5,314802.0,60464,True,56.7,8.95,21.53,206,1353.6,False,False,True,False,True,False,7.6,TS EAMCET,293,159,Medium (1-5L),East,2,4
Government Architecture College Thrissur,Thrissur,Kerala,Government,1927,101.0,B++,39,895.0,7.7,55981.0,77650,True,80.8,11.99,79.36,495,467.8,False,True,True,True,False,False,72.0,WBJEE,6849,99,Low (<1L),South,3,3
Global Academy of Dental Sciences Imphal,Imphal,Manipur,Private,1974,248.0,B++,129,222.0,21.2,578410.0,166538,True,60.7,5.67,33.33,273,2496.1,True,True,True,True,True,True,7.1,WBJEE,4712,52,High (>5L),Other,6,3
Academy of Homeopathy Nainital,Nainital,Uttarakhand,Deemed,1923,23.0,B++,174,492.0,0.2,567613.0,159769,True,94.9,18.3,57.14,473,2164.2,True,True,True,True,True,True,8.9,CLAT,120,103,High (>5L),North,6,3
Excel Institute of Law Khammam,Khammam,Telangana,Private,1923,62.0,B++,130,148.0,44.7,216349.0,138976,True,56.1,6.26,31.08,323,,False,True,True,True,False,False,30.6,NEET UG,6611,103,Medium (1-5L),South,3,3
Chandra College of Commerce and Research Baramulla,Baramulla,Jammu & Kashmir,Private,1971,,B+,49,53.0,6.5,714720.0,38597,True,71.4,7.11,20.77,250,1375.4,True,False,True,False,True,True,37.9,WBJEE,342,55,High (>5L),North,4,2
State Institute of Applied Sciences Puducherry,Puducherry,Puducherry,Government,1995,,A,73,1464.0,0.4,24346.0,38209,True,58.3,3.53,13.72,225,2373.6,False,True,True,False,True,False,47.2,JEE Advanced,546,31,Low (<1L),South,3,4
Government College of Law Kurukshetra,Kurukshetra,Haryana,Government,2020,,B++,186,1375.0,1.7,10291.0,43672,False,45.2,5.99,19.59,237,2146.4,True,True,False,False,False,False,58.1,VITEEE,2364,6,Low (<1L),North,2,3
Anantnag Government Medical Sciences College,Anantnag,Jammu & Kashmir,Government,1921,191.0,A++,207,361.0,2.7,69817.0,64879,False,82.5,7.2,25.03,663,2382.0,False,True,False,False,True,False,77.1,CAT,970,105,Low (<1L),North,2,6
Prime College of Technology Gangtok,Gangtok,Sikkim,Private,1879,374.0,B+,119,105.0,30.4,154790.0,53948,True,55.1,2.15,10.94,149,1808.1,True,False,False,True,True,True,56.6,CUET,3194,147,Medium (1-5L),Northeast,4,2
Government Model College Shillong,Shillong,Meghalaya,Government,1853,188.0,B,197,801.0,4.8,72657.0,46483,True,78.6,13.01,67.76,126,1194.8,False,False,False,False,False,False,36.4,MHT CET,3867,173,Low (<1L),Northeast,0,1
Academy of Ayurveda Nagpur,Nagpur,Maharashtra,Deemed,1891,79.0,B+,217,1452.0,1.3,413917.0,77963,True,73.3,8.67,41.56,548,2115.5,True,True,True,False,False,False,60.9,CUET,1844,135,Medium (1-5L),West,3,2
Government Model College Puducherry,Puducherry,Puducherry,Government,2015,40.0,B+,6,523.0,8.4,121186.0,124023,True,94.6,23.31,58.8,507,1673.2,False,False,True,False,False,False,20.2,CUET,4414,11,Medium (1-5L),South,1,2
Bhilai Institute of Science,Bhilai,Chhattisgarh,Private,1923,274.0,A,133,805.0,4.6,328299.0,131391,True,28.1,2.68,14.72,62,151.3,False,True,False,True,True,True,61.7,NATA,3671,103,Medium (1-5L),Central,4,4
Netaji Subhas University of Technology,New Delhi,Delhi,Government,1983,171.0,A+,17,80.0,12.5,85088.0,32736,True,78.7,5.48,13.92,128,1043.1,True,True,True,True,True,True,32.9,JEE Main,1000,43,Low (<1L),North,6,5
Uttar Pradesh State Agriculture College Lucknow,Lucknow,Uttar Pradesh,Government,1909,,A,167,1215.0,2.1,37515.0,94201,True,38.5,3.61,17.55,43,1387.1,True,True,False,True,True,True,24.2,State Level,2591,117,Low (<1L),North,5,4
Sri Aryabhata Institute of Ayurveda Nagaon,Nagaon,Assam,Private,1883,,A,112,1208.0,2.2,372629.0,123922,False,48.0,4.82,16.3,172,613.2,True,True,False,True,True,False,65.4,Own Entrance,2681,143,Medium (1-5L),Northeast,4,4
Rewa Institute of Fashion Design,Rewa,Madhya Pradesh,Private,1990,268.0,B++,126,779.0,4.8,123337.0,94576,True,36.0,3.43,17.61,437,2322.8,True,False,False,True,True,True,77.8,KCET,4473,36,Medium (1-5L),Central,4,3
Deemed Institute of Law Imphal,Imphal,Manipur,Deemed,2016,50.0,A,205,316.0,8.2,548091.0,90690,True,56.0,5.5,24.9,167,61.1,True,True,True,True,False,True,11.7,AP EAMCET,2583,10,High (>5L),Other,5,4
Puducherry Technology Autonomous College,Puducherry,Puducherry,Autonomous,1865,420.0,B++,92,1451.0,1.5,145019.0,54915,True,22.8,3.07,9.15,191,2430.8,True,False,True,True,True,True,35.9,CUET,2204,161,Medium (1-5L),South,5,3
Deemed Institute of Fine Arts Itanagar,Itanagar,Arunachal Pradesh,Deemed,1867,151.0,A,9,303.0,10.5,184479.0,148478,False,59.1,5.56,30.56,387,2445.7,True,True,False,False,False,True,26.4,NATA,3167,159,Medium (1-5L),Northeast,3,4
Nashik Government Commerce College,Nashik,Maharashtra,Government,1979,176.0,A+,162,69.0,51.5,23914.0,165459,True,74.3,13.65,87.4,325,201.4,False,True,False,True,False,False,64.3,SRMJEEE,3554,47,Low (<1L),West,2,5
Academy of Engineering Visakhapatnam,Visakhapatnam,Andhra Pradesh,Deemed,1925,16.0,A+,118,1160.0,6.2,1443667.0,126709,False,81.4,15.98,98.53,188,812.4,True,True,False,False,True,True,3.9,NEET UG,7239,101,High (>5L),South,4,5
Cuttack Autonomous College of Architecture,Cuttack,Odisha,Autonomous,1898,,A,204,1478.0,3.2,63240.0,114762,False,51.15,4.05,16.09,80,1056.4,False,True,False,False,True,True,46.9,CLAT,4702,128,Low (<1L),East,3,4
Puducherry State Science College Puducherry,Puducherry,Puducherry,Government,1913,153.0,B++,191,1185.0,1.4,46446.0,46265,True,42.4,3.36,9.03,490,1093.7,True,False,False,True,True,False,66.4,CLAT,1700,113,Low (<1L),South,3,3
Indian Institute of Management Ahmedabad,Ahmedabad,Gujarat,Government,1961,,A++,150,161.0,2.5,71120.0,63511,True,79.2,12.85,77.97,369,1331.6,True,True,True,True,True,True,51.1,CAT,400,65,Low (<1L),West,6,6
Government Dental Sciences College Vasco da Gama,Vasco da Gama,Goa,Government,1985,169.0,A,78,496.0,3.9,60972.0,119327,True,73.1,6.17,16.89,219,2298.0,True,True,True,True,True,True,24.1,MHT CET,1932,41,Low (<1L),West,6,4
Government Physical Education College Ludhiana,Ludhiana,Punjab,Government,1895,278.0,B++,53,554.0,12.4,30663.0,105249,True,50.9,2.18,12.18,413,629.5,False,True,True,False,False,True,19.1,JEE Advanced,6885,131,Low (<1L),North,3,3
Chandigarh Institute of Law,Chandigarh,Chandigarh,Private,1926,,B+,15,1308.0,2.1,401494.0,67944,False,63.0,4.9,14.74,498,87.5,True,True,True,True,True,True,72.4,VITEEE,2705,100,Medium (1-5L),North,6,2
Government Pharmacy College Meerut,Meerut,Uttar Pradesh,Government,1959,,B++,209,1415.0,2.8,243721.0,84552,False,90.3,17.57,87.12,103,2113.1,False,False,True,False,False,False,83.5,UPSEE,3904,67,Medium (1-5L),North,1,3
Deemed Institute of Agriculture Sambalpur,Sambalpur,Odisha,Deemed,2018,231.0,A,231,566.0,9.2,245002.0,32869,True,74.0,5.2,11.27,276,1238.2,True,True,True,True,True,True,34.4,KCET,5207,8,Medium (1-5L),East,6,4
Autonomous College of Hotel Management Siliguri,Siliguri,West Bengal,Autonomous,2013,105.0,A,215,61.0,121.3,239895.0,169710,True,68.3,8.02,33.74,433,1985.3,False,False,False,False,False,True,38.1,CAT,7402,13,Medium (1-5L),East,1,4
Autonomous College of Dental Sciences Sikar,Sikar,Rajasthan,Autonomous,1885,220.0,B+,146,1360.0,1.8,108921.0,68464,True,43.5,2.11,11.32,158,702.3,False,False,True,True,False,True,52.1,VITEEE,2491,141,Medium (1-5L),North,3,2
Government Model College Dharamsala,Dharamsala,Himachal Pradesh,Government,1923,,B,94,279.0,27.4,15814.0,93859,True,71.9,4.34,11.49,186,2314.3,True,False,True,False,False,False,74.2,COMEDK,7646,103,Low (<1L),North,2,1
Gwalior Institute of Law (Deemed),Gwalior,Madhya Pradesh,Deemed,1993,115.0,A++,114,747.0,5.0,554485.0,90076,True,52.2,6.73,20.83,353,1990.7,True,True,True,True,True,True,43.1,NATA,3707,33,High (>5L),Central,6,6
National Institute of Technology Kurukshetra,Kurukshetra,Haryana,Government,1963,461.0,A,158,1386.0,0.5,16613.0,171664,True,36.1,5.26,13.24,630,2207.0,True,True,True,True,True,True,43.3,JEE Main,750,63,Low (<1L),North,6,4
Christian Medical College Vellore,Vellore,Tamil Nadu,Private,1900,199.0,A++,226,1192.0,0.1,692296.0,103947,True,79.7,6.97,28.37,236,1853.6,False,True,True,True,True,True,2.4,NEET UG,150,126,High (>5L),South,5,6
Gandhi Academy of Education Baramulla,Baramulla,J&K,Deemed,1909,,A+,196,1099.0,4.2,309813.0,97839,False,74.7,4.07,15.73,633,1429.0,True,True,True,True,True,True,79.8,AP EAMCET,4593,117,Medium (1-5L),Other,6,5
Modern Institute of Dental Sciences Imphal,Imphal,Manipur,Private,1915,,B+,205,114.0,51.5,1068293.0,100065,True,80.0,11.18,63.4,465,925.2,True,False,False,True,False,False,4.8,COMEDK,5876,111,High (>5L),Other,2,2
Jammu Autonomous College of Journalism,Jammu,Jammu & Kashmir,Autonomous,1926,91.0,A,113,1314.0,6.0,207848.0,164722,True,51.5,5.15,13.61,86,1375.5,True,True,True,True,True,False,22.9,GATE,7903,100,Medium (1-5L),North,5,4
Modern Institute of Social Work Coimbatore,Coimbatore,Tamil Nadu,Private,1870,,B+,139,830.0,8.2,1769290.0,116451,True,97.0,24.84,162.65,98,186.8,False,True,True,True,True,True,20.2,TNEA,6792,156,High (>5L),South,5,2
Korba Autonomous College of Management,Korba,Chhattisgarh,Autonomous,1945,,B++,16,1111.0,0.1,122990.0,87902,False,45.7,2.84,10.31,322,1955.3,False,False,True,False,False,True,15.3,JEE Main,160,81,Medium (1-5L),Central,2,3
Vivekananda Deemed University Chennai,Chennai,Tamil Nadu,Deemed,1912,243.0,A+,204,1269.0,4.6,321954.0,126546,True,51.6,9.77,43.08,205,1997.5,True,False,True,True,True,True,60.0,NEET UG,5857,114,Medium (1-5L),South,5,5
Academy of Science Berhampur,Berhampur,Odisha,Deemed,2013,143.0,A+,26,1143.0,4.8,205486.0,117963,False,75.4,5.82,25.11,238,297.2,False,True,False,False,True,False,55.9,CLAT,5498,13,Medium (1-5L),East,2,5
Padmavati College of Pharmacy and Research Naharlagun,Naharlagun,Arunachal Pradesh,Private,1985,491.0,A,178,1307.0,0.4,240404.0,83498,True,30.1,2.23,12.23,312,1815.5,True,True,True,True,True,True,44.8,State Level,585,41,Medium (1-5L),Northeast,6,4
Chanakya Institute of Arts Tura,Tura,Meghalaya,Private,1932,397.0,A,111,144.0,21.5,153958.0,162562,True,47.4,4.36,23.66,419,1636.6,True,True,True,True,True,False,30.9,WBJEE,3090,94,Medium (1-5L),Northeast,5,4
Autonomous College of Ayurveda Dimapur,Dimapur,Nagaland,Autonomous,2014,,B+,226,461.0,14.3,135158.0,152644,False,49.7,4.95,19.87,498,521.0,True,True,False,True,False,False,19.4,AP EAMCET,6602,12,Medium (1-5L),Northeast,3,2
Galgotias Foundation Fine Arts College Jorhat,Jorhat,Assam,Private,1932,83.0,A,186,406.0,13.1,1094186.0,98992,True,84.7,10.34,61.38,210,310.5,True,True,True,True,True,True,23.1,UPSEE,5321,94,High (>5L),Northeast,6,4
District Social Work College Tura,Tura,Meghalaya,Government,1927,86.0,A,182,790.0,1.8,39256.0,141736,True,75.1,10.23,44.38,455,2104.0,True,True,True,True,True,False,75.4,CAT,1393,99,Low (<1L),Northeast,5,4
Anantnag Institute of Physical Education,Anantnag,Jammu & Kashmir,Private,2002,,B++,27,253.0,17.9,1679444.0,156627,False,87.2,25.1,159.76,391,1387.9,False,False,True,False,False,False,52.1,State Level,4524,24,High (>5L),North,1,3
Patel University Warangal,Warangal,Telangana,Private,1853,2.0,A,200,1344.0,3.5,1848785.0,130560,True,95.1,5.48,25.145,563,1390.4,False,True,False,False,False,False,35.8,JEE Advanced,4740,173,High (>5L),South,1,4
Rani Foundation Management College Kollam,Kollam,Kerala,Private,1930,192.0,B+,187,1006.0,6.4,768141.0,72951,False,72.3,7.87,42.28,377,2148.9,True,False,True,False,True,False,56.3,WBJEE,6399,96,High (>5L),South,3,2
Korba Government Medical Sciences College,Korba,Chhattisgarh,Government,2020,60.0,B++,49,876.0,3.8,72133.0,84058,True,75.7,12.2,33.8,647,1807.4,True,True,False,True,False,False,56.8,UPSEE,3355,6,Low (<1L),Central,3,3
Deemed Institute of Physical Education Durg,Durg,Chhattisgarh,Deemed,1851,435.0,A,55,1216.0,5.2,206642.0,149142,True,26.2,3.97,15.53,223,2201.8,True,True,True,False,True,True,64.6,KCET,6381,175,Medium (1-5L),Central,5,4
Babasaheb Foundation Applied Sciences College Anantnag,Anantnag,Jammu & Kashmir,Private,1924,15.0,B++,214,533.0,3.7,1148392.0,55153,True,95.9,15.7,103.55,97,1722.0,True,False,True,True,True,True,36.2,TNEA,1961,102,High (>5L),North,5,3
Saraswati Deemed University New Delhi,New Delhi,Delhi,Deemed,1900,229.0,B+,17,834.0,4.4,154326.0,154951,False,50.3,3.27,19.42,17,15.4,False,True,False,False,False,False,6.6,UPSEE,3631,126,Medium (1-5L),North,1,2
IISER Thiruvananthapuram,Thiruvananthapuram,Kerala,Government,2008,84.0,A,159,1075.0,0.1,193748.0,105245,True,90.3,25.74,89.43,450,249.7,False,False,False,True,True,True,59.9,IAT,150,18,Medium (1-5L),South,3,4
Prime College of Information Technology Korba,Korba,Chhattisgarh,Private,1977,4.0,B++,106,495.0,1.2,1809344.0,94764,True,89.5,27.18,146.02,224,1543.3,False,True,False,True,False,False,69.6,TNEA,611,49,High (>5L),Central,2,3
Jawaharlal Nehru University,New Delhi,Delhi,Government,1969,123.0,A++,214,848.0,2.9,46446.0,95442,True,67.8,11.77,45.89,363,2386.6,True,True,True,True,True,True,68.6,JNUEE,2500,57,Low (<1L),North,6,6
Kashmir University,Srinagar,Jammu & Kashmir,Government,1948,,A,16,1306.0,0.6,9720.0,29667,False,55.7,3.96,8.3,258,1753.8,False,True,False,True,False,False,12.0,CUET,800,78,Low (<1L),North,2,4
Government Model College Patna,Patna,Bihar,Government,1852,438.0,B++,88,687.0,6.9,23147.0,135180,True,43.1,5.03,26.37,503,1732.4,False,True,False,True,True,False,42.6,NATA,4710,174,Low (<1L),East,3,3
Kalam Academy of Fashion Design Madurai,Madurai,Tamil Nadu,Deemed,1988,,B+,159,1027.0,5.2,295958.0,94834,False,30.9,3.44,7.85,417,2005.3,True,False,True,True,True,False,37.3,CLAT,5314,38,Medium (1-5L),South,4,2
Modern Institute of Hotel Management Mapusa,Mapusa,Goa,Private,1932,,B++,182,1010.0,5.9,397902.0,48192,True,35.9,5.48,25.145,331,1665.0,True,True,True,True,True,True,52.1,State Level,5936,94,Medium (1-5L),West,6,3
Lucknow University,Lucknow,Uttar Pradesh,Government,1920,183.0,A+,178,1097.0,2.3,57904.0,57563,True,82.7,5.98,41.33,145,,True,False,False,True,False,False,4.1,Own Entrance,2500,106,Low (<1L),North,2,5
Phagwara Autonomous College of Hotel Management,Phagwara,Punjab,Autonomous,1922,203.0,A++,239,1116.0,5.3,172301.0,173026,False,61.3,7.23,24.43,377,1065.9,True,True,False,False,False,True,51.8,VITEEE,5963,104,Medium (1-5L),North,3,6
Autonomous College of Physical Education Agartala,Agartala,Tripura,Autonomous,1979,,B+,7,1389.0,4.6,89656.0,71802,True,33.8,3.59,7.64,279,2209.1,False,True,False,False,False,False,49.8,SRMJEEE,6353,47,Low (<1L),Northeast,1,2
Gujarat University,Ahmedabad,Gujarat,Government,1949,59.0,A+,245,1292.0,1.5,20482.0,179365,True,81.9,8.8,31.37,595,1485.3,True,True,False,True,True,True,45.1,Own Entrance,2000,77,Low (<1L),West,5,5
Agartala Science Autonomous College,Agartala,Tripura,Autonomous,1931,435.0,B,221,796.0,9.2,88429.0,151606,True,40.3,4.06,10.75,441,902.6,True,False,False,True,False,True,12.0,SRMJEEE,7314,95,Low (<1L),Northeast,3,1
Modern Institute of Architecture Gwalior,Gwalior,M.P.,Private,1868,187.0,B++,162,842.0,3.8,489305.0,140624,True,57.0,11.52,43.05,208,1573.1,True,True,True,True,True,True,64.6,JEE Main,3160,158,Medium (1-5L),Other,6,3
Galgotias College of Pharmacy and Research Roorkee,Roorkee,Uttarakhand,Private,1945,,A+,164,337.0,2.1,724366.0,68665,True,60.9,5.88,31.21,45,1771.8,True,True,True,True,True,True,83.4,AP EAMCET,697,81,High (>5L),North,6,5
Patel Institute of Commerce Imphal,Imphal,Manipur,Private,2022,,A+,186,1130.0,5.2,525888.0,67512,True,58.0,6.41,17.29,532,,True,True,True,True,True,True,33.6,JEE Advanced,5856,4,High (>5L),Other,6,5
Government College of Architecture Dharamsala,Dharamsala,Himachal Pradesh,Government,1890,23.0,B++,8,886.0,1.6,254735.0,70327,True,98.9,29.95,171.21,21,267.2,False,True,True,True,False,True,28.1,CUET,1382,136,Medium (1-5L),North,4,3
Deemed Institute of Applied Sciences Srinagar,Srinagar,Jammu & Kashmir,Deemed,1890,,A,146,481.0,6.9,140118.0,96070,True,49.0,5.64,20.63,264,2350.2,True,True,True,True,False,True,4.0,COMEDK,3300,136,Medium (1-5L),North,5,4
Modern Institute of Technology Chandigarh,Chandigarh,Chandigarh,Private,1944,,B+,26,1409.0,3.2,198018.0,97026,True,31.3,5.03,28.4,491,944.4,True,True,False,True,True,True,35.5,TNEA,4512,82,Medium (1-5L),North,5,2
Cochin University of Science and Technology,Kochi,Kerala,Government,1971,192.0,A+,211,335.0,3.6,85507.0,144130,True,70.5,7.25,45.59,484,2287.0,True,True,True,True,True,True,48.2,CUSAT CAT,1200,55,Low (<1L),South,6,5
Modern Institute of Dental Sciences Dimapur,Dimapur,Nagaland,Private,1968,269.0,B,68,779.0,4.8,304441.0,47109,False,56.2,3.0,17.67,31,1183.0,True,True,True,True,True,False,78.4,NEET UG,537,58,Medium (1-5L),Northeast,5,1
Kharagpur Government Commerce College,Kharagpur,West Bengal,Government,1894,80.0,B+,20,387.0,9.6,42849.0,109443,True,66.2,11.02,48.67,599,1448.4,True,False,True,False,True,False,18.4,MHT CET,3720,132,Low (<1L),East,3,2
Government Journalism College Puri,Puri,Odisha,Government,1911,100.0,B++,110,1296.0,3.0,134639.0,101215,True,92.7,28.19,119.98,107,27.7,False,True,False,False,False,False,11.8,Own Entrance,3904,115,Medium (1-5L),East,1,3
Government Model College Sambalpur,Sambalpur,Odisha,Government,1930,110.0,A,30,45.0,45.7,51807.0,118381,False,66.4,10.45,29.24,250,1339.5,True,True,False,False,True,False,46.9,CUET,2056,96,Low (<1L),East,3,4
Gujarat National Law University,Gandhinagar,Gujarat,Government,2003,,A,163,963.0,0.1,95412.0,165467,False,87.3,18.64,54.72,64,2164.1,False,False,False,False,True,True,81.0,CLAT,100,23,Low (<1L),West,2,4
Government Polytechnic Karaikal,Karaikal,Puducherry,Government,2013,81.0,B++,112,291.0,0.3,66850.0,63174,True,94.9,17.04,93.38,475,1450.1,False,False,True,True,True,True,33.0,JEE Advanced,75,13,Low (<1L),South,4,3
Government College of Applied Sciences Anantnag,Anantnag,Jammu & Kashmir,Government,1958,88.0,B+,102,472.0,12.8,50376.0,47247,True,71.9,27.03,69.09,166,684.4,True,False,True,False,False,False,16.7,Own Entrance,6031,68,Low (<1L),North,2,2
Nehru Autonomous Institute Chandigarh,Chandigarh,Chandigarh,Autonomous,2009,320.0,B++,231,973.0,3.5,80897.0,20254,False,37.3,2.72,9.57,389,67.5,True,False,True,True,False,False,39.2,CAT,3386,17,Low (<1L),North,3,3
Odisha State Computer Science College Bhubaneswar,Bhubaneswar,Odisha,Government,1974,,B++,52,1339.0,1.5,59170.0,173799,True,98.8,23.27,135.48,343,344.7,True,True,True,True,True,True,56.2,TS EAMCET,1995,52,Low (<1L),East,6,3
Autonomous College of Ayurveda Kochi,Kochi,Kerala,Autonomous,1939,231.0,B,179,1181.0,1.1,97530.0,51025,True,45.9,5.33,16.92,100,1185.7,True,True,True,True,True,True,60.4,CUET,1321,87,Low (<1L),South,6,1
Bilaspur Institute of Engineering (Deemed),Bilaspur,Chhattisgarh,Deemed,1937,,A,243,323.0,24.4,167301.0,31329,True,46.8,2.9,16.89,412,789.0,True,True,True,True,True,True,14.3,CAT,7874,89,Medium (1-5L),Central,6,4
Visvesvaraya National Institute of Technology,Nagpur,Maharashtra,Government,1960,168.0,A+,226,867.0,0.9,87102.0,29619,True,75.5,8.15,29.47,536,,True,False,False,False,True,True,1.1,JEE Main,800,66,Low (<1L),West,3,5
JSS College of Pharmacy,Mysore,Karnataka,Deemed,1980,167.0,A++,202,1030.0,0.3,432016.0,170704,True,59.1,6.38,24.79,259,1894.2,True,True,True,True,False,True,81.7,Own Entrance,300,46,Medium (1-5L),South,5,6
Ramanujan Institute of Education Patiala,Patiala,Punjab,Private,1970,216.0,A,111,1460.0,3.7,329695.0,38192,True,28.4,4.94,19.11,549,,False,False,True,True,True,True,18.7,TNEA,5418,56,Medium (1-5L),North,4,4
National Institute of Technology Meghalaya,Shillong,Meghalaya,Government,2010,495.0,B++,148,761.0,0.4,38023.0,162210,True,54.3,3.29,8.48,501,1457.9,True,True,True,True,True,True,80.2,JEE Main,300,16,Low (<1L),Northeast,6,3
Tiruchirappalli Institute of Education (Deemed),Tiruchirappalli,Tamil Nadu,Deemed,1858,238.0,A+,65,461.0,3.3,433350.0,81973,True,70.4,5.63,25.51,182,1185.9,False,True,False,True,True,False,3.0,University Entrance,1507,168,Medium (1-5L),South,3,5
Autonomous College of Engineering Agartala,Agartala,Tripura,Autonomous,1861,94.0,A++,245,916.0,6.1,418118.0,147018,True,78.8,13.35,32.13,497,2467.2,True,True,True,True,True,True,73.0,TNEA,5613,165,Medium (1-5L),Northeast,6,6
Government College of Pharmacy Dimapur,Dimapur,Nagaland,Government,1858,82.0,B++,88,1166.0,5.4,49093.0,35955,True,68.6,8.5,47.96,121,1747.8,True,True,True,True,True,False,19.4,AP EAMCET,6255,168,Low (<1L),Northeast,5,3
Autonomous College of Ayurveda Aizawl,Aizawl,Mizoram,Autonomous,2010,73.0,A+,96,1157.0,6.5,442853.0,108292,False,89.4,13.4,38.48,364,1900.4,True,True,True,False,True,False,21.5,Own Entrance,7513,16,Medium (1-5L),Northeast,4,5
Kharagpur Institute of Architecture (Deemed),Kharagpur,West Bengal,Deemed,1889,70.0,A+,29,95.0,25.4,611769.0,80670,True,88.8,18.84,42.93,205,325.3,True,False,True,True,True,True,45.2,CLAT,2413,137,High (>5L),East,5,5
Bharati Foundation Law College Tezpur,Tezpur,Assam,Private,1882,180.0,A,236,770.0,2.5,621050.0,28898,True,74.1,5.08,25.23,75,206.9,True,True,True,True,True,True,42.0,COMEDK,1894,144,High (>5L),Northeast,6,4
Solan College of Computer Science,Solan,Himachal Pradesh,Private,1889,,B++,206,1381.0,4.6,323268.0,70703,True,66.1,5.91,33.74,663,756.3,False,False,False,True,False,True,1.2,SRMJEEE,6395,137,Medium (1-5L),North,2,3
Excel Institute of Medical Sciences New Delhi,New Delhi,Delhi,Private,1980,,B++,154,1384.0,3.3,443476.0,58835,True,61.4,6.97,16.43,346,1776.4,True,True,True,True,True,True,15.5,University Entrance,4587,46,Medium (1-5L),North,6,3
Hyderabad College of Pharmacy,Hyderabad,Telangana,Private,2005,335.0,A,234,1030.0,7.6,278380.0,88323,True,42.4,4.15,18.42,145,1871.5,False,True,True,True,False,False,84.7,Own Entrance,7829,21,Medium (1-5L),South,3,4
Kolhapur Institute of Homeopathy,Kolhapur,Maharashtra,Private,2001,,B,63,391.0,14.5,927827.0,124664,True,95.1,23.64,64.67,496,807.3,True,False,True,False,True,False,29.2,WBJEE,5684,25,High (>5L),West,3,1
Sardar Deemed University Ajmer,Ajmer,Rajasthan,Deemed,1976,,B+,189,1081.0,4.7,1467302.0,96170,True,91.3,8.96,24.79,288,2479.7,True,True,False,True,False,True,63.9,UPSEE,5095,50,High (>5L),North,4,2
Aryabhatta College of Architecture and Research Shillong,Shillong,Meghalaya,Private,2012,71.0,B,76,220.0,17.9,509711.0,43566,True,80.3,7.86,43.49,427,2088.9,False,False,False,False,True,True,30.0,NEET UG,3940,14,High (>5L),Northeast,2,1
Meera Deemed University Anantnag,Anantnag,Jammu & Kashmir,Deemed,1882,262.0,A,152,1494.0,4.7,309813.0,53116,True,50.3,3.47,21.35,28,2345.4,True,True,True,True,True,True,5.2,JEE Main,6981,144,Medium (1-5L),North,6,4
Sri Nehru Institute of Homeopathy Aligarh,Aligarh,Uttar Pradesh,Private,1879,202.0,A,102,928.0,1.7,384265.0,20553,True,55.4,9.53,37.45,127,115.2,True,True,True,True,True,True,3.5,JEE Main,1576,147,Medium (1-5L),North,6,4
Prime College of Social Work Vasco da Gama,Vasco da Gama,Goa,Private,1972,35.0,B++,50,836.0,1.6,1399232.0,120182,True,97.6,11.18,66.69,338,1410.3,True,True,True,False,True,True,17.5,BITSAT,1342,54,High (>5L),West,5,3
Pilani Pharmacy Autonomous College,Pilani,Rajasthan,Autonomous,1923,151.0,B++,8,533.0,10.6,111943.0,81596,True,32.4,4.58,17.2,260,669.9,False,False,True,False,True,False,55.6,WBJEE,5634,103,Medium (1-5L),North,2,3
Excel Institute of Agriculture Margao,Margao,Goa,Private,1902,155.0,B++,82,930.0,4.4,591784.0,26132,True,67.2,4.0,25.18,12,1047.9,True,False,True,False,False,False,42.6,UPSEE,4067,124,High (>5L),West,2,3
Autonomous College of Dental Sciences Naharlagun,Naharlagun,Arunachal Pradesh,Autonomous,1897,431.0,A,61,462.0,10.7,83521.0,70982,False,20.1,4.32,23.56,145,1221.5,True,True,True,False,False,False,66.1,AP EAMCET,4941,129,Low (<1L),Northeast,3,4
Prime College of Homeopathy Gandhinagar,Gandhinagar,Gujarat,Private,1920,88.0,A,187,192.0,36.9,405045.0,125004,True,64.9,9.96,23.87,446,127.7,False,True,True,False,True,False,54.8,JEE Advanced,7085,106,Medium (1-5L),West,3,4
Kakinada College of Management,Kakinada,Andhra Pradesh,Private,1851,358.0,A,238,346.0,1.9,311235.0,95651,True,38.3,3.25,16.06,468,632.2,True,True,True,True,True,True,32.2,AP EAMCET,649,175,Medium (1-5L),South,6,4
Government College of Management Coimbatore,Coimbatore,Tamil Nadu,Government,1957,375.0,B,111,1202.0,3.5,26236.0,56006,True,55.9,3.08,12.45,29,1617.5,False,False,True,True,False,False,75.4,WBJEE,4182,69,Low (<1L),South,2,1
Sri Jai Prakash Institute of Journalism Aizawl,Aizawl,Mizoram,Private,1976,489.0,A,165,1437.0,4.5,378994.0,103428,True,47.5,2.0,10.44,253,923.0,True,False,False,False,False,True,59.4,JEE Advanced,6536,50,Medium (1-5L),Northeast,2,4
Government Model College Gandhinagar,Gandhinagar,Gujarat,Government,1855,,A+,155,633.0,8.7,80370.0,137808,True,79.3,6.2,20.26,261,1294.3,False,True,False,False,True,False,60.7,NATA,5503,171,Low (<1L),West,2,5
Modern Institute of Ayurveda Jammu,Jammu,Jammu & Kashmir,Private,2003,,A,216,761.0,2.1,354090.0,84521,True,36.4,4.52,30.88,685,1707.8,False,False,False,False,True,True,77.4,State Level,1587,23,Medium (1-5L),North,2,4
Madras Christian College,Chennai,Tamil Nadu,Autonomous,1837,,A+,45,929.0,2.2,176546.0,28124,True,57.9,6.92,34.85,64,254.9,True,True,True,True,True,True,18.3,Own Entrance,2000,189,Medium (1-5L),South,6,5
Modern Institute of Veterinary Science Dehradun,Dehradun,Uttarakhand,Private,2018,34.0,B++,135,1296.0,0.2,1750818.0,170026,True,88.0,15.83,109.57,179,1448.2,False,True,True,False,False,False,21.8,NEET UG,238,8,High (>5L),North,2,3
Kullu Autonomous College of Management,Kullu,Himachal Pradesh,Autonomous,1934,125.0,B+,208,1225.0,2.3,157621.0,156631,True,63.1,7.74,41.95,470,2231.1,False,True,False,False,False,False,83.6,TNEA,2826,92,Medium (1-5L),North,1,2
Government College of Social Work Chandigarh,Chandigarh,Chandigarh,Government,1853,,B++,182,791.5,4.1,35637.0,179404,True,81.0,5.91,38.45,457,1773.8,True,False,True,False,True,False,18.4,CAT,3269,173,Low (<1L),North,3,3
Usha Foundation Medical Sciences College Sambalpur,Sambalpur,Odisha,Private,1937,,B+,19,623.0,2.6,549385.0,150855,True,73.8,4.62,28.52,233,1895.3,True,True,False,True,True,False,23.1,MHT CET,1624,89,High (>5L),East,4,2
Banaras Hindu University,Varanasi,Uttar Pradesh,Government,1916,137.0,A++,139,1019.0,4.9,23163.0,56197,True,76.9,10.61,74.17,395,785.8,False,True,True,True,True,True,15.5,UET/PET,5000,110,Low (<1L),North,5,6
Government College of Information Technology Nashik,Nashik,Maharashtra,Government,1966,5.0,B,85,1024.0,0.1,166527.0,147477,True,98.3,29.6,92.04,597,2268.8,True,True,False,False,False,True,51.0,BITSAT,92,60,Medium (1-5L),West,3,1
Chandra University Puducherry,Puducherry,Puducherry,Private,1966,79.0,A,113,1004.0,5.7,860278.0,138350,True,88.2,22.03,112.32,343,2129.0,True,True,True,False,True,True,27.9,COMEDK,5712,60,High (>5L),South,5,4
Prime College of Commerce Raipur,Raipur,Chhattisgarh,Private,1872,206.0,A,113,1283.0,4.3,679736.0,85386,True,75.7,4.98,17.11,254,526.5,True,True,True,True,True,True,72.5,VITEEE,5527,154,High (>5L),Central,6,4
Puri Government Veterinary Science College,Puri,Odisha,Government,1929,,B,57,838.0,0.3,14996.0,98856,True,35.1,2.18,10.98,118,141.9,False,True,False,True,True,True,32.6,NEET UG,290,97,Low (<1L),East,4,1
Government College of Arts Kohima,Kohima,Nagaland,Government,1852,,A,121,719.0,6.8,203685.0,45714,True,95.3,25.68,111.44,603,2238.0,True,False,False,False,False,False,57.7,MHT CET,4910,174,Medium (1-5L),Northeast,1,4
Government Education College Haridwar,Haridwar,Uttarakhand,Government,1920,,B++,140,859.0,3.6,20551.0,169736,False,54.5,5.29,31.88,676,844.9,True,True,True,False,True,True,53.6,CAT,3069,106,Low (<1L),North,5,3
Shri Ram College of Engineering and Research Sonipat,Sonipat,Haryana,Private,1973,336.0,B,165,858.0,4.0,389001.0,168920,True,31.3,2.65,12.17,599,2221.7,False,False,False,False,True,True,83.2,BITSAT,3455,53,Medium (1-5L),North,2,1
Babasaheb University Ramagundam,Ramagundam,Telangana,Private,1998,345.0,B,14,516.0,13.4,154868.0,91890,True,52.7,4.38,14.32,101,2154.9,True,True,True,True,True,True,83.9,CAT,6920,28,Medium (1-5L),South,6,1
National Institute of Technology Jamshedpur,Jamshedpur,Jharkhand,Government,1960,299.0,A,123,272.0,2.4,15379.0,101461,True,49.3,4.21,10.38,130,1620.0,False,True,False,True,True,True,13.9,JEE Main,650,66,Low (<1L),East,4,4
Kamla Nehru College of Veterinary Science and Research Chennai,Chennai,Tamil Nadu,Private,1862,,A+,199,531.0,8.8,531651.0,109723,True,92.3,21.64,135.16,288,1585.8,False,False,True,False,False,True,65.1,VITEEE,4649,164,High (>5L),South,2,5
Central University of Kerala,Kasaragod,Kerala,Government,2009,,A,47,70.0,5.7,8413.0,77091,False,64.1,2.94,12.26,292,1462.6,False,False,False,False,False,True,34.2,CUET,400,17,Low (<1L),South,1,4
State Institute of Veterinary Science Karnal,Karnal,Haryana,Government,1999,185.0,B+,221,77.0,44.3,55251.0,86761,True,71.9,7.1,23.12,389,2490.6,True,True,False,True,True,True,29.3,CLAT,3412,27,Low (<1L),North,5,2
Aizawl Autonomous College of Medical Sciences,Aizawl,Mizoram,Autonomous,1851,59.0,A,163,58.0,71.0,214524.0,169889,False,65.6,3.74,10.29,439,2321.5,False,False,False,False,False,False,78.7,GATE,4120,175,Medium (1-5L),Northeast,0,4
Acharya Autonomous Institute Gwalior,Gwalior,Madhya Pradesh,Autonomous,1991,52.0,A+,226,1094.0,5.6,117865.0,133094,True,70.5,8.0,18.92,552,2296.7,True,True,True,True,True,True,77.0,VITEEE,6145,35,Medium (1-5L),Central,6,5
Subhas College of Pharmacy and Research Delhi,Delhi,Delhi,Private,1880,,A,234,1113.0,1.5,723019.0,140408,True,70.4,9.11,18.78,243,1854.0,True,True,False,True,True,True,31.5,State Level,1673,146,High (>5L),North,5,4
Nagaland University,Zunheboto,Nagaland,Government,1994,315.0,B++,162,1189.0,0.2,36517.0,166616,True,36.9,3.58,17.39,546,617.1,True,True,True,True,True,True,7.0,CUET,200,32,Low (<1L),Northeast,6,3
Government Polytechnic Pantnagar,Pantnagar,Uttarakhand,Government,2010,237.0,B+,191,791.5,4.1,10194.0,131763,True,71.9,4.59,25.07,110,1235.5,True,True,True,True,False,True,28.0,MHT CET,3990,16,Low (<1L),North,5,2
Alappuzha Government Applied Sciences College,Alappuzha,Kerala,Government,1992,416.0,B,44,81.0,97.6,42612.0,38192,False,38.7,5.25,18.97,474,,False,False,False,True,False,True,2.5,CLAT,7906,34,Low (<1L),South,2,1
Bose Autonomous Institute Dehradun,Dehradun,Uttarakhand,Autonomous,2023,,A+,125,1074.0,4.0,211743.0,78675,False,71.5,5.97,38.14,527,2056.5,False,False,False,False,True,False,79.1,KCET,4259,3,Medium (1-5L),North,1,5
Jammu & Kashmir State Management College Baramulla,Baramulla,Jammu & Kashmir,Government,1959,239.0,B++,81,612.0,0.9,91489.0,152760,True,74.6,12.54,58.87,181,347.3,True,False,True,True,True,True,60.3,TS EAMCET,538,67,Low (<1L),North,5,3
Mahatma Gandhi College of Social Work and Research Shillong,Shillong,Meghalaya,Private,2007,375.0,B,116,1332.0,0.4,306889.0,141555,True,30.1,4.52,18.27,199,1337.4,True,False,False,True,True,True,76.5,WBJEE,531,19,Medium (1-5L),Northeast,4,1
Rajendra Prasad Academy of Law Karnal,Karnal,Haryana,Deemed,1987,2.0,B,49,1260.0,2.4,940892.0,103657,True,91.0,13.06,73.18,554,674.3,False,False,False,True,True,False,39.9,JEE Advanced,2976,39,High (>5L),North,2,1
Deemed Institute of Commerce Nainital,Nainital,Uttarakhand,Deemed,1921,114.0,A,248,716.0,5.7,238714.0,95990,True,59.3,4.24,28.16,384,679.7,True,True,True,True,False,False,64.9,KCET,4076,105,Medium (1-5L),North,4,4
Academy of Agriculture Margao,Margao,Goa,Deemed,2021,,A,237,435.0,12.1,1495477.0,102602,False,94.9,17.16,90.43,183,1613.1,True,True,True,True,True,True,58.1,MHT CET,5279,5,High (>5L),West,6,4
Bhagat Singh Deemed University Namchi,Namchi,Sikkim,Deemed,1910,,B+,111,1242.0,2.5,445023.0,59497,False,53.1,4.48,24.72,269,910.9,True,True,True,False,True,True,44.8,NATA,3162,116,Medium (1-5L),Northeast,5,2
Government Polytechnic Delhi,Delhi,Delhi,Government,1907,,B+,158,404.0,3.2,28574.0,174076,False,87.3,11.17,61.12,335,1838.6,False,False,True,False,False,False,76.4,Own Entrance,1297,119,Low (<1L),North,1,2
Sri Ramanujan Institute of Technology Surat,Surat,Gujarat,Private,1870,403.0,A,104,202.0,4.0,148017.0,21006,True,39.3,4.4,13.42,338,1564.4,True,True,True,True,True,True,17.2,CLAT,811,156,Medium (1-5L),West,6,4
Sri Gandhi Institute of Dental Sciences Kullu,Kullu,Himachal Pradesh,Private,1987,174.0,B++,116,431.0,2.7,375361.0,114866,False,52.6,3.7,18.31,502,1412.3,True,False,True,False,False,False,71.4,KCET,1185,39,Medium (1-5L),North,2,3
Deemed Institute of Fashion Design Puducherry,Puducherry,Puducherry,Deemed,1893,51.0,B++,124,522.0,9.2,618649.0,24144,True,89.3,11.73,46.34,182,292.3,True,False,True,True,True,False,16.0,WBJEE,4787,133,High (>5L),South,4,3
State Institute of Nursing Bokaro,Bokaro,Jharkhand,Government,1990,108.0,B++,81,519.0,6.1,65344.0,97510,True,73.9,8.07,32.5,464,1107.8,False,False,True,False,False,True,63.5,TS EAMCET,3147,36,Low (<1L),East,2,3
District Science College Itanagar,Itanagar,Arunachal Pradesh,Government,1936,188.0,A+,240,1309.0,0.3,46446.0,67429,True,74.7,13.64,84.49,525,1297.1,True,True,True,True,True,True,53.0,COMEDK,448,90,Low (<1L),Northeast,6,5
Excel Institute of Hotel Management Jamshedpur,Jamshedpur,Jharkhand,Private,1915,440.0,B,74,1425.0,2.9,146926.0,89970,True,51.6,2.69,17.18,657,1715.6,True,False,False,False,True,True,24.6,NATA,4154,111,Medium (1-5L),East,3,1
Excel Institute of Dental Sciences Nanded,Nanded,Maharashtra,Private,1929,330.0,B++,174,644.0,2.4,215440.0,116462,True,56.6,3.15,17.2,383,1491.5,True,True,False,False,True,True,16.2,CAT,1518,97,Medium (1-5L),West,4,3
Guru Gobind Singh Academy of Physical Education Itanagar,Itanagar,Arunachal Pradesh,Deemed,1956,188.0,B++,225,1205.0,4.2,259983.0,106985,True,44.2,4.82,19.46,606,125.0,True,True,True,True,True,True,31.2,GATE,5067,70,Medium (1-5L),Northeast,6,3
Chandra Deemed University Agartala,Agartala,Tripura,Deemed,1905,123.0,A++,196,1479.0,2.1,424035.0,87640,True,75.0,4.52,28.22,125,1550.8,True,True,True,True,True,True,73.7,GATE,3041,121,Medium (1-5L),Northeast,6,6
Government Polytechnic Siliguri,Siliguri,West Bengal,Government,1914,78.0,A,159,435.0,1.8,37554.0,147209,False,68.1,13.05,48.73,375,714.2,False,True,True,True,False,True,9.2,VITEEE,798,112,Low (<1L),East,4,4
Tagore Academy of Ayurveda Aizawl,Aizawl,Mizoram,Deemed,2022,,B++,83,486.0,5.7,254586.0,164746,True,27.2,5.82,25.11,49,1223.0,True,True,False,False,False,True,81.2,VITEEE,2762,4,Medium (1-5L),Northeast,3,3
Government Model College Bhubaneswar,Bhubaneswar,Odisha,Government,1868,,B+,104,1394.0,1.6,215662.0,133465,True,94.6,23.06,138.82,203,2046.8,False,False,True,False,True,False,71.0,VITEEE,2163,158,Medium (1-5L),East,2,2
Global Academy of Fashion Design Kalyani,Kalyani,West Bengal,Private,1988,,A,117,67.0,79.0,1570708.0,91793,True,91.7,20.51,58.65,170,1178.1,True,False,True,False,True,True,13.7,SRMJEEE,5291,38,High (>5L),East,4,4
Autonomous College of Medical Sciences Vijayawada,Vijayawada,Andhra Pradesh,Autonomous,1919,94.0,A+,113,986.0,7.8,169582.0,105735,True,51.15,4.6,27.64,539,1044.3,False,False,True,False,True,True,72.0,CUET,7660,107,Medium (1-5L),South,3,5
District Social Work College Namchi,Namchi,Sikkim,Government,1924,,A,151,1022.0,3.4,11525.0,58912,True,37.6,3.15,7.07,282,622.1,False,False,False,False,True,True,70.8,CUET,3425,102,Low (<1L),Northeast,2,4
Meghalaya State Pharmacy College Tura,Tura,Meghalaya,Government,1977,,A,117,1232.0,4.8,12633.0,67306,False,61.3,4.41,27.52,12,468.6,False,False,False,False,True,False,15.6,Own Entrance,5921,49,Low (<1L),Northeast,1,4
Tamil Nadu State Law College Vellore,Vellore,Tamil Nadu,Government,1921,70.0,B+,66,304.0,17.5,33749.0,93321,True,72.9,14.21,36.13,84,715.3,False,True,True,True,False,False,58.4,NEET UG,5309,105,Low (<1L),South,3,2
Government Model College Bardhaman,Bardhaman,West Bengal,Government,1977,39.0,A+,152,791.5,4.1,115954.0,61289,True,96.3,25.05,149.95,125,1185.8,True,False,False,False,True,False,57.0,GATE,6829,49,Medium (1-5L),East,2,5
Ramagundam Institute of Medical Sciences (Deemed),Ramagundam,Telangana,Deemed,1895,294.0,A,126,1428.0,4.2,158407.0,61731,True,54.7,4.19,15.45,366,1894.8,False,True,True,False,True,False,33.8,VITEEE,6018,131,Medium (1-5L),South,3,4
Guru Gobind Singh College of Fashion Design and Research Karaikal,Karaikal,Puducherry,Private,1869,163.0,B+,147,512.0,0.5,705258.0,34107,True,66.4,6.89,19.36,516,696.3,True,True,True,True,True,True,15.0,CAT,270,157,High (>5L),South,6,2
Sharda University,Greater Noida,Uttar Pradesh,Private,2009,,A+,100,1366.0,1.8,609985.0,163058,True,63.0,9.07,31.66,21,1384.7,False,False,False,False,False,True,47.6,Own Entrance,2500,17,High (>5L),North,1,5
Bhubaneswar Institute of Education,Bhubaneswar,Odisha,Private,1999,21.0,A+,94,846.0,7.5,1502709.0,79576,True,82.0,25.3,106.07,430,1229.2,True,False,True,True,True,False,16.6,JEE Advanced,6382,27,High (>5L),East,4,5
Government Polytechnic Durgapur,Durgapur,West Bengal,Government,1870,9.0,A+,136,1391.0,4.1,54929.0,146944,True,71.9,12.98,32.96,617,150.0,True,True,False,False,True,True,11.0,TS EAMCET,5719,156,Low (<1L),East,4,5
Deemed Institute of Journalism Delhi,Delhi,Delhi,Deemed,2001,356.0,B++,146,855.0,9.0,132305.0,139564,True,44.0,4.33,22.27,546,706.3,True,True,True,True,True,True,2.2,CUET,7719,25,Medium (1-5L),North,6,3
NMIMS Mumbai,Mumbai,Maharashtra,Deemed,1981,,A++,204,318.0,4.7,984199.0,103376,True,84.1,11.27,75.71,608,274.2,True,True,True,True,True,True,9.9,NMAT,1500,45,High (>5L),West,6,6
Mumbai College of Information Technology,Mumbai,Maharashtra,Private,1911,158.0,A,44,131.0,51.3,385658.0,122214,True,77.3,6.97,43.14,155,1497.7,True,True,True,True,True,True,53.2,University Entrance,6725,115,Medium (1-5L),West,6,4
Kerala State Physical Education College Kollam,Kollam,Kerala,Government,1992,437.0,B,238,290.0,10.0,41957.0,171630,True,48.1,4.84,11.94,112,1997.9,False,False,False,False,True,False,51.5,SRMJEEE,2899,34,Low (<1L),South,1,1
Imphal Autonomous College of Pharmacy,Imphal,Manipur,Autonomous,1873,84.0,B+,167,679.0,8.1,93250.0,129534,True,66.9,6.87,34.71,318,309.7,True,False,True,False,False,False,1.7,MHT CET,5529,153,Low (<1L),Other,2,2
Rani Deemed University Chandigarh,Chandigarh,Chandigarh,Deemed,1935,181.0,A,206,464.0,0.7,373295.0,90723,True,69.5,7.48,36.47,92,1551.9,True,True,True,False,True,True,29.2,SRMJEEE,327,91,Medium (1-5L),North,5,4
Indian Institute of Science,Bangalore,Karnataka,Government,1909,,A++,211,1026.0,0.4,62953.0,159159,False,76.5,7.73,21.82,312,1866.9,False,False,True,False,True,False,29.5,KVPY/JEE,400,117,Low (<1L),South,2,6
Government College of Science Jammu,Jammu,Jammu & Kashmir,Government,1986,9.0,A++,89,416.0,7.4,129295.0,162036,False,89.5,32.51,112.7,346,995.3,True,True,True,True,True,True,24.1,GATE,3098,40,Medium (1-5L),North,6,6
Jorhat College of Information Technology,Jorhat,Assam,Private,1958,234.0,B,30,753.0,7.5,243397.0,176541,True,54.4,3.6,21.66,215,1284.7,True,False,True,True,True,True,22.9,VITEEE,5665,68,Medium (1-5L),Northeast,5,1
Radhakrishnan Foundation Dental Sciences College Jamshedpur,Jamshedpur,Jharkhand,Private,1885,259.0,B++,144,718.0,4.1,142399.0,91514,True,25.8,3.34,20.58,18,2070.1,True,False,False,True,False,False,79.1,BITSAT,2921,141,Medium (1-5L),East,2,3
State Institute of Ayurveda Itanagar,Itanagar,Arunachal Pradesh,Government,2019,,B,191,1355.0,3.3,19615.0,78511,True,46.8,5.12,33.37,154,2177.6,True,True,False,True,True,False,18.6,University Entrance,4501,7,Low (<1L),Northeast,4,1
Government College of Education Hamirpur,Hamirpur,Himachal Pradesh,Government,1892,101.0,B+,21,837.0,7.4,15128.0,21707,True,80.4,8.07,32.5,66,293.7,False,True,False,False,True,True,83.3,VITEEE,6223,134,Low (<1L),North,3,2
Ambala Fashion Design Autonomous College,Ambala,Haryana,Autonomous,1993,,B++,79,899.0,3.6,324391.0,33893,True,90.5,14.6,33.57,38,888.3,True,True,True,True,True,True,8.4,JEE Advanced,3206,33,Medium (1-5L),North,6,3
District Veterinary Science College Hisar,Hisar,Haryana,Government,1960,,A+,50,1341.0,1.3,277546.0,26014,False,98.3,27.72,92.84,95,356.1,True,True,True,True,True,True,24.0,VITEEE,1808,66,Medium (1-5L),North,6,5
Amrita Foundation Homeopathy College Alappuzha,Alappuzha,Kerala,Private,1875,158.0,B+,238,325.0,4.9,674554.0,81534,True,68.0,10.87,30.51,433,500.6,False,True,False,False,False,False,65.0,TNEA,1583,151,High (>5L),South,1,2
Rajendra Prasad University Aizawl,Aizawl,Mizoram,Private,1942,,B,209,1396.0,4.2,523141.0,25524,False,72.4,11.24,24.44,65,1727.3,True,True,False,True,True,False,67.3,VITEEE,5922,84,High (>5L),Northeast,4,1
Autonomous College of Education Tura,Tura,Meghalaya,Autonomous,1952,158.0,B,161,744.0,1.9,60123.0,119045,True,49.3,7.67,19.82,621,1091.6,True,True,True,False,False,True,41.1,WBJEE,1410,74,Low (<1L),Northeast,4,1
Chanakya Autonomous Institute Delhi,Delhi,Delhi,Autonomous,1960,363.0,B++,43,149.0,21.4,42104.0,121249,True,51.15,3.32,20.21,158,1827.1,True,True,False,False,True,False,7.7,NEET UG,3196,66,Low (<1L),North,3,3
Tilak Autonomous Institute Aizawl,Aizawl,Mizoram,Autonomous,1914,211.0,A++,237,609.0,1.4,88841.0,31016,True,71.5,4.44,22.29,217,1802.5,True,True,False,False,True,True,36.1,TS EAMCET,823,112,Low (<1L),Northeast,4,6
Excel Institute of Pharmacy Rewa,Rewa,Madhya Pradesh,Private,1933,,A+,232,259.0,4.9,1392576.0,32747,True,80.7,22.7,106.63,199,2294.8,True,True,False,False,False,False,21.5,NATA,1276,93,High (>5L),Central,2,5
Aurobindo Academy of Architecture Rajahmundry,Rajahmundry,Andhra Pradesh,Deemed,1953,313.0,B+,97,384.0,0.5,213146.0,89763,False,36.9,2.5,12.31,322,2310.1,True,True,True,True,True,True,73.4,CLAT,207,73,Medium (1-5L),South,6,2
Guru Gobind Singh Academy of Hotel Management Margao,Margao,Goa,Deemed,2019,86.0,A,154,1294.0,2.8,941258.0,167682,False,84.3,16.72,87.82,540,2341.5,True,True,True,True,True,False,59.4,CAT,3561,7,High (>5L),West,5,4
Government Veterinary Science College Puducherry,Puducherry,Puducherry,Government,1995,,A,84,701.0,0.2,206576.0,47886,True,91.0,20.18,107.56,357,2357.0,False,True,False,False,False,False,79.6,NEET UG,112,31,Medium (1-5L),South,1,4
MICA Ahmedabad,Ahmedabad,Gujarat,Private,1991,201.0,A+,50,395.0,0.5,258624.0,77517,True,70.5,11.86,46.75,252,1482.1,False,False,False,False,False,False,68.7,MICAT,200,35,Medium (1-5L),West,0,5
Government College of Physical Education Raipur,Raipur,Chhattisgarh,Government,1927,487.0,B,107,821.0,6.3,9311.0,46693,True,53.7,8.07,32.5,108,1544.0,True,True,True,False,True,True,35.5,Own Entrance,5189,99,Low (<1L),Central,5,1
Government Model College Thrissur,Thrissur,Kerala,Government,1892,18.0,A+,206,299.0,20.6,104522.0,133401,False,98.2,24.03,165.83,463,2323.8,False,False,True,True,True,True,63.9,GATE,6169,134,Medium (1-5L),South,4,5
St Johns Medical College,Bangalore,Karnataka,Private,1963,85.0,A+,236,1185.0,0.1,603951.0,23235,True,62.9,7.1,17.21,258,1430.8,False,True,True,True,False,False,15.2,NEET UG,150,63,High (>5L),South,3,5
Alappuzha Social Work Autonomous College,Alappuzha,Kerala,Autonomous,1986,158.0,B,60,469.0,13.7,92714.0,72508,True,29.7,4.21,11.18,166,355.8,True,True,True,True,False,True,14.6,MHT CET,6444,40,Low (<1L),South,5,1
Government College of Technology Bathinda,Bathinda,Punjab,Government,1944,228.0,A,71,299.0,25.6,55845.0,40403,False,78.5,12.49,73.37,226,1045.6,True,False,False,False,False,True,34.0,TS EAMCET,7663,82,Low (<1L),North,2,4
Jai Prakash Autonomous Institute Naharlagun,Naharlagun,Arunachal Pradesh,Autonomous,1896,,B++,229,1160.0,6.7,133068.0,177975,False,20.8,4.52,25.72,569,251.2,True,True,True,False,True,False,79.0,CUET,7724,130,Medium (1-5L),Northeast,4,3
Government Model College Amravati,Amravati,Maharashtra,Government,1946,362.0,B++,139,679.0,2.1,28068.0,39910,True,56.7,2.42,4.86,447,201.3,True,True,True,True,True,True,33.1,CAT,1393,80,Low (<1L),West,6,3
Prime College of Science Hubli,Hubli,Karnataka,Private,1964,120.0,B++,194,524.0,0.3,603155.0,133132,True,55.6,6.69,33.17,76,1460.6,False,True,False,False,False,True,24.4,Own Entrance,175,62,High (>5L),South,2,3
Sri Nehru Institute of Arts Vasco da Gama,Vasco da Gama,Goa,Private,1868,230.0,A,22,1170.0,1.3,391036.0,78546,True,55.9,9.29,58.21,621,1673.2,True,True,True,True,False,True,19.3,TS EAMCET,1561,158,Medium (1-5L),West,5,4
Autonomous College of Fashion Design Hubli,Hubli,Karnataka,Autonomous,1925,221.0,B++,194,1319.0,4.2,67052.0,36529,False,51.15,2.8,11.88,613,92.8,False,False,False,False,False,False,58.4,CLAT,5481,101,Low (<1L),South,0,3
Anand College of Physical Education,Anand,Gujarat,Private,1930,,A,169,779.0,5.1,668014.0,162447,False,77.4,11.95,81.13,349,1837.0,True,True,True,True,True,True,17.2,CLAT,4005,96,High (>5L),West,6,4
Institute of Hotel Management Mumbai,Mumbai,Maharashtra,Government,1970,93.0,A+,68,509.0,0.5,49400.0,60704,True,66.9,14.32,56.55,300,1109.0,True,False,False,False,False,False,11.6,NCHM JEE,250,56,Low (<1L),West,1,5
Radhakrishnan Deemed University Ahmedabad,Ahmedabad,Gujarat,Deemed,1945,200.0,B++,178,1423.0,3.0,469605.0,177023,False,52.4,7.51,34.33,162,296.2,True,False,False,True,True,False,73.2,University Entrance,4214,81,Medium (1-5L),West,3,3
Sapru Academy of Law Bhavnagar,Bhavnagar,Gujarat,Deemed,1876,166.0,A,11,697.0,3.2,95093.0,56305,True,53.6,5.82,20.08,683,146.4,True,False,False,True,True,True,29.7,CAT,2211,150,Low (<1L),West,4,4
Deemed Institute of Nursing Kurukshetra,Kurukshetra,Haryana,Deemed,1942,168.0,A,131,1145.0,4.7,489908.0,24474,True,57.8,9.47,44.71,379,98.7,True,False,False,False,False,True,74.5,State Level,5381,84,Medium (1-5L),North,2,4
Nehru Autonomous Institute Kannur,Kannur,Kerala,Autonomous,1935,176.0,A,80,437.0,8.4,146935.0,45641,True,46.5,5.3,35.19,203,1007.9,True,True,True,False,True,True,50.9,JEE Advanced,3675,91,Medium (1-5L),South,5,4
Government Medical Sciences College Berhampur,Berhampur,Odisha,Government,1904,268.0,A,138,1177.0,4.3,40732.0,46705,True,30.2,4.28,26.19,139,434.9,True,True,True,True,True,False,57.5,SRMJEEE,5094,122,Low (<1L),East,5,4
Autonomous College of Law Aizawl,Aizawl,Mizoram,Autonomous,1881,99.0,B,154,642.0,8.2,249836.0,120873,False,61.1,5.68,31.42,164,2439.1,False,False,False,False,True,False,25.3,UPSEE,5258,145,Medium (1-5L),Northeast,1,1
Academy of Law Patna,Patna,Bihar,Deemed,1942,,B++,66,491.0,9.5,297512.0,57485,True,45.7,4.07,14.1,699,1232.2,True,False,True,False,True,True,80.9,UPSEE,4666,84,Medium (1-5L),East,4,3
Aizawl Autonomous College of Technology,Aizawl,Mizoram,Autonomous,1868,444.0,A,212,454.0,1.6,98491.0,43936,True,45.5,3.25,17.68,194,2429.7,True,False,False,True,True,False,31.7,CLAT,741,158,Low (<1L),Northeast,3,4
State Institute of Homeopathy Dimapur,Dimapur,Nagaland,Government,1983,,B++,142,928.0,7.0,14807.0,110570,True,47.9,5.84,17.82,114,2277.8,True,False,False,False,True,True,32.8,UPSEE,6539,43,Low (<1L),Northeast,3,3
Government Veterinary Science College Hamirpur,Hamirpur,Himachal Pradesh,Government,1985,482.0,B++,230,215.0,15.9,46060.0,60255,False,58.1,3.46,7.66,375,2424.7,True,True,True,True,True,True,61.7,WBJEE,3408,41,Low (<1L),North,6,3
Global Academy of Social Work Imphal,Imphal,Manipur,Private,1912,170.0,A,118,278.0,11.8,707879.0,143346,True,60.5,7.22,25.11,569,837.9,True,False,True,False,False,False,84.1,COMEDK,3278,114,High (>5L),Other,2,4
Sri Bhagat Singh Institute of Science Haridwar,Haridwar,Uttarakhand,Private,1932,157.0,A+,129,1180.0,5.8,232039.0,30726,True,67.8,6.74,26.53,144,2346.5,False,True,False,False,True,True,5.8,TNEA,6870,94,Medium (1-5L),North,3,5
Autonomous College of Journalism Nainital,Nainital,Uttarakhand,Autonomous,1880,362.0,B+,63,1219.0,4.2,123346.0,65668,False,31.6,2.38,15.65,671,954.3,True,False,True,False,False,True,22.2,SRMJEEE,5123,146,Medium (1-5L),North,3,2
Government College of Pharmacy Margao,Margao,Goa,Government,1911,267.0,A,128,1469.0,0.8,32692.0,171948,True,71.9,3.02,15.85,680,,False,False,False,False,False,True,42.7,CAT,1204,115,Low (<1L),West,1,4
Sri Kalam Institute of Commerce Bellary,Bellary,Karnataka,Private,1858,167.0,A+,70,1292.0,2.5,591286.0,138150,True,72.4,11.93,34.98,211,500.3,False,False,False,False,False,False,9.4,GATE,3177,168,High (>5L),South,0,5
Shivaji Foundation Science College Imphal,Imphal,Manipur,Private,2017,92.0,A,76,507.0,12.5,1803293.0,94172,True,80.4,5.48,25.145,427,258.2,True,True,True,True,True,True,62.0,WBJEE,6339,9,High (>5L),Other,6,4
Government Model College Silchar,Silchar,Assam,Government,1993,218.0,B+,224,824.0,5.8,99818.0,24506,True,73.3,14.3,35.4,226,599.4,False,False,True,False,True,False,57.8,CUET,4777,33,Low (<1L),Northeast,2,2
State Institute of Engineering Jaipur,Jaipur,Rajasthan,Government,1899,,A++,221,1382.0,3.2,67074.0,157335,False,81.9,11.3,67.01,652,388.2,True,True,True,True,False,False,77.3,BITSAT,4467,127,Low (<1L),North,4,6
FLAME University,Pune,Maharashtra,Private,2015,,A,132,366.0,1.4,183728.0,105835,False,55.8,4.52,13.33,537,1168.1,True,False,True,False,True,True,74.8,FLAME Entrance,500,11,Medium (1-5L),West,4,4
Autonomous College of Agriculture Nainital,Nainital,Uttarakhand,Autonomous,1874,43.0,B+,231,363.0,12.1,314029.0,178899,False,88.5,10.18,36.54,137,265.3,False,True,False,False,False,True,59.5,CAT,4400,152,Medium (1-5L),North,2,2
Ramagundam Government Nursing College,Ramagundam,Telangana,Government,1975,92.0,A+,20,183.0,19.5,195603.0,59903,True,96.3,34.24,78.65,60,362.9,False,True,False,True,True,False,27.6,BITSAT,3570,51,Medium (1-5L),South,3,5
Government Polytechnic Dibrugarh,Dibrugarh,Assam,Government,1931,,A+,125,169.0,1.9,52899.0,91722,False,65.6,10.67,42.79,505,2241.6,True,False,True,True,True,True,79.2,State Level,318,95,Low (<1L),Northeast,5,5
Government Model College Agartala,Agartala,Tripura,Government,1852,280.0,B+,128,750.0,7.3,46367.0,179030,True,59.9,2.47,9.17,638,,True,False,False,False,True,True,1.4,CLAT,5463,174,Low (<1L),Northeast,3,2
Indian Institute of Management Indore,Indore,Madhya Pradesh,Government,1996,143.0,A++,97,64.0,8.6,65578.0,49555,False,70.5,11.38,26.8,334,331.7,True,True,True,True,False,True,73.3,CAT,550,30,Low (<1L),Central,5,6
Indian Institute of Technology Bhilai,Bhilai,Chhattisgarh,Government,2016,367.0,A,172,342.0,0.8,42727.0,70970,True,55.1,3.54,14.15,15,2231.9,True,False,True,False,False,False,73.3,JEE Advanced,260,10,Low (<1L),Central,2,4
Goa State Veterinary Science College Mapusa,Mapusa,Goa,Government,1977,,B+,17,372.0,5.1,60537.0,156460,False,67.7,9.09,25.6,93,1571.2,True,True,True,True,True,True,29.1,NATA,1886,49,Low (<1L),West,6,2
Ujjain College of Management,Ujjain,Madhya Pradesh,Private,1854,410.0,B++,186,1116.0,3.9,130900.0,22996,True,37.8,3.38,6.98,516,2468.0,True,False,False,False,True,False,83.3,KCET,4361,172,Medium (1-5L),Central,2,3
Bhavnagar Government Social Work College,Bhavnagar,Gujarat,Government,1870,29.0,A+,149,1164.0,1.8,126948.0,164757,True,96.5,14.39,58.63,146,2183.0,False,False,True,False,True,False,33.3,NEET UG,2092,156,Medium (1-5L),West,2,5
Bhubaneswar Institute of Information Technology (Deemed),Bhubaneswar,Odisha,Deemed,1965,,A,35,560.0,13.6,160420.0,148799,True,51.0,4.96,24.42,636,2457.3,True,True,True,True,False,True,82.8,CAT,7604,61,Medium (1-5L),East,5,4
Mahatma Gandhi Deemed University Kharagpur,Kharagpur,West Bengal,Deemed,1931,,B++,73,722.0,4.4,565529.0,96177,False,74.6,4.14,21.98,20,71.7,True,True,True,True,True,True,28.3,NEET UG,3209,95,High (>5L),East,6,3
Raman Autonomous Institute Baramulla,Baramulla,J&K,Autonomous,1901,16.0,B++,193,1050.0,1.2,124445.0,141451,True,90.1,9.21,34.06,141,636.7,False,True,False,True,False,True,17.1,CLAT,1254,125,Medium (1-5L),Other,3,3
Sri Usha Institute of Technology Vellore,Vellore,Tamil Nadu,Private,1942,205.0,B++,84,1426.0,1.6,201227.0,127406,False,47.9,2.57,8.67,482,153.8,True,True,False,True,True,True,15.5,BITSAT,2265,84,Medium (1-5L),South,5,3
Autonomous College of Nursing Kalyani,Kalyani,West Bengal,Autonomous,1981,9.0,A,86,260.0,20.8,457592.0,73520,True,79.6,6.26,34.23,369,84.0,True,False,False,True,True,True,69.3,CLAT,5412,45,Medium (1-5L),East,4,4
Kolkata Autonomous College of Education,Kolkata,West Bengal,Autonomous,1903,287.0,B,162,429.0,0.5,82284.0,88079,True,47.6,2.6,18.14,181,105.5,False,False,False,False,True,False,26.0,UPSEE,230,123,Low (<1L),East,1,1
Global Academy of Management Bhavnagar,Bhavnagar,Gujarat,Private,1864,,B++,192,803.0,8.5,261043.0,94706,True,61.1,5.48,25.145,463,1493.6,True,True,False,False,False,False,39.1,VITEEE,6834,162,Medium (1-5L),West,2,3
Government College of Dental Sciences Aligarh,Aligarh,Uttar Pradesh,Government,1922,80.0,B++,36,660.0,11.9,79599.0,48172,True,78.8,5.32,20.48,271,954.8,True,True,True,True,True,False,46.2,Own Entrance,7878,104,Low (<1L),North,5,3
Academy of Social Work Chandigarh,Chandigarh,Chandigarh,Deemed,1960,203.0,A,156,1263.0,4.9,320674.0,99580,True,53.4,7.13,48.97,110,355.1,True,True,True,True,False,False,79.9,NATA,6198,66,Medium (1-5L),North,4,4
District Fine Arts College Bhopal,Bhopal,Madhya Pradesh,Government,1981,31.0,A+,17,265.0,8.0,261206.0,111048,True,87.0,22.36,67.9,79,1647.4,True,True,True,True,True,True,69.9,CAT,2121,45,Medium (1-5L),Central,6,5
Chandigarh Law Autonomous College,Chandigarh,Chandigarh,Autonomous,1865,,A+,179,709.0,4.6,224510.0,29993,True,76.8,17.6,37.91,286,2175.7,True,True,True,True,True,True,44.7,State Level,3240,161,Medium (1-5L),North,6,5
Academy of Education Howrah,Howrah,West Bengal,Deemed,1987,72.0,A,154,847.0,4.5,309813.0,174022,True,86.1,12.12,52.01,193,425.5,True,True,True,True,True,True,36.8,CLAT,3776,39,Medium (1-5L),East,6,4
Global Academy of Engineering Sambalpur,Sambalpur,Odisha,Private,1962,4.0,B++,73,1217.0,3.7,700735.0,78545,True,94.3,18.91,101.28,415,424.3,True,False,True,True,True,True,71.8,NATA,4514,64,High (>5L),East,5,3
Bose Deemed University Gaya,Gaya,Bihar,Deemed,1943,93.0,A+,127,184.0,30.0,391820.0,76223,True,75.5,18.86,118.72,14,969.0,False,False,True,True,False,False,79.1,NEET UG,5520,83,Medium (1-5L),East,2,5
Aryabhatta Autonomous Institute Jammu,Jammu,Jammu & Kashmir,Autonomous,1953,,B++,143,1472.0,2.7,163433.0,143324,True,46.8,3.51,21.87,132,2353.7,True,True,True,True,True,True,51.4,SRMJEEE,3913,73,Medium (1-5L),North,6,3
Kamla Nehru Deemed University Haldwani,Haldwani,Uttarakhand,Deemed,1987,,B++,208,754.0,9.7,534295.0,110127,True,58.7,5.32,36.29,437,2177.3,False,True,False,False,False,False,39.0,VITEEE,7316,39,High (>5L),North,1,3
Autonomous College of Ayurveda Vellore,Vellore,Tamil Nadu,Autonomous,1961,162.0,A+,52,229.0,2.4,123346.0,110495,True,63.2,8.29,29.66,356,643.0,True,True,True,True,True,True,74.5,JEE Main,560,65,Medium (1-5L),South,6,5
Mapusa Government Information Technology College,Mapusa,Goa,Government,1888,379.0,B++,31,876.0,4.7,37443.0,33718,True,41.0,3.63,7.48,440,2101.2,False,False,False,True,False,False,27.0,CUET,4101,138,Low (<1L),West,1,3
Government Polytechnic Thane,Thane,Maharashtra,Government,1992,,A++,164,467.0,1.1,68621.0,127630,False,72.6,14.55,34.72,264,2379.2,False,False,False,True,True,True,32.8,JEE Advanced,529,34,Low (<1L),West,3,6
District Homeopathy College Gandhinagar,Gandhinagar,Gujarat,Government,1854,151.0,B+,106,624.0,11.9,65672.0,92115,True,78.2,6.18,42.62,211,1481.2,False,False,True,True,False,True,26.0,COMEDK,7401,172,Low (<1L),West,3,2
Sri Rani Institute of Veterinary Science Kannur,Kannur,Kerala,Private,2001,300.0,B+,48,1188.0,5.8,245461.0,161658,True,37.8,3.93,22.57,366,2009.5,False,True,True,False,False,False,29.3,VITEEE,6834,25,Medium (1-5L),South,2,2
Prime College of Applied Sciences Imphal,Imphal,Manipur,Private,2002,262.0,B+,106,812.0,3.3,341477.0,113320,True,38.8,3.33,13.69,461,2011.4,True,True,False,True,False,True,82.0,BITSAT,2644,24,Medium (1-5L),Other,4,2
Government Applied Sciences College Sambalpur,Sambalpur,Odisha,Government,1936,53.0,A+,99,782.0,4.3,28061.0,117165,True,85.0,6.03,30.83,264,394.4,False,True,True,False,True,True,79.5,VITEEE,3381,90,Low (<1L),East,4,5
Guru Gobind Singh Institute of Fine Arts Kolkata,Kolkata,West Bengal,Private,1880,243.0,A+,220,961.0,1.4,569970.0,53116,True,61.4,9.64,66.01,13,2078.7,False,True,True,True,False,True,49.3,COMEDK,1327,146,High (>5L),East,4,5
District Nursing College Nizamabad,Nizamabad,Telangana,Government,1972,184.0,A,92,885.0,6.7,28537.0,148683,False,80.2,7.02,38.01,593,180.8,True,True,False,True,False,False,83.8,COMEDK,5905,54,Low (<1L),South,3,4
District Commerce College Alappuzha,Alappuzha,Kerala,Government,1953,146.0,A+,240,1379.0,0.2,16047.0,144888,False,65.5,5.43,18.84,291,279.9,True,False,True,True,False,True,19.7,WBJEE,272,73,Low (<1L),South,4,5
Vellore Institute of Technology,Vellore,Tamil Nadu,Private,1984,57.0,A++,147,1356.0,3.7,649956.0,167053,True,81.3,10.55,53.47,36,1523.3,False,False,False,True,False,False,56.3,VITEEE,5000,42,High (>5L),South,1,6
Naharlagun Management Autonomous College,Naharlagun,Arunachal Pradesh,Autonomous,1912,,B++,246,100.0,77.9,123346.0,75738,True,30.0,2.22,10.4,642,238.0,True,True,True,True,True,True,66.9,JEE Advanced,7792,114,Medium (1-5L),Northeast,6,3
Government Agriculture College Anantnag,Anantnag,Jammu & Kashmir,Government,1904,225.0,B+,210,1032.0,7.5,46534.0,152621,True,63.1,8.07,32.5,430,1362.2,False,False,True,False,False,False,82.0,NATA,7734,122,Low (<1L),North,1,2
Amrita Autonomous Institute Ahmedabad,Ahmedabad,Gujarat,Autonomous,1883,87.0,B+,76,1154.0,3.0,129385.0,136228,True,84.0,6.75,16.79,208,1638.5,True,False,True,False,True,True,62.9,NEET UG,3497,143,Medium (1-5L),West,4,2
Government College of Architecture Dibrugarh,Dibrugarh,Assam,Government,1893,,B++,75,1441.0,3.9,14280.0,162826,False,30.7,4.85,33.17,284,77.2,True,False,False,False,True,True,5.4,Own Entrance,5615,133,Low (<1L),Northeast,3,3
Indian Institute of Technology Jodhpur,Jodhpur,Rajasthan,Government,2008,354.0,A,226,610.0,0.7,25000.0,79662,True,37.8,4.64,18.52,81,2417.3,True,True,True,True,False,True,24.4,JEE Advanced,400,18,Low (<1L),North,5,4
Sardar University Namchi,Namchi,Sikkim,Private,1877,162.0,A,173,360.0,15.0,257454.0,128034,False,26.7,2.76,13.13,403,2342.9,True,True,True,True,True,True,37.3,COMEDK,5403,149,Medium (1-5L),Northeast,6,4
Government Polytechnic Kolhapur,Kolhapur,Maharashtra,Government,1936,75.0,B,107,1402.0,2.6,46446.0,109935,True,88.0,13.17,88.3,397,1527.8,False,False,False,False,False,False,82.9,Own Entrance,3578,90,Low (<1L),West,0,1
Government Model College Ramagundam,Ramagundam,Telangana,Government,1862,97.0,A,115,1052.0,2.0,276897.0,140321,True,96.0,19.42,41.68,24,202.7,True,False,False,False,False,False,70.9,TNEA,2120,164,Medium (1-5L),South,1,4
Jammu & Kashmir State Dental Sciences College Srinagar,Srinagar,J&K,Government,1941,436.0,B,7,75.0,21.8,25419.0,61882,True,63.3,2.89,20.17,311,219.8,False,True,False,False,False,False,53.1,State Level,1638,85,Low (<1L),Other,1,1
Bangalore Veterinary Science Autonomous College,Bangalore,Karnataka,Autonomous,1921,,B,218,645.0,1.4,44415.0,117853,False,49.8,4.67,14.82,522,1802.2,True,True,True,True,False,True,21.8,CUET,902,105,Low (<1L),South,5,1
Delhi Government Education College,Delhi,Delhi,Government,1978,158.0,A,250,82.0,1.6,26890.0,23810,True,33.7,2.79,12.52,204,1627.6,True,True,True,False,True,True,49.0,GATE,128,48,Low (<1L),North,5,4
Indian Institute of Technology Mandi,Mandi,Himachal Pradesh,Government,2009,,A,163,872.0,0.4,18767.0,85412,True,53.3,3.41,16.37,168,2314.6,True,False,True,False,False,False,20.9,JEE Advanced,350,17,Low (<1L),North,2,4
Vivekananda University Aizawl,Aizawl,Mizoram,Private,1897,71.0,B,132,1381.0,4.1,539762.0,147114,False,57.2,8.65,36.3,62,113.1,True,True,True,True,True,True,83.7,UPSEE,5711,129,High (>5L),Northeast,6,1
Global Academy of Pharmacy Dehradun,Dehradun,Uttarakhand,Private,1882,57.0,A,247,410.0,9.7,637334.0,110665,True,95.8,20.36,59.62,77,1394.3,True,False,False,False,False,True,70.4,KCET,3978,144,High (>5L),North,2,4
Modern Institute of Technology Imphal,Imphal,Manipur,Private,1929,205.0,A,201,671.0,5.3,713832.0,136154,True,64.2,11.14,54.1,336,2412.0,False,False,True,False,True,False,17.2,TNEA,3530,97,High (>5L),Other,2,4
Rani University Sonipat,Sonipat,Haryana,Private,1980,189.0,A,27,1022.0,4.7,350541.0,56321,True,77.7,8.2,42.53,46,1372.5,True,False,False,True,True,True,13.0,University Entrance,4761,46,Medium (1-5L),North,4,4
Academy of Engineering Imphal,Imphal,Manipur,Deemed,1875,157.0,A,44,41.0,163.4,273264.0,164596,True,50.2,5.52,20.75,406,2059.8,True,True,True,False,True,False,51.0,AP EAMCET,6699,151,Medium (1-5L),Other,4,4
Sapru College of Pharmacy and Research Mandi,Mandi,Himachal Pradesh,Private,1891,90.0,A,213,398.0,6.8,2293588.0,78432,True,97.3,5.48,25.145,100,84.6,True,True,False,True,True,True,14.5,WBJEE,2701,135,High (>5L),North,5,4
Puducherry Law Autonomous College,Puducherry,Puducherry,Autonomous,2007,183.0,A,226,750.0,8.9,228069.0,107161,True,55.8,5.84,40.07,140,1043.7,False,True,True,True,True,True,65.4,TS EAMCET,6701,19,Medium (1-5L),South,5,4
Autonomous College of Medical Sciences Shimla,Shimla,Himachal Pradesh,Autonomous,2020,261.0,B++,120,879.0,1.8,84212.0,120471,True,41.6,3.61,8.82,698,65.9,True,True,False,False,True,True,58.3,CUET,1547,6,Low (<1L),North,4,3
Ramanujan University Darbhanga,Darbhanga,Bihar,Private,1863,151.0,B++,5,1374.0,5.6,474632.0,74733,False,63.8,11.19,40.12,75,2456.6,True,False,False,False,False,True,8.4,BITSAT,7737,163,Medium (1-5L),East,2,3
Government College of Arts Naharlagun,Naharlagun,Arunachal Pradesh,Government,1899,,B++,178,1132.0,3.8,18808.0,151352,False,52.4,3.42,21.5,609,1563.6,True,True,True,False,False,False,1.4,TS EAMCET,4293,127,Low (<1L),Northeast,3,3
Government Model College Puri,Puri,Odisha,Government,1916,,B++,120,435.0,2.7,54015.0,143495,True,82.5,7.83,20.14,289,1647.4,False,True,True,True,True,True,1.5,JEE Main,1158,110,Low (<1L),East,5,3
Chandigarh Institute of Technology (Deemed),Chandigarh,Chandigarh,Deemed,1871,500.0,B+,249,1307.0,0.2,223909.0,112963,True,43.8,4.8,16.23,538,2197.2,True,True,False,True,True,True,37.6,UPSEE,227,155,Medium (1-5L),North,5,2
Deemed Institute of Management Srinagar,Srinagar,Jammu & Kashmir,Deemed,1963,247.0,A,243,136.0,37.4,465674.0,136088,True,63.3,5.82,25.11,278,1270.5,True,False,True,True,False,True,50.2,UPSEE,5087,63,Medium (1-5L),North,4,4
Global Academy of Information Technology Phagwara,Phagwara,Punjab,Private,1885,235.0,A,200,912.0,4.6,392263.0,104875,False,56.0,5.07,19.27,403,669.9,True,True,True,True,True,True,82.3,TNEA,4229,141,Medium (1-5L),North,6,4
Meera University Baramulla,Baramulla,Jammu & Kashmir,Private,1898,157.0,B+,123,779.0,4.8,244773.0,112509,False,66.1,11.04,39.99,485,1131.5,False,False,True,False,False,False,12.9,NATA,4870,128,Medium (1-5L),North,1,2
Imphal Government Arts College,Imphal,Manipur,Government,1850,,B+,144,554.0,9.1,32679.0,161259,True,64.5,5.01,16.87,514,1465.5,True,False,True,False,True,False,52.2,TS EAMCET,5032,176,Low (<1L),Other,3,2
Arunachal Pradesh State Medical Sciences College Naharlagun,Naharlagun,Arunachal Pradesh,Government,1853,487.0,A,79,1369.0,1.9,16033.0,87687,False,30.9,5.1,27.67,108,1013.0,True,True,True,True,True,True,19.1,KCET,2617,173,Low (<1L),Northeast,6,4
Government Model College New Delhi,New Delhi,Delhi,Government,1916,206.0,B+,209,1114.0,1.5,51491.0,173232,True,68.5,14.21,28.52,82,1263.3,False,True,True,False,True,True,74.7,Own Entrance,1640,110,Low (<1L),North,4,2
Kamla Nehru Autonomous Institute Jorhat,Jorhat,Assam,Autonomous,2002,,A,223,665.0,9.1,149410.0,68517,True,81.1,14.41,63.17,254,427.2,True,False,True,False,False,False,58.2,KCET,6071,24,Medium (1-5L),Northeast,2,4
Nizamabad Institute of Nursing (Deemed),Nizamabad,Telangana,Deemed,1896,,A+,246,809.0,7.3,354440.0,45885,False,59.1,6.18,22.38,133,131.6,True,True,True,True,True,False,21.1,JEE Main,5903,130,Medium (1-5L),South,5,5
Chandigarh College of Commerce,Chandigarh,Chandigarh,Private,1974,373.0,B++,136,779.0,4.8,241968.0,136706,True,40.1,3.39,12.11,535,1683.6,False,False,False,False,True,True,52.9,TNEA,1501,52,Medium (1-5L),North,2,3
Chitkara University,Rajpura,Punjab,Private,2010,54.0,A+,122,1315.0,1.5,449183.0,98944,True,58.3,5.91,30.7,74,278.9,True,True,True,True,True,True,77.0,Chitkara UG,2000,16,Medium (1-5L),North,6,5
Tilak College of Education and Research Indore,Indore,Madhya Pradesh,Private,1898,184.0,B+,91,665.0,11.3,359073.0,174526,False,74.9,8.16,56.94,16,1625.5,True,True,True,True,True,True,1.3,BITSAT,7522,128,Medium (1-5L),Central,6,2
Government Fashion Design College Thrissur,Thrissur,Kerala,Government,1993,,A+,167,684.0,1.3,298716.0,109602,True,97.9,28.04,88.53,128,1113.4,True,False,False,True,False,False,50.3,State Level,908,33,Medium (1-5L),South,2,5
State Institute of Agriculture Anantnag,Anantnag,Jammu & Kashmir,Government,1987,110.0,A+,51,695.0,11.4,93764.0,122315,True,66.5,9.35,58.17,357,1198.3,False,True,True,True,True,True,41.1,MHT CET,7917,39,Low (<1L),North,5,5
Subhas Foundation Information Technology College New Delhi,New Delhi,Delhi,Private,1980,209.0,A+,18,973.0,2.8,719869.0,165129,True,68.6,5.74,24.81,509,147.5,True,False,True,False,False,True,72.9,NEET UG,2676,46,High (>5L),North,3,5
Vidyasagar University Howrah,Howrah,West Bengal,Private,1981,91.0,A+,126,1463.0,2.8,378116.0,94369,True,80.6,27.04,143.99,473,898.2,False,True,False,True,True,False,43.7,CUET,4126,45,Medium (1-5L),East,3,5
Udaipur Fine Arts Autonomous College,Udaipur,Rajasthan,Autonomous,1943,,B++,57,339.0,21.1,60893.0,139524,False,20.9,3.82,21.9,62,10.8,True,True,True,True,True,True,7.2,University Entrance,7147,83,Low (<1L),North,6,3
Academy of Nursing Rajahmundry,Rajahmundry,Andhra Pradesh,Deemed,2002,,B+,224,945.0,5.0,1182083.0,103320,True,92.8,10.33,55.47,213,15.6,True,False,False,True,True,True,40.9,NATA,4743,24,High (>5L),South,4,2
Puducherry Autonomous College of Medical Sciences,Puducherry,Puducherry,Autonomous,1946,252.0,B++,92,578.0,13.1,86691.0,169501,True,37.8,3.89,19.55,86,94.3,True,True,True,True,True,True,33.3,JEE Advanced,7562,80,Low (<1L),South,6,3
Arunachal Pradesh State Technology College Naharlagun,Naharlagun,Arunachal Pradesh,Government,1912,79.0,B,63,103.0,10.4,65047.0,21911,True,70.5,10.46,72.26,331,1035.9,True,True,False,True,True,True,80.8,Own Entrance,1075,114,Low (<1L),Northeast,5,1
Faculty of Management Studies Delhi,New Delhi,Delhi,Government,1954,224.0,A++,142,791.5,4.1,51368.0,41914,True,72.1,10.11,30.49,344,,True,True,True,True,True,True,54.3,CAT,220,72,Low (<1L),North,6,6
State Institute of Management Nizamabad,Nizamabad,Telangana,Government,2011,228.0,B++,47,474.0,0.6,66023.0,133351,False,67.4,10.12,61.32,204,,False,False,False,False,True,False,41.6,WBJEE,304,15,Low (<1L),South,1,3
Kannur College of Law,Kannur,Kerala,Private,1877,54.0,A,29,1114.0,5.4,583894.0,76221,True,77.1,7.81,48.65,253,1997.4,True,True,True,True,True,True,38.6,GATE,6031,149,High (>5L),South,6,4
